사고번호,사고일시,요일,시군구,사고내용,사망자수,중상자수,경상자수,부상신고자수,사고유형,법규위반,노면상태,기상상태,도로형태,가해운전자 차종,가해운전자 성별,가해운전자 연령,가해운전자 상해정도,피해운전자 차종,피해운전자 성별,피해운전자 연령,피해운전자 상해정도
2022010100100007,2022년 1월 1일 00시,토요일,전라북도 전주시 덕진구 고랑동,중상사고,0,1,0,0,차대차 - 측면충돌,신호위반,건조,맑음,교차로 - 교차로안,승용,남,40세,상해없음,승용,여,60세,중상
2022010100100074,2022년 1월 1일 10시,토요일,전라북도 군산시 미룡동,중상사고,0,1,0,0,차대차 - 정면충돌,안전운전불이행,건조,맑음,교차로 - 교차로안,승용,남,85세,상해없음,이륜,여,59세,중상
2022010100100090,2022년 1월 1일 11시,토요일,전라북도 익산시 신동,경상사고,0,0,1,0,차대차 - 측면충돌,차로위반,건조,맑음,단일로 - 기타,승용,여,22세,상해없음,승용,남,36세,경상
2022010100100159,2022년 1월 1일 14시,토요일,전라북도 전주시 덕진구 덕진동1가,사망사고,1,0,0,0,차대차 - 추돌,안전운전불이행,건조,맑음,단일로 - 기타,원동기,남,24세,사망,승용,여,38세,상해없음
2022010100100181,2022년 1월 1일 15시,토요일,전라북도 전주시 완산구 효자동3가,경상사고,0,0,1,0,차대차 - 측면충돌,안전운전불이행,건조,맑음,교차로 - 교차로안,승용,남,64세,상해없음,승용,남,31세,경상
2022010100100182,2022년 1월 1일 15시,토요일,전라북도 전주시 완산구 효자동1가,경상사고,0,0,1,0,차대차 - 기타,안전운전불이행,건조,맑음,단일로 - 기타,이륜,남,24세,상해없음,승합,남,54세,상해없음
2022010100100209,2022년 1월 1일 16시,토요일,전라북도 익산시 춘포면,경상사고,0,0,1,0,차대사람 - 차도통행중,안전운전불이행,건조,맑음,단일로 - 기타,승용,남,59세,상해없음,보행자,남,62세,경상
2022010100100232,2022년 1월 1일 17시,토요일,전라북도 익산시 모현동2가,경상사고,0,0,1,0,차대차 - 측면충돌,안전운전불이행,건조,맑음,교차로 - 교차로안,승용,남,60세,상해없음,자전거,남,19세,경상
2022010100100365,2022년 1월 1일 21시,토요일,전라북도 전주시 완산구 동서학동,경상사고,0,0,2,0,차대차 - 기타,안전운전불이행,건조,맑음,교차로 - 교차로부근,승용,여,57세,상해없음,승용,남,51세,경상
2022010200100005,2022년 1월 2일 00시,일요일,전라북도 익산시 남중동,경상사고,0,0,1,0,차대사람 - 횡단중,안전운전불이행,건조,맑음,단일로 - 기타,승용,남,44세,상해없음,보행자,남,65세,경상
2022010200100109,2022년 1월 2일 13시,일요일,전라북도 전주시 덕진구 팔복동3가,경상사고,0,0,1,0,차대차 - 기타,신호위반,건조,맑음,교차로 - 교차로부근,승용,남,58세,상해없음,승용,남,37세,경상
2022010200100110,2022년 1월 2일 13시,일요일,전라북도 전주시 덕진구 인후동1가,경상사고,0,0,2,0,차대차 - 기타,신호위반,건조,맑음,교차로 - 교차로안,승용,남,81세,상해없음,승용,여,62세,경상
2022010200100141,2022년 1월 2일 14시,일요일,전라북도 전주시 덕진구 덕진동2가,경상사고,0,0,2,0,차대차 - 추돌,안전운전불이행,건조,맑음,교차로 - 교차로부근,승합,남,47세,상해없음,승용,여,54세,경상
2022010200100142,2022년 1월 2일 14시,일요일,전라북도 정읍시 용계동,중상사고,0,1,1,0,차대차 - 추돌,안전운전불이행,건조,맑음,교차로 - 교차로부근,승용,남,70세,상해없음,화물,남,51세,경상
2022010200100181,2022년 1월 2일 15시,일요일,전라북도 김제시 만경읍,중상사고,0,1,2,1,차대차 - 기타,신호위반,건조,맑음,교차로 - 교차로안,승용,남,44세,상해없음,승용,남,57세,상해없음
2022010200100207,2022년 1월 2일 16시,일요일,전라북도 정읍시 연지동,경상사고,0,0,2,0,차대차 - 기타,신호위반,건조,맑음,교차로 - 교차로안,승용,여,61세,상해없음,승용,남,30세,경상
2022010200100297,2022년 1월 2일 19시,일요일,전라북도 익산시 어양동,경상사고,0,0,2,0,차대차 - 측면충돌,중앙선침범,건조,맑음,단일로 - 기타,승용,남,50세,상해없음,승용,남,47세,상해없음
2022010200100298,2022년 1월 2일 19시,일요일,전라북도 순창군 순창읍,경상사고,0,0,1,0,차대차 - 측면충돌,안전운전불이행,건조,맑음,교차로 - 교차로부근,특수,남,34세,상해없음,자전거,남,50세,경상
2022010200100335,2022년 1월 2일 20시,일요일,전라북도 전주시 완산구 효자동3가,경상사고,0,0,1,0,차대차 - 기타,안전운전불이행,건조,맑음,교차로 - 교차로안,기타불명,기타불명,미분류,기타불명,승용,남,46세,경상
2022010200100336,2022년 1월 2일 20시,일요일,전라북도 정읍시 수성동,경상사고,0,0,1,0,차대차 - 측면충돌,안전운전불이행,건조,맑음,교차로 - 교차로안,승용,여,24세,상해없음,승용,남,23세,경상
2022010200100372,2022년 1월 2일 21시,일요일,전라북도 정읍시 시기동,경상사고,0,0,1,0,차대사람 - 길가장자리구역통행중,안전운전불이행,건조,맑음,단일로 - 기타,승용,남,54세,상해없음,보행자,여,61세,경상
2022010300100067,2022년 1월 3일 07시,월요일,전라북도 군산시 삼학동,경상사고,0,0,1,0,차대차 - 기타,안전운전불이행,건조,흐림,교차로 - 교차로안,승용,남,58세,상해없음,자전거,남,71세,경상
2022010300100068,2022년 1월 3일 07시,월요일,전라북도 정읍시 북면,경상사고,0,0,1,0,차대차 - 기타,기타,건조,맑음,단일로 - 기타,기타불명,기타불명,미분류,기타불명,승용,여,54세,경상
2022010300100140,2022년 1월 3일 09시,월요일,전라북도 전주시 덕진구 호성동1가,경상사고,0,0,1,0,차대차 - 추돌,안전운전불이행,건조,맑음,교차로 - 교차로부근,화물,남,23세,상해없음,승용,남,52세,경상
2022010300100197,2022년 1월 3일 11시,월요일,전라북도 전주시 완산구 효자동2가,중상사고,0,1,0,0,차대사람 - 횡단중,안전운전불이행,건조,맑음,교차로 - 교차로안,승용,남,23세,상해없음,보행자,여,65세,중상
2022010300100265,2022년 1월 3일 13시,월요일,전라북도 전주시 완산구 서신동,경상사고,0,0,1,0,차대차 - 추돌,안전거리미확보,건조,맑음,단일로 - 기타,승용,남,51세,상해없음,승용,남,36세,경상
2022010300100266,2022년 1월 3일 13시,월요일,전라북도 무주군 안성면,중상사고,0,2,0,0,차대차 - 추돌,기타,건조,맑음,단일로 - 기타,화물,남,63세,상해없음,승용,남,29세,중상
2022010300100307,2022년 1월 3일 14시,월요일,전라북도 전주시 덕진구 진북동,경상사고,0,0,1,0,차대사람 - 길가장자리구역통행중,중앙선침범,건조,맑음,단일로 - 기타,승용,남,42세,상해없음,보행자,여,50세,경상
2022010300100339,2022년 1월 3일 15시,월요일,전라북도 군산시 미장동,중상사고,0,1,0,0,차대차 - 정면충돌,안전운전불이행,건조,맑음,교차로 - 교차로안,승용,여,27세,상해없음,이륜,남,23세,중상
2022010300100476,2022년 1월 3일 18시,월요일,전라북도 전주시 완산구 평화동1가,경상사고,0,0,1,0,차대차 - 추돌,안전운전불이행,건조,흐림,교차로 - 교차로부근,승용,남,62세,상해없음,승용,여,42세,경상
2022010300100477,2022년 1월 3일 18시,월요일,전라북도 전주시 덕진구 인후동1가,경상사고,0,0,4,0,차대차 - 정면충돌,안전운전불이행,건조,맑음,교차로 - 교차로부근,승용,남,47세,상해없음,승용,남,65세,경상
2022010300100576,2022년 1월 3일 20시,월요일,전라북도 장수군 장계면,경상사고,0,0,1,0,차대사람 - 길가장자리구역통행중,안전운전불이행,건조,맑음,단일로 - 기타,승용,남,51세,기타불명,보행자,여,26세,경상
2022010300100639,2022년 1월 3일 22시,월요일,전라북도 익산시 중앙동1가,경상사고,0,0,2,0,차대차 - 추돌,안전운전불이행,건조,맑음,교차로 - 교차로부근,승용,남,56세,상해없음,승합,남,61세,경상
2022010300100649,2022년 1월 3일 23시,월요일,전라북도 전주시 덕진구 우아동3가,경상사고,0,0,1,0,차대차 - 추돌,안전운전불이행,건조,맑음,교차로 - 교차로부근,승용,남,41세,상해없음,승용,여,61세,경상
2022010400100013,2022년 1월 4일 05시,화요일,전라북도 전주시 완산구 평화동2가,중상사고,0,1,0,0,차대사람 - 횡단중,안전운전불이행,적설,눈,단일로 - 기타,승용,남,48세,상해없음,보행자,여,53세,중상
2022010400100046,2022년 1월 4일 07시,화요일,전라북도 전주시 덕진구 용정동,경상사고,0,0,1,0,차대차 - 기타,차로위반,건조,맑음,단일로 - 기타,화물,남,56세,상해없음,화물,남,38세,경상
2022010400100084,2022년 1월 4일 08시,화요일,전라북도 군산시 나운동,경상사고,0,0,5,0,차대차 - 추돌,안전거리미확보,건조,맑음,단일로 - 기타,승용,남,60세,경상,승용,남,66세,경상
2022010400100085,2022년 1월 4일 08시,화요일,전라북도 익산시 모현동1가,경상사고,0,0,1,0,차대차 - 측면충돌,안전운전불이행,건조,맑음,단일로 - 기타,특수,남,45세,상해없음,화물,남,48세,경상
2022010400100231,2022년 1월 4일 13시,화요일,전라북도 군산시 수송동,경상사고,0,0,1,0,차대차 - 측면충돌,안전운전불이행,건조,맑음,교차로 - 교차로부근,승용,여,59세,상해없음,승용,여,49세,경상
2022010400100269,2022년 1월 4일 14시,화요일,전라북도 무주군 적상면,경상사고,0,0,2,0,차대차 - 측면충돌,안전운전불이행,젖음/습기,비,단일로 - 지하차도(도로)내,승용,남,55세,상해없음,승용,여,29세,경상
2022010400100370,2022년 1월 4일 17시,화요일,전라북도 전주시 덕진구 인후동2가,경상사고,0,0,1,0,차대차 - 후진중충돌,안전운전불이행,건조,맑음,단일로 - 기타,승용,남,54세,상해없음,자전거,남,63세,경상
2022010400100405,2022년 1월 4일 18시,화요일,전라북도 전주시 덕진구 장동,경상사고,0,0,1,0,차대차 - 측면충돌,안전거리미확보,건조,맑음,단일로 - 기타,승용,여,34세,상해없음,승용,여,34세,경상
2022010400100406,2022년 1월 4일 18시,화요일,전라북도 군산시 조촌동,경상사고,0,0,2,0,차대차 - 추돌,안전거리미확보,건조,맑음,단일로 - 기타,승용,남,59세,상해없음,승용,남,83세,상해없음
2022010400100506,2022년 1월 4일 21시,화요일,전라북도 전주시 덕진구 덕진동1가,경상사고,0,0,2,0,차대차 - 추돌,안전운전불이행,건조,맑음,교차로 - 교차로부근,승용,남,32세,상해없음,승용,남,29세,경상
2022010500100018,2022년 1월 5일 05시,수요일,전라북도 전주시 덕진구 우아동3가,중상사고,0,1,0,0,차대사람 - 횡단중,안전운전불이행,건조,맑음,교차로 - 교차로안,승용,남,60세,상해없음,보행자,여,19세,중상
2022010500100069,2022년 1월 5일 08시,수요일,전라북도 익산시 월성동,경상사고,0,0,1,0,차대차 - 측면충돌,안전운전불이행,건조,맑음,단일로 - 기타,건설기계,남,49세,상해없음,승용,여,64세,경상
2022010500100070,2022년 1월 5일 08시,수요일,전라북도 익산시 팔봉동,경상사고,0,0,1,0,차대차 - 기타,직진우회전진행방해,건조,맑음,교차로 - 교차로안,승용,남,54세,상해없음,승용,남,30세,경상
2022010500100096,2022년 1월 5일 09시,수요일,전라북도 군산시 임피면,경상사고,0,0,2,0,차대차 - 기타,직진우회전진행방해,건조,맑음,교차로 - 교차로안,화물,남,67세,경상,승용,여,57세,경상
2022010500100183,2022년 1월 5일 13시,수요일,전라북도 전주시 완산구 색장동,경상사고,0,0,1,0,차대차 - 추돌,안전운전불이행,건조,맑음,교차로 - 교차로부근,승용,남,51세,상해없음,특수,남,56세,경상
2022010500100184,2022년 1월 5일 13시,수요일,전라북도 군산시 미룡동,경상사고,0,0,2,0,차대차 - 측면충돌,중앙선침범,건조,맑음,단일로 - 기타,승용,여,60세,상해없음,승용,남,59세,경상
2022010500100185,2022년 1월 5일 13시,수요일,전라북도 익산시 중앙동2가,경상사고,0,0,1,0,차대사람 - 기타,안전운전불이행,건조,맑음,교차로 - 교차로안,승용,남,64세,상해없음,보행자,남,48세,경상
2022010500100205,2022년 1월 5일 14시,수요일,전라북도 전주시 완산구 삼천동1가,중상사고,0,1,0,0,차대사람 - 기타,안전운전불이행,건조,맑음,주차장 - 주차장,승용,남,50세,상해없음,보행자,남,43세,중상
2022010500100206,2022년 1월 5일 14시,수요일,전라북도 남원시 도통동,경상사고,0,0,1,0,차대차 - 측면충돌,중앙선침범,기타,흐림,단일로 - 기타,승용,여,58세,상해없음,승용,여,50세,경상
2022010500100244,2022년 1월 5일 16시,수요일,전라북도 익산시 동산동,경상사고,0,0,1,0,차대차 - 측면충돌,교차로운행방법위반,건조,맑음,교차로 - 교차로부근,화물,남,67세,상해없음,승용,남,62세,경상
2022010500100274,2022년 1월 5일 17시,수요일,전라북도 군산시 동흥남동,중상사고,0,1,0,0,차대사람 - 횡단중,안전운전불이행,건조,맑음,교차로 - 교차로안,화물,남,53세,상해없음,보행자,남,66세,중상
2022010500100275,2022년 1월 5일 17시,수요일,전라북도 남원시 운봉읍,중상사고,0,1,0,0,차대차 - 측면충돌,직진우회전진행방해,기타,맑음,교차로 - 교차로안,승용,남,66세,상해없음,승용,여,37세,중상
2022010500100276,2022년 1월 5일 17시,수요일,전라북도 부안군 행안면,중상사고,0,1,0,0,차대차 - 추돌,안전운전불이행,건조,맑음,단일로 - 기타,화물,남,51세,중상,승용,남,34세,기타불명
2022010500100325,2022년 1월 5일 18시,수요일,전라북도 전주시 완산구 효자동2가,중상사고,0,1,3,0,차대차 - 기타,교차로운행방법위반,건조,맑음,교차로 - 교차로안,화물,남,37세,상해없음,화물,남,50세,중상
2022010500100389,2022년 1월 5일 20시,수요일,전라북도 익산시 영등동,중상사고,0,1,0,0,차대사람 - 길가장자리구역통행중,안전운전불이행,건조,맑음,교차로 - 교차로안,승용,남,50세,상해없음,보행자,남,58세,중상
2022010500100390,2022년 1월 5일 20시,수요일,전라북도 익산시 신흥동,중상사고,0,2,0,0,차대차 - 측면충돌,신호위반,건조,맑음,교차로 - 교차로안,승용,남,28세,상해없음,승용,남,53세,중상
2022010600100006,2022년 1월 6일 00시,목요일,전라북도 군산시 옥산면,경상사고,0,0,1,0,차대차 - 추돌,안전운전불이행,건조,맑음,단일로 - 기타,승용,남,30세,경상,화물,남,59세,상해없음
2022010600100051,2022년 1월 6일 07시,목요일,전라북도 군산시 조촌동,경상사고,0,0,1,0,차대차 - 추돌,안전거리미확보,건조,맑음,단일로 - 기타,승용,남,51세,상해없음,승용,남,27세,경상
2022010600100144,2022년 1월 6일 10시,목요일,전라북도 군산시 미룡동,중상사고,0,1,0,0,차대사람 - 기타,보행자보호의무위반,건조,맑음,교차로 - 교차로부근,승용,남,74세,상해없음,보행자,여,68세,중상
2022010600100206,2022년 1월 6일 12시,목요일,전라북도 군산시 대야면,경상사고,0,0,2,0,차대차 - 기타,안전거리미확보,건조,맑음,기타 - 기타,승용,남,46세,상해없음,승용,남,24세,경상
2022010600100207,2022년 1월 6일 12시,목요일,전라북도 군산시 대야면,경상사고,0,0,1,0,차대차 - 기타,안전거리미확보,건조,맑음,단일로 - 기타,승용,남,64세,상해없음,승용,남,46세,경상
2022010600100265,2022년 1월 6일 14시,목요일,전라북도 전주시 덕진구 팔복동3가,경상사고,0,0,1,0,차대차 - 측면충돌,교차로운행방법위반,건조,맑음,교차로 - 교차로안,승용,여,59세,상해없음,이륜,남,32세,경상
2022010600100339,2022년 1월 6일 16시,목요일,전라북도 전주시 완산구 중화산동2가,중상사고,0,2,0,0,차대차 - 기타,안전운전불이행,건조,맑음,단일로 - 기타,화물,남,60세,상해없음,승용,남,53세,중상
2022010600100514,2022년 1월 6일 21시,목요일,전라북도 전주시 덕진구 호성동1가,경상사고,0,0,1,0,차대차 - 추돌,안전운전불이행,건조,맑음,단일로 - 기타,승용,남,57세,상해없음,승합,남,54세,경상
2022010600100515,2022년 1월 6일 21시,목요일,전라북도 정읍시 상동,중상사고,0,1,0,0,차대사람 - 횡단중,보행자보호의무위반,건조,맑음,단일로 - 기타,승용,남,43세,상해없음,보행자,여,15세,중상
2022010700100006,2022년 1월 7일 00시,금요일,전라북도 전주시 완산구 효자동2가,경상사고,0,0,2,0,차대차 - 기타,안전운전불이행,건조,맑음,교차로 - 교차로부근,승용,여,38세,상해없음,승용,남,61세,경상
2022010700100020,2022년 1월 7일 03시,금요일,전라북도 익산시 영등동,경상사고,0,0,1,0,차대사람 - 횡단중,안전운전불이행,건조,맑음,단일로 - 기타,승용,여,39세,상해없음,보행자,여,32세,경상
2022010700100023,2022년 1월 7일 04시,금요일,전라북도 익산시 왕궁면,중상사고,0,1,0,0,차대사람 - 길가장자리구역통행중,안전운전불이행,건조,맑음,단일로 - 기타,승용,남,66세,상해없음,보행자,여,81세,중상
2022010700100031,2022년 1월 7일 05시,금요일,전라북도 군산시 옥산면,경상사고,0,0,1,0,차대차 - 기타,중앙선침범,건조,맑음,단일로 - 기타,승용,남,26세,상해없음,승용,남,40세,경상
2022010700100043,2022년 1월 7일 06시,금요일,전라북도 익산시 평화동,중상사고,0,1,2,0,차대차 - 정면충돌,신호위반,건조,맑음,교차로 - 교차로안,화물,남,61세,중상,승용,여,46세,경상
2022010700100087,2022년 1월 7일 08시,금요일,전라북도 군산시 오식도동,중상사고,0,1,0,0,차대차 - 측면충돌,안전운전불이행,건조,맑음,교차로 - 교차로부근,특수,남,52세,상해없음,화물,남,67세,중상
2022010700100088,2022년 1월 7일 08시,금요일,전라북도 고창군 무장면,중상사고,0,2,0,0,차대차 - 측면충돌,신호위반,건조,맑음,교차로 - 교차로안,승용,남,65세,상해없음,화물,남,61세,중상
2022010700100136,2022년 1월 7일 10시,금요일,전라북도 군산시 월명동,경상사고,0,0,1,0,차대사람 - 횡단중,보행자보호의무위반,건조,맑음,교차로 - 교차로횡단보도내,승용,여,41세,상해없음,보행자,여,66세,경상
2022010700100160,2022년 1월 7일 11시,금요일,전라북도 전주시 덕진구 인후동1가,중상사고,0,1,0,0,차대사람 - 기타,안전운전불이행,건조,맑음,단일로 - 기타,승용,여,73세,상해없음,보행자,남,76세,중상
2022010700100277,2022년 1월 7일 14시,금요일,전라북도 전주시 완산구 삼천동1가,경상사고,0,0,1,0,차대사람 - 길가장자리구역통행중,안전운전불이행,건조,맑음,기타 - 기타,승용,남,57세,상해없음,보행자,여,31세,경상
2022010700100311,2022년 1월 7일 15시,금요일,전라북도 전주시 덕진구 인후동2가,경상사고,0,0,2,0,차대차 - 후진중충돌,불법유턴,건조,맑음,단일로 - 기타,화물,여,59세,상해없음,승용,남,35세,경상
2022010700100377,2022년 1월 7일 17시,금요일,전라북도 군산시 나운동,부상신고사고,0,0,0,1,차대사람 - 차도통행중,안전운전불이행,건조,맑음,교차로 - 교차로안,승용,남,49세,상해없음,보행자,여,71세,부상신고
2022010700100378,2022년 1월 7일 17시,금요일,전라북도 군산시 나운동,중상사고,0,1,0,0,차대차 - 측면충돌,직진우회전진행방해,건조,맑음,교차로 - 교차로안,승용,남,80세,상해없음,자전거,남,87세,중상
2022010700100428,2022년 1월 7일 18시,금요일,전라북도 전주시 덕진구 금암동,중상사고,0,1,0,0,차대차 - 측면충돌,안전운전불이행,건조,맑음,단일로 - 기타,승용,남,43세,상해없음,자전거,남,32세,중상
2022010700100429,2022년 1월 7일 18시,금요일,전라북도 전주시 덕진구 반월동,경상사고,0,0,2,0,차대차 - 측면충돌,신호위반,건조,맑음,교차로 - 교차로안,승용,남,84세,상해없음,승용,여,40세,경상
2022010700100430,2022년 1월 7일 18시,금요일,전라북도 김제시 서암동,경상사고,0,0,1,0,차대차 - 측면충돌,안전운전불이행,건조,맑음,교차로 - 교차로안,승합,남,53세,상해없음,승용,여,54세,경상
2022010700100538,2022년 1월 7일 20시,금요일,전라북도 전주시 덕진구 우아동2가,중상사고,0,1,0,0,차대사람 - 길가장자리구역통행중,중앙선침범,건조,맑음,단일로 - 기타,화물,남,49세,상해없음,보행자,남,56세,중상
2022010700100580,2022년 1월 7일 21시,금요일,전라북도 전주시 덕진구 덕진동1가,경상사고,0,0,2,0,차대차 - 후진중충돌,중앙선침범,건조,맑음,단일로 - 기타,승용,남,18세,상해없음,승용,남,41세,경상
2022010800100065,2022년 1월 8일 07시,토요일,전라북도 군산시 장재동,중상사고,0,1,0,0,차대차 - 측면충돌,안전운전불이행,건조,맑음,단일로 - 지하차도(도로)내,승용,여,42세,상해없음,자전거,여,70세,중상
2022010800100094,2022년 1월 8일 09시,토요일,전라북도 전주시 덕진구 인후동1가,중상사고,0,1,0,0,차대사람 - 횡단중,안전운전불이행,건조,맑음,교차로 - 교차로안,승용,여,70세,상해없음,보행자,여,73세,중상
2022010800100095,2022년 1월 8일 09시,토요일,전라북도 군산시 대야면,경상사고,0,0,1,0,차대차 - 측면충돌,중앙선침범,건조,맑음,단일로 - 기타,승용,남,70세,상해없음,승용,남,58세,경상
2022010800100114,2022년 1월 8일 10시,토요일,전라북도 전주시 완산구 삼천동1가,경상사고,0,0,4,0,차대차 - 측면충돌,신호위반,건조,맑음,교차로 - 교차로안,승용,남,65세,상해없음,승용,남,73세,경상
2022010800100115,2022년 1월 8일 10시,토요일,전라북도 전주시 덕진구 송천동2가,경상사고,0,0,2,0,차대사람 - 횡단중,신호위반,건조,맑음,교차로 - 교차로안,승용,여,43세,상해없음,보행자,여,41세,경상
2022010800100144,2022년 1월 8일 11시,토요일,전라북도 남원시 하정동,경상사고,0,0,1,0,차대차 - 정면충돌,중앙선침범,건조,맑음,단일로 - 기타,승용,남,82세,상해없음,이륜,남,64세,경상
2022010800100168,2022년 1월 8일 12시,토요일,전라북도 전주시 완산구 중화산동2가,경상사고,0,0,3,0,차대차 - 측면충돌,안전거리미확보,건조,맑음,교차로 - 교차로부근,승용,남,52세,경상,승용,남,66세,경상
2022010800100169,2022년 1월 8일 12시,토요일,전라북도 군산시 대야면,경상사고,0,0,1,0,차대차 - 추돌,안전운전불이행,건조,맑음,교차로 - 교차로부근,승용,남,62세,상해없음,승용,남,56세,경상
2022010800100212,2022년 1월 8일 13시,토요일,전라북도 익산시 남중동,경상사고,0,0,1,0,차대차 - 측면충돌,안전운전불이행,건조,맑음,교차로 - 교차로부근,승용,남,70세,상해없음,승용,남,39세,경상
2022010800100283,2022년 1월 8일 15시,토요일,전라북도 익산시 송학동,중상사고,0,1,0,0,차대차 - 정면충돌,중앙선침범,건조,맑음,단일로 - 기타,승용,남,26세,상해없음,이륜,남,44세,중상
2022010800100357,2022년 1월 8일 17시,토요일,전라북도 군산시 나운동,경상사고,0,0,1,0,차대차 - 측면충돌,안전운전불이행,건조,맑음,교차로 - 교차로안,이륜,남,19세,경상,승용,남,67세,상해없음
2022010800100412,2022년 1월 8일 18시,토요일,전라북도 군산시 옥산면,중상사고,0,1,1,0,차대차 - 추돌,안전운전불이행,건조,흐림,단일로 - 기타,승용,여,72세,경상,농기계,남,69세,중상
2022010800100477,2022년 1월 8일 20시,토요일,전라북도 정읍시 연지동,경상사고,0,0,2,0,차대차 - 기타,직진우회전진행방해,건조,맑음,교차로 - 교차로안,자전거,남,16세,경상,원동기,남,33세,경상
2022010800100516,2022년 1월 8일 21시,토요일,전라북도 군산시 대명동,경상사고,0,0,1,0,차대차 - 측면충돌,중앙선침범,건조,맑음,교차로 - 교차로부근,승용,남,67세,상해없음,승용,남,66세,경상
2022010800100550,2022년 1월 8일 23시,토요일,전라북도 전주시 완산구 서신동,경상사고,0,0,2,0,차대차 - 기타,안전운전불이행,건조,맑음,교차로 - 교차로부근,승용,남,24세,상해없음,승용,남,23세,경상
2022010800100551,2022년 1월 8일 23시,토요일,전라북도 전주시 덕진구 인후동1가,경상사고,0,0,3,0,차대차 - 측면충돌,신호위반,건조,맑음,교차로 - 교차로안,원동기,남,19세,상해없음,승용,남,59세,경상
2022010800100552,2022년 1월 8일 23시,토요일,전라북도 군산시 나운동,경상사고,0,0,2,0,차대차 - 추돌,안전운전불이행,건조,맑음,교차로 - 교차로부근,승용,남,21세,상해없음,승용,남,45세,경상
2022010900100022,2022년 1월 9일 03시,일요일,전라북도 전주시 덕진구 도도동,중상사고,0,1,0,0,차대차 - 추돌,안전운전불이행,건조,맑음,단일로 - 기타,승용,여,19세,상해없음,승용,남,54세,중상
2022010900100053,2022년 1월 9일 09시,일요일,전라북도 군산시 나운동,경상사고,0,0,4,0,차대차 - 측면충돌,교차로운행방법위반,건조,맑음,교차로 - 교차로안,승용,남,25세,경상,승용,남,37세,경상
2022010900100129,2022년 1월 9일 14시,일요일,전라북도 전주시 완산구 서신동,경상사고,0,0,1,0,차대차 - 추돌,안전운전불이행,건조,맑음,교차로 - 교차로부근,이륜,남,20세,상해없음,승용,남,33세,경상
2022010900100148,2022년 1월 9일 15시,일요일,전라북도 전주시 덕진구 덕진동1가,경상사고,0,0,1,0,차대차 - 측면충돌,신호위반,건조,맑음,단일로 - 기타,승용,여,32세,상해없음,자전거,남,72세,경상
2022010900100171,2022년 1월 9일 16시,일요일,전라북도 군산시 옥도면,경상사고,0,0,1,0,차대차 - 측면충돌,안전운전불이행,건조,맑음,기타 - 기타,승용,남,43세,상해없음,승합,남,47세,경상
2022010900100194,2022년 1월 9일 17시,일요일,전라북도 전주시 완산구 서신동,중상사고,0,1,0,0,차대사람 - 차도통행중,안전운전불이행,건조,맑음,교차로 - 교차로부근,승용,남,55세,상해없음,보행자,여,61세,중상
2022010900100254,2022년 1월 9일 19시,일요일,전라북도 군산시 경암동,경상사고,0,0,1,0,차대사람 - 기타,안전운전불이행,건조,맑음,단일로 - 기타,승용,남,60세,상해없음,보행자,남,15세,경상
2022011000100091,2022년 1월 10일 08시,월요일,전라북도 정읍시 칠보면,경상사고,0,0,2,0,차대차 - 정면충돌,중앙선침범,서리/결빙,맑음,단일로 - 기타,화물,남,58세,경상,화물,남,53세,경상
2022011000100157,2022년 1월 10일 10시,월요일,전라북도 군산시 개정면,경상사고,0,0,1,0,차대사람 - 횡단중,안전운전불이행,건조,맑음,교차로 - 교차로횡단보도내,화물,여,56세,상해없음,보행자,남,82세,경상
2022011000100194,2022년 1월 10일 11시,월요일,전라북도 정읍시 북면,중상사고,0,1,0,0,차대차 - 측면충돌,차로위반,건조,맑음,단일로 - 기타,자전거,남,80세,중상,승용,여,68세,상해없음
2022011000100195,2022년 1월 10일 11시,월요일,전라북도 정읍시 정우면,중상사고,0,1,3,0,차대차 - 정면충돌,중앙선침범,건조,맑음,단일로 - 기타,승용,남,44세,중상,화물,남,29세,경상
2022011000100280,2022년 1월 10일 14시,월요일,전라북도 군산시 대명동,중상사고,0,1,0,0,차대사람 - 기타,안전운전불이행,건조,맑음,단일로 - 기타,승용,남,68세,상해없음,보행자,여,37세,중상
2022011000100346,2022년 1월 10일 16시,월요일,전라북도 전주시 덕진구 송천동1가,경상사고,0,0,1,0,차대차 - 측면충돌,신호위반,건조,맑음,교차로 - 교차로안,승용,여,52세,상해없음,승용,남,67세,경상
2022011000100347,2022년 1월 10일 16시,월요일,전라북도 순창군 순창읍,경상사고,0,0,1,0,차대차 - 측면충돌,기타,건조,맑음,교차로 - 교차로안,승용,남,26세,상해없음,승용,여,51세,경상
2022011000100410,2022년 1월 10일 18시,월요일,전라북도 군산시 나운동,경상사고,0,0,1,0,차대차 - 기타,안전거리미확보,건조,맑음,단일로 - 기타,승용,남,66세,상해없음,이륜,남,31세,경상
2022011000100411,2022년 1월 10일 18시,월요일,전라북도 정읍시 연지동,중상사고,0,1,0,0,차대사람 - 기타,안전운전불이행,건조,맑음,교차로 - 교차로안,승용,남,47세,상해없음,보행자,남,70세,중상
2022011000100412,2022년 1월 10일 18시,월요일,전라북도 남원시 송동면,사망사고,1,0,0,0,차대사람 - 보도통행중,보행자보호의무위반,건조,맑음,교차로 - 교차로횡단보도내,승용,남,31세,상해없음,보행자,남,84세,사망
2022011000100454,2022년 1월 10일 19시,월요일,전라북도 전주시 덕진구 인후동1가,경상사고,0,0,1,0,차대사람 - 횡단중,신호위반,건조,맑음,교차로 - 교차로횡단보도내,승용,남,65세,상해없음,보행자,여,14세,경상