사고번호,사고일시,요일,시군구,사고내용,사망자수,중상자수,경상자수,부상신고자수,사고유형,법규위반,노면상태,기상상태,도로형태,가해운전자 차종,가해운전자 성별,가해운전자 연령,가해운전자 상해정도,피해운전자 차종,피해운전자 성별,피해운전자 연령,피해운전자 상해정도
2022011000100455,2022년 1월 10일 19시,월요일,전라북도 익산시 영등동,경상사고,0,0,1,0,차대사람 - 차도통행중,안전운전불이행,건조,맑음,단일로 - 기타,승용,남,20세,상해없음,보행자,여,34세,경상
2022011000100508,2022년 1월 10일 21시,월요일,전라북도 군산시 지곡동,경상사고,0,0,1,0,차대차 - 기타,안전운전불이행,건조,맑음,교차로 - 교차로안,승용,남,27세,상해없음,승용,여,55세,경상
2022011000100539,2022년 1월 10일 22시,월요일,전라북도 전주시 완산구 평화동1가,경상사고,0,0,1,0,차대차 - 측면충돌,안전운전불이행,건조,맑음,교차로 - 교차로안,승용,여,24세,상해없음,승용,여,28세,경상
2022011000100540,2022년 1월 10일 22시,월요일,전라북도 군산시 소룡동,경상사고,0,0,2,0,차대차 - 추돌,안전운전불이행,건조,맑음,교차로 - 교차로부근,승용,여,56세,상해없음,승용,남,57세,경상
2022011100100014,2022년 1월 11일 01시,화요일,전라북도 정읍시 태인면,사망사고,1,0,0,0,차대차 - 측면충돌,중앙선침범,건조,흐림,교차로 - 교차로부근,자전거,여,80세,사망,화물,남,46세,상해없음
2022011100100063,2022년 1월 11일 07시,화요일,전라북도 부안군 보안면,중상사고,0,3,0,0,차대차 - 정면충돌,중앙선침범,서리/결빙,맑음,교차로 - 교차로안,승용,남,42세,상해없음,승합,남,54세,중상
2022011100100086,2022년 1월 11일 08시,화요일,전라북도 진안군 성수면,경상사고,0,0,2,0,차대차 - 측면충돌,기타,적설,눈,단일로 - 기타,승합,남,62세,경상,화물,남,51세,경상
2022011100100116,2022년 1월 11일 09시,화요일,전라북도 군산시 수송동,중상사고,0,1,0,0,차대사람 - 횡단중,보행자보호의무위반,건조,맑음,교차로 - 교차로안,승합,여,61세,상해없음,보행자,여,76세,중상
2022011100100117,2022년 1월 11일 09시,화요일,전라북도 익산시 목천동,경상사고,0,0,1,0,차대차 - 측면충돌,직진우회전진행방해,건조,맑음,교차로 - 교차로안,이륜,남,78세,경상,승용,여,69세,상해없음
2022011100100151,2022년 1월 11일 10시,화요일,전라북도 군산시 경암동,경상사고,0,0,4,0,차대차 - 측면충돌,기타,건조,맑음,교차로 - 교차로안,승용,남,65세,경상,승용,남,61세,경상
2022011100100315,2022년 1월 11일 15시,화요일,전라북도 전주시 덕진구 장동,중상사고,0,1,0,0,차대사람 - 횡단중,보행자보호의무위반,건조,맑음,단일로 - 기타,승용,여,43세,상해없음,보행자,여,11세,중상
2022011100100337,2022년 1월 11일 16시,화요일,전라북도 전주시 완산구 효자동2가,경상사고,0,0,1,0,차대차 - 측면충돌,신호위반,건조,맑음,교차로 - 교차로안,승용,여,64세,상해없음,승용,남,52세,경상
2022011100100373,2022년 1월 11일 17시,화요일,전라북도 전주시 완산구 중화산동2가,경상사고,0,0,1,0,차대차 - 추돌,안전운전불이행,건조,맑음,단일로 - 기타,승용,남,68세,상해없음,승용,남,61세,경상
2022011100100410,2022년 1월 11일 18시,화요일,전라북도 전주시 덕진구 인후동1가,경상사고,0,0,1,0,차대사람 - 횡단중,안전운전불이행,건조,맑음,교차로 - 교차로부근,승용,남,48세,상해없음,보행자,남,12세,경상
2022011100100411,2022년 1월 11일 18시,화요일,전라북도 전주시 덕진구 송천동2가,경상사고,0,0,1,0,차대차 - 측면충돌,교차로운행방법위반,건조,맑음,교차로 - 교차로안,승용,남,58세,상해없음,승용,남,69세,경상
2022011100100412,2022년 1월 11일 18시,화요일,전라북도 군산시 미장동,경상사고,0,0,1,0,차대사람 - 횡단중,보행자보호의무위반,건조,맑음,교차로 - 교차로안,승용,여,56세,상해없음,보행자,여,47세,경상
2022011100100413,2022년 1월 11일 18시,화요일,전라북도 군산시 옥구읍,경상사고,0,0,1,0,차대차 - 기타,안전운전불이행,젖음/습기,눈,단일로 - 기타,특수,남,67세,기타불명,승용,남,44세,경상
2022011100100414,2022년 1월 11일 18시,화요일,전라북도 익산시 동산동,경상사고,0,0,1,0,차대차 - 측면충돌,안전운전불이행,건조,맑음,단일로 - 기타,승용,남,72세,상해없음,승용,남,45세,기타불명
2022011100100415,2022년 1월 11일 18시,화요일,전라북도 남원시 송동면,중상사고,0,1,0,0,차대차 - 추돌,기타,건조,맑음,단일로 - 기타,승용,남,41세,상해없음,승용,남,63세,상해없음
2022011100100468,2022년 1월 11일 19시,화요일,전라북도 전주시 덕진구 덕진동1가,경상사고,0,0,2,0,차대차 - 추돌,안전거리미확보,건조,맑음,교차로 - 교차로부근,승합,남,58세,상해없음,승용,여,50세,경상
2022011100100499,2022년 1월 11일 20시,화요일,전라북도 전주시 덕진구 덕진동2가,중상사고,0,1,1,0,차대차 - 측면충돌,신호위반,건조,맑음,교차로 - 교차로안,승용,남,34세,상해없음,승용,남,53세,경상
2022011200100006,2022년 1월 12일 00시,수요일,전라북도 정읍시 연지동,경상사고,0,0,1,0,차대차 - 측면충돌,차로위반,건조,맑음,단일로 - 기타,승용,남,66세,상해없음,승용,남,21세,경상
2022011200100019,2022년 1월 12일 05시,수요일,전라북도 익산시 마동,경상사고,0,0,1,0,차대차 - 측면충돌,신호위반,건조,맑음,교차로 - 교차로안,승용,남,28세,상해없음,승용,여,30세,경상
2022011200100083,2022년 1월 12일 08시,수요일,전라북도 전주시 덕진구 우아동3가,경상사고,0,0,1,0,차대차 - 정면충돌,안전거리미확보,건조,맑음,교차로 - 교차로부근,승용,남,30세,상해없음,승용,여,39세,경상
2022011200100120,2022년 1월 12일 09시,수요일,전라북도 전주시 완산구 효자동1가,경상사고,0,0,2,0,차대차 - 기타,안전운전불이행,건조,맑음,단일로 - 기타,승용,남,62세,상해없음,승합,남,53세,경상
2022011200100173,2022년 1월 12일 11시,수요일,전라북도 전주시 덕진구 인후동1가,경상사고,0,0,1,0,차대사람 - 차도통행중,안전운전불이행,건조,맑음,단일로 - 기타,승용,남,61세,상해없음,보행자,여,47세,경상
2022011200100174,2022년 1월 12일 11시,수요일,전라북도 익산시 영등동,경상사고,0,0,2,0,차대차 - 측면충돌,안전운전불이행,건조,맑음,교차로 - 교차로부근,승용,남,60세,상해없음,승용,여,24세,경상
2022011200100248,2022년 1월 12일 13시,수요일,전라북도 정읍시 시기동,경상사고,0,0,1,0,차대차 - 측면충돌,신호위반,건조,맑음,교차로 - 교차로안,승용,남,73세,상해없음,자전거,여,74세,경상
2022011200100274,2022년 1월 12일 14시,수요일,전라북도 전주시 덕진구 덕진동2가,경상사고,0,0,2,0,차대차 - 측면충돌,안전운전불이행,건조,맑음,교차로 - 교차로부근,승용,여,60세,상해없음,승용,남,37세,경상
2022011200100275,2022년 1월 12일 14시,수요일,전라북도 부안군 동진면,경상사고,0,0,2,0,차대차 - 추돌,안전거리미확보,건조,맑음,단일로 - 기타,승용,남,73세,상해없음,승용,남,58세,경상
2022011200100308,2022년 1월 12일 15시,수요일,전라북도 전주시 덕진구 인후동1가,중상사고,0,1,0,0,차대차 - 측면충돌,불법유턴,건조,맑음,단일로 - 기타,화물,남,61세,상해없음,이륜,남,23세,중상
2022011200100384,2022년 1월 12일 17시,수요일,전라북도 전주시 완산구 효자동3가,경상사고,0,0,1,0,차대차 - 기타,안전운전불이행,건조,맑음,교차로 - 교차로부근,승용,여,59세,상해없음,승용,여,64세,경상
2022011200100385,2022년 1월 12일 17시,수요일,전라북도 전주시 덕진구 고랑동,중상사고,0,3,0,0,차대차 - 측면충돌,중앙선침범,건조,맑음,단일로 - 기타,승용,남,20세,상해없음,승용,남,51세,중상
2022011200100429,2022년 1월 12일 18시,수요일,전라북도 전주시 완산구 삼천동1가,중상사고,0,2,0,0,차대차 - 측면충돌,안전운전불이행,건조,맑음,교차로 - 교차로안,승용,남,55세,상해없음,승용,여,45세,중상
2022011200100430,2022년 1월 12일 18시,수요일,전라북도 군산시 나운동,경상사고,0,0,1,0,차대차 - 추돌,안전운전불이행,건조,맑음,교차로 - 교차로부근,승합,여,33세,상해없음,승용,남,46세,경상
2022011200100431,2022년 1월 12일 18시,수요일,전라북도 남원시 향교동,경상사고,0,0,1,0,차대차 - 측면충돌,안전운전불이행,건조,맑음,교차로 - 교차로부근,승용,여,38세,상해없음,자전거,남,78세,경상
2022011200100543,2022년 1월 12일 21시,수요일,전라북도 익산시 신동,경상사고,0,0,1,0,차대사람 - 횡단중,안전운전불이행,건조,맑음,교차로 - 교차로횡단보도내,승합,남,57세,상해없음,보행자,남,34세,경상
2022011200100544,2022년 1월 12일 21시,수요일,전라북도 남원시 향교동,부상신고사고,0,0,0,1,차대차 - 측면충돌,직진우회전진행방해,건조,맑음,교차로 - 교차로안,승용,남,45세,상해없음,이륜,남,30세,부상신고
2022011200100582,2022년 1월 12일 22시,수요일,전라북도 전주시 덕진구 덕진동1가,경상사고,0,0,1,0,차대차 - 측면충돌,신호위반,건조,맑음,교차로 - 교차로안,승용,남,61세,상해없음,승용,남,28세,경상
2022011300100031,2022년 1월 13일 06시,목요일,전라북도 전주시 덕진구 덕진동1가,경상사고,0,0,1,0,차대차 - 측면충돌,신호위반,건조,맑음,교차로 - 교차로안,화물,남,36세,상해없음,승합,남,48세,경상
2022011300100032,2022년 1월 13일 06시,목요일,전라북도 군산시 미원동,경상사고,0,0,1,0,차대차 - 측면충돌,안전운전불이행,건조,맑음,교차로 - 교차로안,승합,남,59세,상해없음,자전거,남,72세,경상
2022011300100140,2022년 1월 13일 10시,목요일,전라북도 전주시 완산구 경원동3가,경상사고,0,0,1,0,차대사람 - 횡단중,보행자보호의무위반,건조,맑음,교차로 - 교차로횡단보도내,승용,남,39세,상해없음,보행자,남,75세,경상
2022011300100180,2022년 1월 13일 11시,목요일,전라북도 익산시 모현동2가,중상사고,0,1,2,0,차대차 - 측면충돌,신호위반,건조,맑음,교차로 - 교차로안,이륜,남,71세,상해없음,화물,남,57세,경상
2022011300100217,2022년 1월 13일 12시,목요일,전라북도 익산시 왕궁면,경상사고,0,0,1,0,차대차 - 측면충돌,안전운전불이행,건조,맑음,교차로 - 교차로안,승용,남,76세,상해없음,이륜,남,59세,경상
2022011300100290,2022년 1월 13일 14시,목요일,전라북도 군산시 오룡동,경상사고,0,0,1,0,차대차 - 후진중충돌,안전운전불이행,건조,맑음,교차로 - 교차로안,승용,여,57세,상해없음,승용,남,57세,경상
2022011300100320,2022년 1월 13일 15시,목요일,전라북도 순창군 순창읍,부상신고사고,0,0,0,1,차대차 - 측면충돌,안전운전불이행,건조,맑음,교차로 - 교차로안,이륜,남,85세,부상신고,화물,남,56세,상해없음
2022011300100424,2022년 1월 13일 18시,목요일,전라북도 전주시 완산구 중화산동2가,경상사고,0,0,3,0,차대차 - 추돌,안전운전불이행,건조,맑음,교차로 - 교차로부근,승용,남,71세,상해없음,승용,남,28세,경상
2022011300100425,2022년 1월 13일 18시,목요일,전라북도 전주시 덕진구 전미동1가,경상사고,0,0,2,0,차대차 - 측면충돌,신호위반,건조,맑음,교차로 - 교차로안,승용,남,41세,상해없음,승용,남,48세,경상
2022011400100004,2022년 1월 14일 00시,금요일,전라북도 전주시 완산구 효자동2가,중상사고,0,1,0,0,차대차 - 기타,신호위반,건조,맑음,교차로 - 교차로안,승용,남,53세,상해없음,승용,남,28세,중상
2022011400100025,2022년 1월 14일 04시,금요일,전라북도 군산시 내초동,사망사고,1,0,0,0,차량단독 - 공작물충돌,안전운전불이행,건조,맑음,교차로 - 교차로안,승용,남,53세,사망,,,,
2022011400100085,2022년 1월 14일 08시,금요일,전라북도 전주시 덕진구 덕진동1가,경상사고,0,0,1,0,차대차 - 측면충돌,안전운전불이행,건조,맑음,교차로 - 교차로안,승용,남,70세,상해없음,승용,여,64세,경상
2022011400100120,2022년 1월 14일 09시,금요일,전라북도 익산시 중앙동1가,경상사고,0,0,1,0,차대사람 - 길가장자리구역통행중,안전운전불이행,건조,맑음,단일로 - 기타,승용,여,38세,상해없음,보행자,여,75세,경상
2022011400100121,2022년 1월 14일 09시,금요일,전라북도 임실군 오수면,경상사고,0,0,2,0,차대차 - 측면충돌,교차로운행방법위반,건조,맑음,교차로 - 교차로안,승용,여,53세,상해없음,승용,남,62세,경상
2022011400100191,2022년 1월 14일 11시,금요일,전라북도 전주시 덕진구 중동,경상사고,0,0,1,0,차대사람 - 횡단중,보행자보호의무위반,건조,맑음,교차로 - 교차로횡단보도내,승용,여,45세,상해없음,보행자,남,10세,경상
2022011400100260,2022년 1월 14일 13시,금요일,전라북도 전주시 덕진구 금암동,중상사고,0,1,0,0,차대사람 - 횡단중,안전운전불이행,건조,맑음,교차로 - 교차로부근,승용,남,53세,상해없음,보행자,남,39세,중상
2022011400100261,2022년 1월 14일 13시,금요일,전라북도 군산시 수송동,경상사고,0,0,2,0,차대차 - 측면충돌,안전거리미확보,건조,맑음,교차로 - 교차로부근,승용,남,71세,상해없음,화물,여,55세,경상
2022011400100291,2022년 1월 14일 14시,금요일,전라북도 전주시 완산구 중화산동1가,경상사고,0,0,1,0,차대차 - 추돌,안전거리미확보,건조,맑음,단일로 - 기타,승용,남,20세,상해없음,승용,남,45세,경상
2022011400100458,2022년 1월 14일 18시,금요일,전라북도 전주시 완산구 태평동,경상사고,0,0,1,0,차량단독 - 기타,기타,건조,맑음,교차로 - 교차로횡단보도내,승합,남,56세,상해없음,,,,
2022011400100459,2022년 1월 14일 18시,금요일,전라북도 익산시 삼기면,중상사고,0,1,1,0,차대차 - 측면충돌,신호위반,건조,맑음,교차로 - 교차로안,승용,남,39세,상해없음,승용,남,47세,경상
2022011400100460,2022년 1월 14일 18시,금요일,전라북도 익산시 모현동1가,경상사고,0,0,1,0,차대사람 - 횡단중,보행자보호의무위반,건조,맑음,교차로 - 교차로횡단보도내,승용,여,45세,상해없음,보행자,여,23세,경상
2022011400100461,2022년 1월 14일 18시,금요일,전라북도 정읍시 금붕동,경상사고,0,0,1,0,차대차 - 측면충돌,불법유턴,건조,맑음,단일로 - 기타,화물,남,56세,상해없음,승용,여,60세,경상
2022011400100523,2022년 1월 14일 19시,금요일,전라북도 정읍시 수성동,경상사고,0,0,1,0,차대차 - 측면충돌,신호위반,건조,맑음,교차로 - 교차로안,승용,남,64세,상해없음,승용,여,31세,경상
2022011400100572,2022년 1월 14일 20시,금요일,전라북도 군산시 소룡동,부상신고사고,0,0,0,1,차대사람 - 횡단중,중앙선침범,건조,맑음,교차로 - 교차로부근,승용,남,51세,상해없음,보행자,남,45세,부상신고
2022011400100622,2022년 1월 14일 21시,금요일,전라북도 전주시 덕진구 우아동3가,경상사고,0,0,1,0,차대차 - 후진중충돌,불법유턴,건조,맑음,단일로 - 기타,화물,여,44세,상해없음,승용,남,28세,경상
2022011400100623,2022년 1월 14일 21시,금요일,전라북도 익산시 남중동,경상사고,0,0,1,0,차대차 - 측면충돌,안전운전불이행,건조,맑음,단일로 - 기타,승용,남,68세,상해없음,승용,남,57세,경상
2022011400100658,2022년 1월 14일 22시,금요일,전라북도 전주시 덕진구 진북동,중상사고,0,1,1,0,차대차 - 측면충돌,안전운전불이행,건조,맑음,교차로 - 교차로안,승용,남,52세,상해없음,승용,여,32세,경상
2022011500100035,2022년 1월 15일 06시,토요일,전라북도 군산시 구암동,경상사고,0,0,1,0,차대차 - 측면충돌,교차로운행방법위반,건조,맑음,교차로 - 교차로안,화물,남,51세,상해없음,화물,남,31세,경상
2022011500100107,2022년 1월 15일 10시,토요일,전라북도 임실군 강진면,경상사고,0,0,1,0,차대차 - 추돌,교차로운행방법위반,건조,맑음,교차로 - 교차로부근,건설기계,남,60세,상해없음,승용,남,32세,경상
2022011500100197,2022년 1월 15일 13시,토요일,전라북도 완주군 이서면,경상사고,0,0,5,0,차대차 - 측면충돌,안전운전불이행,건조,맑음,단일로 - 기타,승용,남,28세,상해없음,화물,남,61세,상해없음
2022011500100198,2022년 1월 15일 13시,토요일,전라북도 부안군 동진면,중상사고,0,1,0,0,차대차 - 기타,직진우회전진행방해,건조,맑음,교차로 - 교차로안,화물,남,81세,상해없음,화물,남,74세,중상
2022011500100256,2022년 1월 15일 15시,토요일,전라북도 전주시 완산구 용복동,중상사고,0,2,1,0,차대차 - 측면충돌,중앙선침범,건조,흐림,기타 - 기타,승용,남,85세,상해없음,승용,여,74세,중상
2022011500100257,2022년 1월 15일 15시,토요일,전라북도 임실군 관촌면,경상사고,0,0,1,0,차량단독 - 전도전복 - 전도,안전운전불이행,건조,맑음,단일로 - 기타,이륜,남,66세,경상,,,,
2022011500100326,2022년 1월 15일 17시,토요일,전라북도 익산시 부송동,중상사고,0,1,0,0,차대차 - 측면충돌,직진우회전진행방해,건조,맑음,교차로 - 교차로안,화물,남,66세,상해없음,자전거,남,58세,중상
2022011500100377,2022년 1월 15일 18시,토요일,전라북도 전주시 완산구 평화동2가,중상사고,0,1,0,0,차대사람 - 횡단중,안전운전불이행,건조,맑음,단일로 - 기타,화물,남,62세,상해없음,보행자,남,59세,중상
2022011500100427,2022년 1월 15일 19시,토요일,전라북도 군산시 오식도동,중상사고,0,1,0,0,차대차 - 측면충돌,직진우회전진행방해,건조,맑음,교차로 - 교차로안,승용,남,59세,상해없음,이륜,남,30세,중상
2022011500100428,2022년 1월 15일 19시,토요일,전라북도 익산시 중앙동1가,경상사고,0,0,2,0,차대차 - 추돌,안전운전불이행,건조,맑음,단일로 - 기타,이륜,남,18세,상해없음,승용,남,30세,경상
2022011500100429,2022년 1월 15일 19시,토요일,전라북도 임실군 임실읍,중상사고,0,1,0,0,차량단독 - 도로외이탈 - 기타,안전운전불이행,건조,맑음,단일로 - 기타,승용,남,41세,중상,,,,
2022011500100537,2022년 1월 15일 22시,토요일,전라북도 군산시 옥산면,중상사고,0,1,1,0,차량단독 - 공작물충돌,안전운전불이행,서리/결빙,흐림,단일로 - 지하차도(도로)내,승용,남,25세,경상,,,,
2022011500100538,2022년 1월 15일 22시,토요일,전라북도 김제시 금구면,경상사고,0,0,1,0,차대차 - 측면충돌,교차로운행방법위반,건조,맑음,교차로 - 교차로안,승용,남,44세,상해없음,승용,남,35세,경상
2022011600100004,2022년 1월 16일 00시,일요일,전라북도 무주군 설천면,경상사고,0,0,1,0,차대사람 - 길가장자리구역통행중,중앙선침범,건조,맑음,교차로 - 교차로안,승용,남,29세,상해없음,보행자,여,30세,경상
2022011600100018,2022년 1월 16일 01시,일요일,전라북도 군산시 산북동,경상사고,0,0,1,0,차대차 - 측면충돌,직진우회전진행방해,건조,맑음,교차로 - 교차로안,승용,여,43세,상해없음,승용,남,36세,경상
2022011600100041,2022년 1월 16일 08시,일요일,전라북도 군산시 옥산면,경상사고,0,0,3,0,차량단독 - 기타,안전운전불이행,서리/결빙,흐림,단일로 - 기타,승용,남,21세,상해없음,,,,
2022011600100054,2022년 1월 16일 09시,일요일,전라북도 익산시 남중동,중상사고,0,1,0,0,차대차 - 측면충돌,교차로운행방법위반,건조,맑음,교차로 - 교차로안,승용,여,27세,상해없음,자전거,남,72세,중상
2022011600100067,2022년 1월 16일 10시,일요일,전라북도 남원시 조산동,중상사고,0,1,0,0,차대차 - 측면충돌,교차로운행방법위반,건조,맑음,교차로 - 교차로안,승용,남,84세,상해없음,이륜,남,65세,중상
2022011600100141,2022년 1월 16일 13시,일요일,전라북도 전주시 완산구 중화산동2가,경상사고,0,0,3,0,차대차 - 추돌,신호위반,건조,맑음,교차로 - 교차로부근,승용,남,75세,상해없음,승용,여,61세,경상
2022011600100142,2022년 1월 16일 13시,일요일,전라북도 전주시 완산구 평화동1가,경상사고,0,0,1,0,차대사람 - 횡단중,보행자보호의무위반,건조,맑음,교차로 - 교차로횡단보도내,승용,여,56세,상해없음,보행자,남,84세,경상
2022011600100143,2022년 1월 16일 13시,일요일,전라북도 전주시 완산구 효자동3가,경상사고,0,0,3,0,차대차 - 기타,안전거리미확보,건조,맑음,단일로 - 기타,승용,남,35세,경상,승용,남,49세,경상
2022011600100243,2022년 1월 16일 17시,일요일,전라북도 남원시 동충동,경상사고,0,0,1,0,차대차 - 측면충돌,안전운전불이행,건조,맑음,교차로 - 교차로안,화물,남,76세,상해없음,승용,남,33세,경상
2022011600100266,2022년 1월 16일 18시,일요일,전라북도 익산시 함라면,경상사고,0,0,1,0,차대차 - 측면충돌,신호위반,건조,맑음,교차로 - 교차로안,승용,남,61세,상해없음,화물,남,44세,경상
2022011600100267,2022년 1월 16일 18시,일요일,전라북도 무주군 안성면,경상사고,0,0,1,0,차대차 - 추돌,안전운전불이행,건조,맑음,단일로 - 지하차도(도로)내,승용,남,39세,상해없음,이륜,남,47세,경상
2022011600100324,2022년 1월 16일 20시,일요일,전라북도 익산시 어양동,경상사고,0,0,1,0,차대차 - 측면충돌,신호위반,건조,맑음,교차로 - 교차로안,승용,남,49세,상해없음,승용,남,29세,경상
2022011600100366,2022년 1월 16일 22시,일요일,전라북도 익산시 신동,경상사고,0,0,1,0,차대차 - 측면충돌,직진우회전진행방해,건조,맑음,교차로 - 교차로안,승용,남,59세,상해없음,이륜,남,25세,경상
2022011700100072,2022년 1월 17일 08시,월요일,전라북도 전주시 덕진구 만성동,경상사고,0,0,1,0,차대차 - 측면충돌,신호위반,건조,맑음,교차로 - 교차로안,승용,남,35세,상해없음,승용,남,41세,경상
2022011700100103,2022년 1월 17일 09시,월요일,전라북도 군산시 문화동,부상신고사고,0,0,0,1,차대차 - 정면충돌,신호위반,건조,맑음,교차로 - 교차로안,이륜,남,46세,부상신고,승용,여,58세,상해없음
2022011700100172,2022년 1월 17일 12시,월요일,전라북도 전주시 완산구 효자동2가,경상사고,0,0,1,0,차대차 - 측면충돌,안전운전불이행,건조,맑음,교차로 - 교차로안,승합,남,60세,상해없음,이륜,남,37세,경상
2022011700100173,2022년 1월 17일 12시,월요일,전라북도 정읍시 연지동,경상사고,0,0,1,0,차대차 - 후진중충돌,안전운전불이행,건조,맑음,주차장 - 주차장,화물,남,56세,상해없음,승용,남,65세,경상
2022011700100234,2022년 1월 17일 14시,월요일,전라북도 전주시 완산구 평화동1가,경상사고,0,0,1,0,차대차 - 측면충돌,안전운전불이행,건조,맑음,교차로 - 교차로안,승용,남,49세,상해없음,자전거,남,55세,경상
2022011700100235,2022년 1월 17일 14시,월요일,전라북도 전주시 완산구 서신동,경상사고,0,0,1,0,차대차 - 측면충돌,안전운전불이행,건조,맑음,단일로 - 기타,화물,남,87세,상해없음,승용,남,39세,경상
2022011700100236,2022년 1월 17일 14시,월요일,전라북도 익산시 금마면,중상사고,0,1,0,0,차대차 - 측면충돌,직진우회전진행방해,건조,맑음,교차로 - 교차로안,화물,남,37세,상해없음,원동기,남,78세,중상
2022011700100282,2022년 1월 17일 15시,월요일,전라북도 전주시 덕진구 덕진동2가,경상사고,0,0,1,0,차대차 - 측면충돌,기타,젖음/습기,비,단일로 - 기타,승용,남,51세,상해없음,자전거,여,46세,경상
2022011700100283,2022년 1월 17일 15시,월요일,전라북도 군산시 영화동,경상사고,0,0,1,0,차대차 - 추돌,안전운전불이행,건조,맑음,교차로 - 교차로부근,승용,남,24세,상해없음,승합,남,58세,경상
2022011700100392,2022년 1월 17일 18시,월요일,전라북도 전주시 완산구 중노송동,경상사고,0,0,1,0,차대차 - 기타,안전거리미확보,건조,맑음,교차로 - 교차로안,승용,여,62세,상해없음,승용,여,33세,경상
2022011700100503,2022년 1월 17일 22시,월요일,전라북도 전주시 완산구 효자동3가,경상사고,0,0,2,0,차대차 - 후진중충돌,안전운전불이행,건조,맑음,단일로 - 기타,승용,여,46세,상해없음,승용,남,22세,경상
2022011800100053,2022년 1월 18일 07시,화요일,전라북도 군산시 구암동,중상사고,0,1,0,0,차대사람 - 차도통행중,안전운전불이행,건조,맑음,단일로 - 기타,승용,남,39세,상해없음,보행자,여,65세,중상
2022011800100098,2022년 1월 18일 08시,화요일,전라북도 임실군 임실읍,경상사고,0,0,1,0,차대차 - 추돌,안전거리미확보,건조,맑음,교차로 - 교차로부근,건설기계,남,52세,상해없음,승용,여,33세,경상
2022011800100128,2022년 1월 18일 09시,화요일,전라북도 남원시 도통동,경상사고,0,0,1,0,차대차 - 기타,안전운전불이행,건조,맑음,단일로 - 기타,승용,남,67세,상해없음,화물,남,42세,경상
2022011800100183,2022년 1월 18일 11시,화요일,전라북도 전주시 완산구 중화산동2가,중상사고,0,1,2,0,차대차 - 측면충돌,안전거리미확보,건조,맑음,단일로 - 기타,승용,남,63세,상해없음,화물,남,60세,중상
2022011800100184,2022년 1월 18일 11시,화요일,전라북도 군산시 나운동,경상사고,0,0,1,0,차대사람 - 보도통행중,기타,건조,맑음,단일로 - 기타,승용,여,64세,상해없음,보행자,남,21세,경상
2022011800100216,2022년 1월 18일 12시,화요일,전라북도 군산시 서수면,경상사고,0,0,1,0,차대차 - 측면충돌,신호위반,건조,맑음,교차로 - 교차로안,기타불명,기타불명,미분류,기타불명,화물,남,56세,경상
2022011800100217,2022년 1월 18일 12시,화요일,전라북도 정읍시 하북동,경상사고,0,0,1,0,차대차 - 기타,불법유턴,건조,맑음,교차로 - 교차로부근,승용,남,51세,상해없음,화물,남,36세,경상
2022011800100253,2022년 1월 18일 13시,화요일,전라북도 전주시 덕진구 덕진동2가,경상사고,0,0,1,0,차대차 - 측면충돌,신호위반,건조,맑음,교차로 - 교차로안,승용,남,67세,기타불명,승용,남,21세,경상
2022011800100332,2022년 1월 18일 15시,화요일,전라북도 완주군 봉동읍,중상사고,0,1,0,0,차대차 - 측면충돌,차로위반,건조,맑음,단일로 - 기타,승용,남,28세,상해없음,승용,남,35세,중상
2022011800100381,2022년 1월 18일 16시,화요일,전라북도 부안군 줄포면,경상사고,0,0,1,0,차대차 - 추돌,안전거리미확보,건조,맑음,교차로 - 교차로안,승용,남,56세,상해없음,화물,남,57세,경상
2022011800100462,2022년 1월 18일 18시,화요일,전라북도 전주시 덕진구 송천동2가,경상사고,0,0,1,0,차대차 - 추돌,안전운전불이행,건조,맑음,교차로 - 교차로부근,승용,남,47세,상해없음,승용,여,43세,경상
2022011800100463,2022년 1월 18일 18시,화요일,전라북도 전주시 덕진구 진북동,경상사고,0,0,3,0,차대차 - 추돌,안전운전불이행,건조,맑음,단일로 - 기타,승용,남,63세,상해없음,승용,남,30세,경상
2022011800100464,2022년 1월 18일 18시,화요일,전라북도 군산시 조촌동,부상신고사고,0,0,0,1,차대차 - 기타,신호위반,건조,흐림,교차로 - 교차로안,자전거,여,69세,부상신고,승용,여,27세,상해없음
2022011800100465,2022년 1월 18일 18시,화요일,전라북도 익산시 영등동,경상사고,0,0,3,0,차대차 - 추돌,안전운전불이행,건조,맑음,단일로 - 기타,승용,남,62세,상해없음,승용,여,50세,경상
2022011800100466,2022년 1월 18일 18시,화요일,전라북도 익산시 어양동,경상사고,0,0,1,0,차대차 - 측면충돌,신호위반,건조,맑음,교차로 - 교차로안,승용,남,60세,상해없음,승용,남,26세,경상
2022011800100531,2022년 1월 18일 19시,화요일,전라북도 익산시 남중동,경상사고,0,0,1,0,차대차 - 추돌,안전운전불이행,건조,맑음,단일로 - 기타,승용,남,71세,상해없음,승용,여,57세,경상
2022011800100532,2022년 1월 18일 19시,화요일,전라북도 정읍시 용계동,경상사고,0,0,3,0,차대차 - 추돌,안전운전불이행,건조,맑음,교차로 - 교차로부근,승용,남,70세,상해없음,승용,남,24세,경상