사고번호,사고일시,요일,시군구,사고내용,사망자수,중상자수,경상자수,부상신고자수,사고유형,법규위반,노면상태,기상상태,도로형태,가해운전자 차종,가해운전자 성별,가해운전자 연령,가해운전자 상해정도,피해운전자 차종,피해운전자 성별,피해운전자 연령,피해운전자 상해정도
2022011800100571,2022년 1월 18일 20시,화요일,전라북도 군산시 중앙로1가,경상사고,0,0,1,0,차대차 - 기타,신호위반,젖음/습기,흐림,교차로 - 교차로안,승용,여,28세,상해없음,승용,여,60세,경상
2022011800100607,2022년 1월 18일 21시,화요일,전라북도 전주시 완산구 중화산동2가,경상사고,0,0,3,0,차대차 - 기타,안전운전불이행,건조,맑음,단일로 - 기타,승용,여,68세,상해없음,승용,남,22세,경상
2022011800100654,2022년 1월 18일 23시,화요일,전라북도 군산시 소룡동,경상사고,0,0,1,0,차대차 - 기타,안전운전불이행,젖음/습기,흐림,교차로 - 교차로안,승용,남,44세,상해없음,승용,여,25세,경상
2022011900100023,2022년 1월 19일 05시,수요일,전라북도 김제시 용지면,중상사고,0,1,0,0,차량단독 - 기타,안전운전불이행,서리/결빙,맑음,교차로 - 교차로부근,이륜,여,38세,상해없음,,,,
2022011900100044,2022년 1월 19일 06시,수요일,전라북도 진안군 진안읍,중상사고,0,1,0,0,차대차 - 추돌,안전운전불이행,건조,맑음,단일로 - 기타,승용,남,50세,중상,건설기계,남,36세,기타불명
2022011900100182,2022년 1월 19일 11시,수요일,전라북도 익산시 남중동,중상사고,0,1,0,0,차대사람 - 횡단중,보행자보호의무위반,건조,맑음,교차로 - 교차로안,승용,여,65세,상해없음,보행자,남,17세,중상
2022011900100205,2022년 1월 19일 12시,수요일,전라북도 군산시 회현면,사망사고,1,0,0,0,차대차 - 측면충돌,기타,건조,맑음,교차로 - 교차로안,화물,남,63세,상해없음,승용,여,65세,사망
2022011900100248,2022년 1월 19일 14시,수요일,전라북도 장수군 장계면,중상사고,0,1,0,0,차대사람 - 기타,보행자보호의무위반,건조,맑음,교차로 - 교차로부근,화물,남,69세,상해없음,보행자,여,76세,중상
2022011900100295,2022년 1월 19일 16시,수요일,전라북도 군산시 미장동,중상사고,0,1,0,0,차대사람 - 기타,기타,건조,맑음,단일로 - 기타,승합,남,55세,상해없음,보행자,여,78세,중상
2022011900100296,2022년 1월 19일 16시,수요일,전라북도 김제시 용지면,경상사고,0,0,1,0,차대차 - 추돌,안전운전불이행,건조,맑음,교차로 - 교차로부근,승용,남,63세,상해없음,승용,남,29세,경상
2022011900100321,2022년 1월 19일 17시,수요일,전라북도 익산시 춘포면,경상사고,0,0,1,0,차대차 - 측면충돌,신호위반,건조,맑음,교차로 - 교차로안,승용,여,30세,상해없음,승용,남,28세,경상
2022011900100322,2022년 1월 19일 17시,수요일,전라북도 완주군 봉동읍,경상사고,0,0,1,0,차대차 - 측면충돌,신호위반,건조,맑음,교차로 - 교차로안,화물,남,60세,상해없음,승용,남,36세,경상
2022011900100426,2022년 1월 19일 20시,수요일,전라북도 정읍시 수성동,경상사고,0,0,4,0,차대차 - 측면충돌,직진우회전진행방해,건조,맑음,교차로 - 교차로안,승용,남,31세,상해없음,승용,남,39세,경상
2022011900100475,2022년 1월 19일 22시,수요일,전라북도 전주시 덕진구 팔복동2가,경상사고,0,0,2,0,차대차 - 측면충돌,신호위반,건조,맑음,교차로 - 교차로안,승용,여,30세,상해없음,승용,남,29세,경상
2022012000100097,2022년 1월 20일 09시,목요일,전라북도 군산시 나운동,경상사고,0,0,1,0,차대차 - 측면충돌,신호위반,건조,맑음,교차로 - 교차로안,승용,여,35세,상해없음,승용,여,48세,경상
2022012000100098,2022년 1월 20일 09시,목요일,전라북도 군산시 산북동,경상사고,0,0,2,0,차대차 - 추돌,안전운전불이행,건조,맑음,단일로 - 기타,승용,남,70세,상해없음,승용,남,57세,경상
2022012000100124,2022년 1월 20일 10시,목요일,전라북도 정읍시 신태인읍,경상사고,0,0,1,0,차대차 - 측면충돌,교차로운행방법위반,건조,맑음,교차로 - 교차로안,사륜오토바이(ATV),여,79세,경상,승용,여,32세,상해없음
2022012000100125,2022년 1월 20일 10시,목요일,전라북도 남원시 월락동,경상사고,0,0,2,0,차대차 - 측면충돌,안전운전불이행,건조,맑음,교차로 - 교차로부근,승용,남,62세,경상,승용,남,52세,경상
2022012000100156,2022년 1월 20일 11시,목요일,전라북도 전주시 덕진구 팔복동1가,경상사고,0,0,1,0,차대차 - 측면충돌,안전운전불이행,건조,맑음,단일로 - 기타,승용,남,68세,상해없음,화물,남,49세,경상
2022012000100157,2022년 1월 20일 11시,목요일,전라북도 정읍시 고부면,중상사고,0,1,0,0,차대사람 - 차도통행중,안전운전불이행,건조,맑음,교차로 - 교차로안,화물,남,65세,상해없음,보행자,남,83세,중상
2022012000100158,2022년 1월 20일 11시,목요일,전라북도 부안군 동진면,중상사고,0,2,0,0,차대차 - 측면충돌,교차로운행방법위반,건조,맑음,교차로 - 교차로안,화물,남,30세,상해없음,화물,남,71세,중상
2022012000100249,2022년 1월 20일 14시,목요일,전라북도 군산시 조촌동,경상사고,0,0,1,0,차대차 - 측면충돌,안전운전불이행,건조,맑음,교차로 - 교차로안,승용,남,72세,상해없음,자전거,남,78세,경상
2022012000100320,2022년 1월 20일 16시,목요일,전라북도 군산시 나운동,경상사고,0,0,1,0,차대차 - 후진중충돌,안전운전불이행,건조,맑음,주차장 - 주차장,승용,남,64세,상해없음,화물,남,48세,경상
2022012000100321,2022년 1월 20일 16시,목요일,전라북도 완주군 봉동읍,중상사고,0,1,0,0,차대사람 - 횡단중,신호위반,건조,맑음,교차로 - 교차로안,승합,남,65세,상해없음,보행자,남,11세,중상
2022012000100354,2022년 1월 20일 17시,목요일,전라북도 익산시 성당면,경상사고,0,0,2,0,차대차 - 측면충돌,신호위반,건조,맑음,교차로 - 교차로안,승용,여,62세,기타불명,승합,여,34세,경상
2022012000100459,2022년 1월 20일 19시,목요일,전라북도 군산시 수송동,경상사고,0,0,1,0,차대차 - 후진중충돌,안전운전불이행,건조,맑음,단일로 - 기타,승용,여,44세,상해없음,승용,여,52세,경상
2022012000100495,2022년 1월 20일 20시,목요일,전라북도 임실군 임실읍,경상사고,0,0,1,0,차대차 - 측면충돌,중앙선침범,건조,맑음,단일로 - 지하차도(도로)내,승용,여,27세,상해없음,승용,여,56세,경상
2022012000100496,2022년 1월 20일 20시,목요일,전라북도 완주군 봉동읍,경상사고,0,0,1,0,차대사람 - 기타,보행자보호의무위반,건조,맑음,교차로 - 교차로횡단보도내,승용,남,38세,상해없음,보행자,남,22세,경상
2022012100100049,2022년 1월 21일 06시,금요일,전라북도 전주시 완산구 중화산동2가,경상사고,0,0,1,0,차대차 - 측면충돌,신호위반,건조,맑음,교차로 - 교차로안,승용,남,76세,상해없음,승용,남,50세,경상
2022012100100069,2022년 1월 21일 07시,금요일,전라북도 익산시 신흥동,경상사고,0,0,1,0,차대차 - 측면충돌,안전거리미확보,건조,맑음,단일로 - 기타,화물,남,59세,상해없음,승용,여,51세,경상
2022012100100070,2022년 1월 21일 07시,금요일,전라북도 순창군 순창읍,경상사고,0,0,1,0,차대사람 - 기타,안전운전불이행,건조,맑음,교차로 - 교차로부근,화물,여,57세,상해없음,보행자,여,80세,경상
2022012100100111,2022년 1월 21일 08시,금요일,전라북도 군산시 미원동,중상사고,0,1,0,0,차대사람 - 기타,안전운전불이행,건조,맑음,기타 - 기타,승용,남,61세,상해없음,보행자,남,82세,중상
2022012100100112,2022년 1월 21일 08시,금요일,전라북도 익산시 함라면,경상사고,0,0,1,0,차대차 - 정면충돌,중앙선침범,건조,맑음,단일로 - 기타,화물,남,36세,상해없음,이륜,남,23세,경상
2022012100100113,2022년 1월 21일 08시,금요일,전라북도 김제시 봉남면,경상사고,0,0,1,0,차대차 - 정면충돌,중앙선침범,건조,맑음,교차로 - 교차로부근,승용,여,68세,상해없음,승용,남,73세,경상
2022012100100150,2022년 1월 21일 09시,금요일,전라북도 전주시 덕진구 인후동1가,경상사고,0,0,1,0,차량단독 - 기타,안전운전불이행,건조,맑음,단일로 - 기타,승합,남,56세,상해없음,,,,
2022012100100151,2022년 1월 21일 09시,금요일,전라북도 전주시 덕진구 인후동1가,중상사고,0,1,0,0,차대사람 - 횡단중,보행자보호의무위반,건조,맑음,교차로 - 교차로횡단보도내,승용,여,41세,상해없음,보행자,남,63세,중상
2022012100100152,2022년 1월 21일 09시,금요일,전라북도 무주군 적상면,중상사고,0,2,0,0,차대차 - 추돌,안전운전불이행,건조,맑음,교차로 - 교차로부근,화물,남,84세,중상,승용,남,59세,중상
2022012100100181,2022년 1월 21일 10시,금요일,전라북도 무주군 무주읍,경상사고,0,0,2,0,차대차 - 추돌,안전운전불이행,건조,맑음,단일로 - 터널,승용,남,24세,상해없음,승용,여,53세,경상
2022012100100268,2022년 1월 21일 12시,금요일,전라북도 군산시 수송동,경상사고,0,0,2,0,차대차 - 측면충돌,교차로운행방법위반,건조,맑음,교차로 - 교차로안,승용,남,23세,상해없음,승용,남,47세,경상
2022012100100269,2022년 1월 21일 12시,금요일,전라북도 익산시 모현동1가,경상사고,0,0,1,0,차대차 - 측면충돌,안전운전불이행,건조,맑음,교차로 - 교차로안,승용,여,42세,상해없음,자전거,남,79세,경상
2022012100100329,2022년 1월 21일 14시,금요일,전라북도 군산시 조촌동,경상사고,0,0,1,0,차대차 - 기타,불법유턴,건조,맑음,교차로 - 교차로부근,자전거,남,73세,경상,승용,남,63세,상해없음
2022012100100330,2022년 1월 21일 14시,금요일,전라북도 군산시 조촌동,경상사고,0,0,3,0,차대차 - 기타,불법유턴,건조,맑음,교차로 - 교차로안,승용,여,62세,경상,승용,여,42세,경상
2022012100100371,2022년 1월 21일 15시,금요일,전라북도 군산시 수송동,경상사고,0,0,1,0,차대사람 - 횡단중,안전운전불이행,건조,맑음,단일로 - 기타,승용,여,40세,상해없음,보행자,여,66세,경상
2022012100100423,2022년 1월 21일 16시,금요일,전라북도 부안군 부안읍,중상사고,0,1,0,0,차대사람 - 횡단중,보행자보호의무위반,건조,맑음,교차로 - 교차로횡단보도내,화물,남,65세,상해없음,보행자,남,68세,중상
2022012100100587,2022년 1월 21일 19시,금요일,전라북도 군산시 문화동,경상사고,0,0,1,0,차대차 - 기타,신호위반,건조,맑음,교차로 - 교차로안,승용,여,54세,상해없음,승합,여,48세,경상
2022012100100673,2022년 1월 21일 21시,금요일,전라북도 전주시 덕진구 송천동2가,경상사고,0,0,2,0,차대차 - 측면충돌,중앙선침범,건조,맑음,교차로 - 교차로부근,승용,남,57세,상해없음,승용,남,35세,경상
2022012100100674,2022년 1월 21일 21시,금요일,전라북도 익산시 영등동,경상사고,0,0,2,0,차대차 - 측면충돌,안전운전불이행,건조,맑음,단일로 - 기타,승용,여,46세,상해없음,승용,여,21세,경상
2022012100100706,2022년 1월 21일 22시,금요일,전라북도 군산시 월명동,경상사고,0,0,2,0,차대차 - 기타,직진우회전진행방해,건조,맑음,교차로 - 교차로부근,승용,남,61세,상해없음,승용,남,20세,경상
2022012200100062,2022년 1월 22일 08시,토요일,전라북도 전주시 덕진구 진북동,경상사고,0,0,1,0,차대차 - 측면충돌,안전운전불이행,건조,맑음,교차로 - 교차로부근,승용,남,64세,상해없음,승용,남,52세,경상
2022012200100174,2022년 1월 22일 12시,토요일,전라북도 익산시 모현동2가,경상사고,0,0,1,0,차대차 - 측면충돌,신호위반,건조,맑음,교차로 - 교차로부근,화물,남,78세,상해없음,이륜,남,66세,경상
2022012200100175,2022년 1월 22일 12시,토요일,전라북도 남원시 동충동,경상사고,0,0,2,0,차대차 - 기타,차로위반,건조,맑음,교차로 - 교차로안,승용,남,48세,상해없음,승용,남,42세,경상
2022012200100247,2022년 1월 22일 14시,토요일,전라북도 전주시 덕진구 우아동3가,경상사고,0,0,1,0,차대차 - 측면충돌,신호위반,건조,맑음,교차로 - 교차로부근,화물,남,52세,상해없음,승용,여,48세,경상
2022012200100367,2022년 1월 22일 18시,토요일,전라북도 전주시 완산구 삼천동1가,경상사고,0,0,1,0,차량단독 - 기타,안전운전불이행,건조,맑음,단일로 - 기타,사륜오토바이(ATV),남,66세,경상,,,,
2022012200100368,2022년 1월 22일 18시,토요일,전라북도 익산시 황등면,중상사고,0,1,0,0,차대사람 - 횡단중,안전운전불이행,건조,맑음,단일로 - 기타,승합,남,54세,상해없음,보행자,남,60세,중상
2022012200100403,2022년 1월 22일 19시,토요일,전라북도 전주시 완산구 서신동,경상사고,0,0,1,0,차대차 - 추돌,안전운전불이행,건조,맑음,교차로 - 교차로안,기타불명,기타불명,미분류,기타불명,승용,남,55세,경상
2022012200100437,2022년 1월 22일 20시,토요일,전라북도 전주시 완산구 효자동1가,경상사고,0,0,1,0,차대차 - 측면충돌,안전운전불이행,젖음/습기,흐림,단일로 - 기타,승용,남,66세,상해없음,이륜,남,22세,경상
2022012200100474,2022년 1월 22일 21시,토요일,전라북도 김제시 요촌동,경상사고,0,0,1,0,차대차 - 측면충돌,안전운전불이행,건조,맑음,교차로 - 교차로부근,승용,남,11세,상해없음,승용,남,47세,경상
2022012200100507,2022년 1월 22일 22시,토요일,전라북도 전주시 완산구 서완산동1가,경상사고,0,0,3,0,차대차 - 측면충돌,신호위반,건조,맑음,교차로 - 교차로안,승용,여,42세,상해없음,승합,남,50세,경상
2022012200100508,2022년 1월 22일 22시,토요일,전라북도 전주시 완산구 삼천동1가,경상사고,0,0,5,0,차대차 - 추돌,안전거리미확보,건조,맑음,교차로 - 교차로부근,승용,남,65세,상해없음,승용,여,40세,경상
2022012300100053,2022년 1월 23일 10시,일요일,전라북도 군산시 조촌동,경상사고,0,0,1,0,차대차 - 후진중충돌,안전운전불이행,건조,맑음,교차로 - 교차로부근,승용,여,69세,상해없음,이륜,남,31세,경상
2022012300100067,2022년 1월 23일 11시,일요일,전라북도 군산시 수송동,경상사고,0,0,1,0,차대차 - 측면충돌,안전거리미확보,건조,맑음,단일로 - 지하차도(도로)내,승용,남,64세,상해없음,승용,여,60세,경상
2022012300100125,2022년 1월 23일 13시,일요일,전라북도 전주시 덕진구 덕진동1가,경상사고,0,0,1,0,차대차 - 측면충돌,기타,건조,맑음,교차로 - 교차로안,승용,여,27세,상해없음,이륜,남,21세,경상
2022012300100126,2022년 1월 23일 13시,일요일,전라북도 전주시 덕진구 인후동2가,경상사고,0,0,4,0,차대차 - 측면충돌,직진우회전진행방해,건조,맑음,교차로 - 교차로안,승용,남,60세,상해없음,승용,여,40세,경상
2022012300100155,2022년 1월 23일 14시,일요일,전라북도 익산시 부송동,경상사고,0,0,2,0,차대차 - 측면충돌,교차로운행방법위반,건조,맑음,교차로 - 교차로안,승용,남,62세,상해없음,승용,남,49세,경상
2022012300100262,2022년 1월 23일 18시,일요일,전라북도 전주시 완산구 효자동2가,경상사고,0,0,1,0,차대차 - 기타,안전운전불이행,건조,흐림,교차로 - 교차로부근,승용,여,63세,상해없음,승용,남,25세,경상
2022012300100263,2022년 1월 23일 18시,일요일,전라북도 김제시 검산동,경상사고,0,0,1,0,차대차 - 추돌,안전거리미확보,건조,맑음,교차로 - 교차로안,승용,남,50세,상해없음,승용,남,27세,경상
2022012300100341,2022년 1월 23일 20시,일요일,전라북도 부안군 부안읍,중상사고,0,1,1,0,차대사람 - 횡단중,보행자보호의무위반,건조,맑음,교차로 - 교차로횡단보도내,승용,여,38세,상해없음,보행자,여,17세,중상
2022012300100380,2022년 1월 23일 21시,일요일,전라북도 김제시 순동,중상사고,0,1,0,0,차대차 - 정면충돌,중앙선침범,건조,맑음,단일로 - 기타,승용,남,20세,상해없음,이륜,남,44세,중상
2022012300100400,2022년 1월 23일 22시,일요일,전라북도 정읍시 연지동,경상사고,0,0,2,0,차대차 - 측면충돌,직진우회전진행방해,건조,맑음,교차로 - 교차로안,화물,남,64세,경상,승용,남,27세,경상
2022012400100133,2022년 1월 24일 09시,월요일,전라북도 전주시 덕진구 진북동,경상사고,0,0,1,0,차대차 - 측면충돌,신호위반,건조,맑음,교차로 - 교차로안,화물,남,67세,상해없음,승용,남,23세,경상
2022012400100134,2022년 1월 24일 09시,월요일,전라북도 전주시 덕진구 덕진동1가,경상사고,0,0,1,0,차대차 - 측면충돌,안전운전불이행,건조,맑음,단일로 - 기타,화물,남,70세,상해없음,승용,여,34세,경상
2022012400100135,2022년 1월 24일 09시,월요일,전라북도 익산시 영등동,경상사고,0,0,1,0,차대사람 - 보도통행중,보행자보호의무위반,건조,맑음,단일로 - 기타,승용,여,39세,상해없음,보행자,남,9세,경상
2022012400100162,2022년 1월 24일 10시,월요일,전라북도 군산시 해망동,경상사고,0,0,1,0,차대차 - 측면충돌,안전운전불이행,건조,맑음,단일로 - 기타,화물,남,58세,상해없음,승용,남,57세,경상
2022012400100163,2022년 1월 24일 10시,월요일,전라북도 순창군 순창읍,경상사고,0,0,1,0,차대사람 - 길가장자리구역통행중,안전운전불이행,건조,맑음,교차로 - 교차로부근,승용,여,65세,상해없음,보행자,남,70세,경상
2022012400100195,2022년 1월 24일 11시,월요일,전라북도 김제시 신풍동,경상사고,0,0,1,0,차대차 - 측면충돌,신호위반,건조,맑음,교차로 - 교차로안,승용,남,82세,상해없음,화물,남,32세,경상
2022012400100196,2022년 1월 24일 11시,월요일,전라북도 완주군 삼례읍,중상사고,0,1,0,0,차대사람 - 횡단중,보행자보호의무위반,건조,맑음,교차로 - 교차로횡단보도내,승합,남,54세,상해없음,보행자,여,79세,중상
2022012400100239,2022년 1월 24일 12시,월요일,전라북도 전주시 완산구 효자동3가,중상사고,0,1,1,0,차대차 - 기타,신호위반,건조,맑음,교차로 - 교차로안,승용,남,29세,상해없음,이륜,남,34세,중상
2022012400100416,2022년 1월 24일 18시,월요일,전라북도 익산시 부송동,경상사고,0,0,1,0,차대차 - 측면충돌,신호위반,건조,맑음,교차로 - 교차로안,승용,여,66세,상해없음,승용,남,62세,경상
2022012400100417,2022년 1월 24일 18시,월요일,전라북도 무주군 설천면,경상사고,0,0,1,0,차대차 - 정면충돌,중앙선침범,건조,맑음,단일로 - 지하차도(도로)내,화물,남,77세,상해없음,승용,여,43세,경상
2022012400100532,2022년 1월 24일 21시,월요일,전라북도 전주시 완산구 효자동1가,경상사고,0,0,2,0,차대차 - 측면충돌,신호위반,건조,맑음,교차로 - 교차로안,승용,남,26세,상해없음,승용,남,20세,경상
2022012400100533,2022년 1월 24일 21시,월요일,전라북도 전주시 덕진구 산정동,중상사고,0,1,0,0,차대사람 - 횡단중,기타,건조,맑음,단일로 - 기타,승용,남,40세,상해없음,보행자,남,39세,중상
2022012500100018,2022년 1월 25일 05시,화요일,전라북도 익산시 오산면,경상사고,0,0,1,0,차대사람 - 횡단중,안전운전불이행,젖음/습기,비,교차로 - 교차로안,승용,여,24세,상해없음,보행자,여,71세,경상
2022012500100052,2022년 1월 25일 07시,화요일,전라북도 전주시 완산구 효자동2가,중상사고,0,1,0,0,차대사람 - 횡단중,안전운전불이행,젖음/습기,비,교차로 - 교차로부근,승용,남,29세,상해없음,보행자,여,67세,중상
2022012500100053,2022년 1월 25일 07시,화요일,전라북도 군산시 경암동,중상사고,0,1,0,0,차대차 - 측면충돌,신호위반,건조,맑음,교차로 - 교차로안,자전거,남,82세,중상,승용,남,51세,상해없음
2022012500100079,2022년 1월 25일 08시,화요일,전라북도 익산시 인화동1가,경상사고,0,0,1,0,차대차 - 측면충돌,신호위반,젖음/습기,비,교차로 - 교차로안,화물,남,57세,상해없음,승용,여,26세,경상
2022012500100080,2022년 1월 25일 08시,화요일,전라북도 고창군 상하면,경상사고,0,0,1,0,차대차 - 측면충돌,안전운전불이행,젖음/습기,비,교차로 - 교차로부근,승용,여,49세,상해없음,승용,여,42세,경상
2022012500100166,2022년 1월 25일 11시,화요일,전라북도 군산시 임피면,경상사고,0,0,1,0,차대차 - 추돌,안전운전불이행,젖음/습기,맑음,단일로 - 지하차도(도로)내,승용,남,28세,상해없음,승용,여,19세,상해없음
2022012500100167,2022년 1월 25일 11시,화요일,전라북도 익산시 남중동,중상사고,0,1,0,0,차대사람 - 횡단중,안전운전불이행,건조,맑음,단일로 - 기타,승용,여,50세,상해없음,보행자,여,88세,중상
2022012500100196,2022년 1월 25일 12시,화요일,전라북도 전주시 완산구 효자동1가,경상사고,0,0,1,0,차대차 - 측면충돌,신호위반,건조,흐림,교차로 - 교차로안,승용,여,70세,상해없음,승용,남,74세,상해없음
2022012500100197,2022년 1월 25일 12시,화요일,전라북도 전주시 완산구 삼천동1가,중상사고,0,1,0,0,차대사람 - 기타,기타,건조,맑음,단일로 - 기타,승합,남,59세,상해없음,보행자,여,68세,중상
2022012500100226,2022년 1월 25일 13시,화요일,전라북도 익산시 모현동1가,경상사고,0,0,1,0,차대차 - 측면충돌,신호위반,건조,맑음,교차로 - 교차로안,화물,남,54세,상해없음,승용,남,79세,경상
2022012500100254,2022년 1월 25일 14시,화요일,전라북도 전주시 완산구 서신동,경상사고,0,0,1,0,차대사람 - 횡단중,보행자보호의무위반,젖음/습기,비,교차로 - 교차로횡단보도내,이륜,남,80세,상해없음,보행자,여,40세,경상
2022012500100255,2022년 1월 25일 14시,화요일,전라북도 군산시 조촌동,경상사고,0,0,3,0,차대차 - 기타,안전운전불이행,건조,맑음,교차로 - 교차로안,승용,남,22세,상해없음,승용,남,49세,경상
2022012500100347,2022년 1월 25일 17시,화요일,전라북도 남원시 향교동,중상사고,0,1,0,0,차대차 - 측면충돌,직진우회전진행방해,건조,맑음,교차로 - 교차로안,승용,남,48세,상해없음,자전거,남,73세,중상
2022012500100395,2022년 1월 25일 18시,화요일,전라북도 익산시 신동,중상사고,0,1,0,0,차대사람 - 보도통행중,보행자보호의무위반,건조,맑음,교차로 - 교차로횡단보도내,원동기,남,35세,상해없음,보행자,여,64세,중상
2022012500100471,2022년 1월 25일 20시,화요일,전라북도 군산시 조촌동,경상사고,0,0,1,0,차대차 - 기타,신호위반,건조,맑음,교차로 - 교차로안,승용,여,20세,상해없음,원동기,남,56세,경상
2022012500100506,2022년 1월 25일 21시,화요일,전라북도 군산시 수송동,경상사고,0,0,1,0,차대차 - 정면충돌,중앙선침범,건조,맑음,단일로 - 기타,승용,여,43세,상해없음,이륜,남,35세,경상
2022012600100032,2022년 1월 26일 05시,수요일,전라북도 전주시 완산구 전동,사망사고,1,0,0,0,차대차 - 기타,기타,건조,맑음,교차로 - 교차로안,승용,남,53세,상해없음,승용,남,34세,상해없음
2022012600100047,2022년 1월 26일 06시,수요일,전라북도 전주시 완산구 효자동2가,경상사고,0,0,1,0,차대사람 - 횡단중,보행자보호의무위반,건조,맑음,교차로 - 교차로안,승용,남,71세,상해없음,보행자,여,50세,경상
2022012600100099,2022년 1월 26일 08시,수요일,전라북도 전주시 덕진구 덕진동1가,중상사고,0,1,0,0,차대차 - 측면충돌,안전운전불이행,건조,맑음,교차로 - 교차로안,승용,남,67세,상해없음,승용,남,28세,중상
2022012600100120,2022년 1월 26일 09시,수요일,전라북도 부안군 줄포면,중상사고,0,1,0,0,차량단독 - 전도전복 - 전복,안전운전불이행,젖음/습기,맑음,단일로 - 기타,승용,여,66세,상해없음,,,,
2022012600100121,2022년 1월 26일 09시,수요일,전라북도 순창군 순창읍,중상사고,0,1,0,0,차대사람 - 차도통행중,안전운전불이행,건조,맑음,교차로 - 교차로횡단보도내,승용,여,67세,상해없음,보행자,남,78세,중상
2022012600100155,2022년 1월 26일 10시,수요일,전라북도 전주시 덕진구 인후동1가,경상사고,0,0,1,0,차대차 - 추돌,안전운전불이행,건조,맑음,교차로 - 교차로부근,승용,여,68세,상해없음,승용,남,40세,경상
2022012600100208,2022년 1월 26일 12시,수요일,전라북도 부안군 줄포면,경상사고,0,0,1,0,차대차 - 측면충돌,안전운전불이행,건조,흐림,교차로 - 교차로부근,승용,남,70세,상해없음,승합,남,54세,경상
2022012600100278,2022년 1월 26일 14시,수요일,전라북도 전주시 덕진구 송천동2가,경상사고,0,0,1,0,차대차 - 측면충돌,안전운전불이행,건조,맑음,단일로 - 기타,승용,여,31세,기타불명,승용,여,37세,경상
2022012600100313,2022년 1월 26일 15시,수요일,전라북도 군산시 대야면,경상사고,0,0,1,0,차대사람 - 기타,안전운전불이행,건조,맑음,단일로 - 기타,화물,여,65세,상해없음,보행자,남,55세,경상
2022012600100342,2022년 1월 26일 16시,수요일,전라북도 전주시 덕진구 만성동,경상사고,0,0,1,0,차대차 - 추돌,안전운전불이행,건조,맑음,교차로 - 교차로안,승용,남,54세,상해없음,승용,여,37세,경상
2022012600100369,2022년 1월 26일 17시,수요일,전라북도 전주시 완산구 고사동,중상사고,0,1,0,0,차대사람 - 횡단중,보행자보호의무위반,건조,맑음,교차로 - 교차로안,승용,남,29세,상해없음,보행자,여,19세,중상
2022012600100370,2022년 1월 26일 17시,수요일,전라북도 전주시 완산구 서신동,경상사고,0,0,1,0,차대차 - 측면충돌,교차로운행방법위반,건조,맑음,교차로 - 교차로안,승용,남,69세,상해없음,승용,남,19세,경상
2022012600100371,2022년 1월 26일 17시,수요일,전라북도 전주시 덕진구 금암동,경상사고,0,0,2,0,차대차 - 측면충돌,신호위반,건조,맑음,교차로 - 교차로안,승용,여,48세,상해없음,승용,남,23세,경상
2022012600100372,2022년 1월 26일 17시,수요일,전라북도 익산시 영등동,부상신고사고,0,0,0,1,차대사람 - 횡단중,안전운전불이행,건조,맑음,단일로 - 기타,승합,여,49세,상해없음,보행자,여,8세,부상신고
2022012600100431,2022년 1월 26일 18시,수요일,전라북도 군산시 소룡동,경상사고,0,0,1,0,차대차 - 측면충돌,안전거리미확보,건조,흐림,단일로 - 기타,승용,남,70세,상해없음,승용,남,30세,경상
2022012600100432,2022년 1월 26일 18시,수요일,전라북도 남원시 쌍교동,경상사고,0,0,1,0,차대차 - 측면충돌,교차로운행방법위반,건조,맑음,교차로 - 교차로안,승용,남,37세,상해없음,이륜,남,61세,경상
2022012600100463,2022년 1월 26일 19시,수요일,전라북도 김제시 요촌동,중상사고,0,1,1,0,차대차 - 측면충돌,안전운전불이행,건조,맑음,단일로 - 기타,승용,여,31세,상해없음,이륜,남,26세,중상
2022012600100567,2022년 1월 26일 23시,수요일,전라북도 군산시 경장동,중상사고,0,1,0,0,차대사람 - 횡단중,안전운전불이행,건조,맑음,단일로 - 기타,승용,남,32세,상해없음,보행자,남,32세,중상
2022012700100048,2022년 1월 27일 07시,목요일,전라북도 정읍시 상동,경상사고,0,0,1,0,차대사람 - 보도통행중,기타,건조,맑음,기타 - 기타,승용,남,68세,상해없음,보행자,남,76세,경상
2022012700100076,2022년 1월 27일 08시,목요일,전라북도 전주시 완산구 삼천동1가,경상사고,0,0,1,0,차대차 - 추돌,안전운전불이행,건조,맑음,교차로 - 교차로부근,승용,여,24세,상해없음,승용,남,29세,경상
2022012700100077,2022년 1월 27일 08시,목요일,전라북도 군산시 소룡동,경상사고,0,0,1,0,차대차 - 측면충돌,신호위반,건조,맑음,교차로 - 교차로안,승합,남,72세,상해없음,승용,여,37세,경상
2022012700100133,2022년 1월 27일 10시,목요일,전라북도 임실군 임실읍,중상사고,0,2,2,0,차대차 - 추돌,교차로운행방법위반,건조,맑음,교차로 - 교차로안,화물,남,67세,상해없음,승용,남,68세,경상
2022012700100166,2022년 1월 27일 11시,목요일,전라북도 전주시 덕진구 인후동2가,경상사고,0,0,4,0,차대차 - 추돌,안전운전불이행,건조,맑음,교차로 - 교차로부근,화물,남,68세,상해없음,승용,남,70세,경상
2022012700100167,2022년 1월 27일 11시,목요일,전라북도 김제시 요촌동,중상사고,0,1,0,0,차대사람 - 기타,안전운전불이행,건조,맑음,단일로 - 기타,자전거,여,76세,상해없음,보행자,여,80세,중상