사고번호,사고일시,요일,시군구,사고내용,사망자수,중상자수,경상자수,부상신고자수,사고유형,법규위반,노면상태,기상상태,도로형태,가해운전자 차종,가해운전자 성별,가해운전자 연령,가해운전자 상해정도,피해운전자 차종,피해운전자 성별,피해운전자 연령,피해운전자 상해정도
2022012700100221,2022년 1월 27일 13시,목요일,전라북도 익산시 영등동,경상사고,0,0,4,0,차대차 - 기타,안전운전불이행,건조,맑음,교차로 - 교차로부근,승용,남,60세,상해없음,승용,여,26세,경상
2022012700100301,2022년 1월 27일 15시,목요일,전라북도 전주시 덕진구 반월동,경상사고,0,0,2,0,차대사람 - 기타,보행자보호의무위반,건조,맑음,교차로 - 교차로횡단보도내,화물,남,65세,상해없음,보행자,여,45세,경상
2022012700100334,2022년 1월 27일 16시,목요일,전라북도 부안군 부안읍,중상사고,0,1,0,0,차대차 - 측면충돌,안전운전불이행,건조,맑음,교차로 - 교차로안,자전거,남,75세,중상,화물,남,73세,상해없음
2022012700100409,2022년 1월 27일 18시,목요일,전라북도 군산시 소룡동,부상신고사고,0,0,0,1,차대차 - 측면충돌,안전운전불이행,건조,맑음,단일로 - 기타,이륜,남,53세,부상신고,승용,남,51세,기타불명
2022012700100450,2022년 1월 27일 19시,목요일,전라북도 군산시 조촌동,중상사고,0,1,0,1,차대차 - 정면충돌,신호위반,건조,맑음,교차로 - 교차로안,이륜,남,22세,부상신고,이륜,남,44세,중상
2022012700100513,2022년 1월 27일 21시,목요일,전라북도 군산시 장미동,경상사고,0,0,3,0,차대차 - 추돌,안전운전불이행,건조,맑음,교차로 - 교차로부근,승용,남,64세,상해없음,승용,여,20세,경상
2022012800100063,2022년 1월 28일 08시,금요일,전라북도 전주시 덕진구 여의동,중상사고,0,1,0,0,차대사람 - 횡단중,보행자보호의무위반,건조,맑음,교차로 - 교차로횡단보도내,화물,남,61세,상해없음,보행자,여,80세,중상
2022012800100064,2022년 1월 28일 08시,금요일,전라북도 익산시 부송동,중상사고,0,1,0,0,차대사람 - 길가장자리구역통행중,안전운전불이행,건조,맑음,교차로 - 교차로안,승용,여,44세,상해없음,보행자,여,81세,중상
2022012800100065,2022년 1월 28일 08시,금요일,전라북도 부안군 부안읍,경상사고,0,0,3,0,차대차 - 측면충돌,직진우회전진행방해,건조,맑음,교차로 - 교차로안,승용,남,66세,경상,승용,여,43세,경상
2022012800100093,2022년 1월 28일 09시,금요일,전라북도 무주군 설천면,중상사고,0,1,0,0,차대차 - 측면충돌,중앙선침범,건조,맑음,단일로 - 지하차도(도로)내,승용,여,64세,상해없음,승용,여,39세,중상
2022012800100163,2022년 1월 28일 11시,금요일,전라북도 임실군 임실읍,경상사고,0,0,1,0,차대차 - 측면충돌,교차로운행방법위반,건조,맑음,교차로 - 교차로안,승용,남,70세,상해없음,승용,남,37세,경상
2022012800100201,2022년 1월 28일 12시,금요일,전라북도 군산시 소룡동,경상사고,0,0,1,0,차대차 - 측면충돌,신호위반,건조,맑음,교차로 - 교차로안,승용,남,79세,상해없음,승용,남,61세,경상
2022012800100202,2022년 1월 28일 12시,금요일,전라북도 군산시 삼학동,경상사고,0,0,1,0,차대사람 - 기타,보행자보호의무위반,건조,맑음,교차로 - 교차로횡단보도내,자전거,남,50세,상해없음,보행자,여,85세,경상
2022012800100284,2022년 1월 28일 14시,금요일,전라북도 전주시 완산구 효자동1가,중상사고,0,1,0,0,차대사람 - 기타,안전운전불이행,건조,맑음,교차로 - 교차로부근,승합,남,56세,상해없음,보행자,여,61세,중상
2022012800100285,2022년 1월 28일 14시,금요일,전라북도 부안군 부안읍,중상사고,0,1,0,0,차대사람 - 횡단중,안전운전불이행,건조,맑음,교차로 - 교차로안,승용,여,39세,상해없음,보행자,남,62세,중상
2022012800100327,2022년 1월 28일 15시,금요일,전라북도 전주시 완산구 다가동3가,경상사고,0,0,2,0,차대차 - 기타,중앙선침범,기타,맑음,교차로 - 교차로부근,화물,남,60세,상해없음,화물,남,26세,경상
2022012800100328,2022년 1월 28일 15시,금요일,전라북도 전주시 완산구 효자동1가,경상사고,0,0,1,0,차대사람 - 기타,안전운전불이행,건조,맑음,기타 - 기타,개인형이동수단(PM),남,14세,상해없음,보행자,남,82세,경상
2022012800100329,2022년 1월 28일 15시,금요일,전라북도 군산시 수송동,경상사고,0,0,1,0,차대차 - 측면충돌,신호위반,건조,맑음,교차로 - 교차로횡단보도내,승용,남,25세,상해없음,이륜,남,22세,경상
2022012800100330,2022년 1월 28일 15시,금요일,전라북도 김제시 공덕면,경상사고,0,0,2,0,차대차 - 기타,안전거리미확보,건조,맑음,단일로 - 기타,승용,남,24세,상해없음,승용,남,48세,경상
2022012800100331,2022년 1월 28일 15시,금요일,전라북도 순창군 순창읍,경상사고,0,0,1,0,차대차 - 측면충돌,신호위반,건조,맑음,교차로 - 교차로안,승용,남,36세,상해없음,승용,여,27세,경상
2022012800100332,2022년 1월 28일 15시,금요일,전라북도 순창군 인계면,사망사고,1,0,0,0,차량단독 - 도로외이탈 - 추락,안전운전불이행,건조,맑음,단일로 - 기타,승용,남,42세,사망,,,,
2022012800100406,2022년 1월 28일 17시,금요일,전라북도 익산시 영등동,경상사고,0,0,1,0,차대차 - 측면충돌,신호위반,건조,맑음,교차로 - 교차로안,화물,남,61세,상해없음,이륜,남,62세,경상
2022012800100466,2022년 1월 28일 18시,금요일,전라북도 전주시 덕진구 여의동2가,경상사고,0,0,1,0,차대사람 - 횡단중,보행자보호의무위반,건조,맑음,교차로 - 교차로안,승용,여,41세,상해없음,보행자,여,59세,경상
2022012800100467,2022년 1월 28일 18시,금요일,전라북도 정읍시 농소동,경상사고,0,0,1,0,차대차 - 기타,신호위반,건조,맑음,교차로 - 교차로안,승용,여,36세,상해없음,승용,남,33세,경상
2022012800100524,2022년 1월 28일 19시,금요일,전라북도 군산시 서흥남동,경상사고,0,0,1,0,차대차 - 측면충돌,안전운전불이행,건조,맑음,교차로 - 교차로안,승용,남,72세,상해없음,이륜,남,46세,경상
2022012800100556,2022년 1월 28일 20시,금요일,전라북도 전주시 덕진구 인후동1가,중상사고,0,1,1,0,차대차 - 측면충돌,신호위반,건조,맑음,교차로 - 교차로안,승용,남,73세,경상,이륜,남,44세,중상
2022012800100595,2022년 1월 28일 21시,금요일,전라북도 전주시 완산구 효자동2가,경상사고,0,0,4,0,차대차 - 측면충돌,안전운전불이행,건조,맑음,교차로 - 교차로안,승용,여,57세,상해없음,승용,여,26세,경상
2022012800100596,2022년 1월 28일 21시,금요일,전라북도 군산시 나운동,경상사고,0,0,1,0,차대차 - 측면충돌,안전운전불이행,건조,맑음,교차로 - 교차로부근,승용,남,68세,상해없음,이륜,남,38세,경상
2022012900100014,2022년 1월 29일 01시,토요일,전라북도 군산시 문화동,경상사고,0,0,1,0,차대차 - 기타,안전운전불이행,건조,맑음,교차로 - 교차로안,승용,남,72세,상해없음,이륜,남,17세,경상
2022012900100066,2022년 1월 29일 09시,토요일,전라북도 군산시 중앙로1가,중상사고,0,2,0,0,차대차 - 측면충돌,안전운전불이행,건조,맑음,교차로 - 교차로안,승용,남,64세,상해없음,승용,남,58세,중상
2022012900100090,2022년 1월 29일 10시,토요일,전라북도 익산시 영등동,중상사고,0,1,0,0,차대사람 - 길가장자리구역통행중,안전운전불이행,건조,맑음,단일로 - 기타,승용,여,40세,상해없음,보행자,남,68세,중상
2022012900100116,2022년 1월 29일 11시,토요일,전라북도 남원시 수지면,중상사고,0,3,0,0,차대차 - 측면충돌,교차로운행방법위반,건조,맑음,교차로 - 교차로안,화물,남,74세,상해없음,승용,여,66세,중상
2022012900100145,2022년 1월 29일 12시,토요일,전라북도 전주시 완산구 효자동2가,중상사고,0,1,0,0,차대차 - 정면충돌,신호위반,건조,맑음,교차로 - 교차로안,화물,남,40세,상해없음,이륜,남,19세,중상
2022012900100146,2022년 1월 29일 12시,토요일,전라북도 전주시 완산구 동서학동,경상사고,0,0,2,0,차대차 - 측면충돌,안전거리미확보,건조,맑음,교차로 - 교차로부근,화물,남,83세,상해없음,승용,남,42세,경상
2022012900100147,2022년 1월 29일 12시,토요일,전라북도 군산시 중동,부상신고사고,0,0,0,1,차대차 - 정면충돌,안전운전불이행,건조,맑음,교차로 - 교차로안,자전거,남,71세,부상신고,승용,여,25세,상해없음
2022012900100183,2022년 1월 29일 13시,토요일,전라북도 전주시 완산구 삼천동1가,중상사고,0,1,0,0,차대차 - 정면충돌,직진우회전진행방해,건조,맑음,교차로 - 교차로안,승용,남,47세,상해없음,이륜,남,41세,중상
2022012900100184,2022년 1월 29일 13시,토요일,전라북도 익산시 남중동,경상사고,0,0,2,0,차대차 - 정면충돌,신호위반,건조,맑음,교차로 - 교차로안,승용,여,60세,상해없음,승용,남,71세,경상
2022012900100240,2022년 1월 29일 15시,토요일,전라북도 익산시 금마면,경상사고,0,0,2,0,차대차 - 측면충돌,신호위반,건조,맑음,교차로 - 교차로안,승용,남,66세,상해없음,승용,여,21세,경상
2022012900100312,2022년 1월 29일 17시,토요일,전라북도 군산시 문화동,경상사고,0,0,1,0,차대차 - 측면충돌,안전운전불이행,건조,맑음,단일로 - 기타,승용,남,45세,상해없음,이륜,남,21세,경상
2022012900100336,2022년 1월 29일 18시,토요일,전라북도 군산시 수송동,경상사고,0,0,1,0,차대사람 - 기타,안전운전불이행,건조,맑음,단일로 - 기타,승용,여,27세,기타불명,보행자,여,21세,경상
2022012900100337,2022년 1월 29일 18시,토요일,전라북도 익산시 왕궁면,중상사고,0,1,0,0,차대사람 - 차도통행중,안전운전불이행,건조,맑음,교차로 - 교차로안,승용,여,53세,상해없음,보행자,남,58세,중상
2022012900100365,2022년 1월 29일 19시,토요일,전라북도 군산시 수송동,중상사고,0,1,1,0,차대차 - 측면충돌,신호위반,건조,맑음,교차로 - 교차로안,승용,남,26세,경상,이륜,남,34세,중상
2022012900100450,2022년 1월 29일 22시,토요일,전라북도 군산시 수송동,경상사고,0,0,1,0,차대차 - 측면충돌,신호위반,건조,맑음,교차로 - 교차로안,승용,여,41세,상해없음,승용,여,46세,경상
2022013000100007,2022년 1월 30일 00시,일요일,전라북도 정읍시 연지동,경상사고,0,0,1,0,차대차 - 측면충돌,직진우회전진행방해,건조,맑음,교차로 - 교차로안,승용,남,64세,상해없음,승용,남,52세,경상
2022013000100074,2022년 1월 30일 11시,일요일,전라북도 전주시 완산구 삼천동1가,경상사고,0,0,1,0,차대차 - 측면충돌,차로위반,건조,맑음,교차로 - 교차로안,승용,남,77세,상해없음,승용,여,62세,경상
2022013000100075,2022년 1월 30일 11시,일요일,전라북도 정읍시 수성동,경상사고,0,0,3,0,차대차 - 추돌,안전거리미확보,건조,맑음,단일로 - 기타,승합,남,49세,경상,승합,남,60세,경상
2022013000100152,2022년 1월 30일 14시,일요일,전라북도 군산시 나운동,중상사고,0,1,7,0,차대차 - 측면충돌,안전운전불이행,건조,맑음,교차로 - 교차로부근,화물,남,48세,상해없음,승합,남,55세,경상
2022013000100180,2022년 1월 30일 15시,일요일,전라북도 전주시 완산구 효자동2가,경상사고,0,0,1,0,차대차 - 추돌,안전운전불이행,건조,맑음,기타 - 기타,승용,남,52세,상해없음,승용,여,55세,경상
2022013000100181,2022년 1월 30일 15시,일요일,전라북도 전주시 덕진구 덕진동2가,경상사고,0,0,1,0,차대차 - 기타,안전운전불이행,건조,맑음,단일로 - 기타,승용,여,21세,상해없음,승용,여,42세,경상
2022013000100210,2022년 1월 30일 16시,일요일,전라북도 군산시 나운동,경상사고,0,0,1,0,차대사람 - 차도통행중,안전운전불이행,건조,맑음,교차로 - 교차로부근,승용,남,50세,상해없음,보행자,여,73세,경상
2022013000100237,2022년 1월 30일 17시,일요일,전라북도 익산시 마동,경상사고,0,0,1,0,차대차 - 측면충돌,안전운전불이행,건조,맑음,단일로 - 기타,이륜,남,55세,경상,승용,여,45세,상해없음
2022013000100261,2022년 1월 30일 18시,일요일,전라북도 전주시 완산구 경원동1가,경상사고,0,0,2,0,차대차 - 측면충돌,안전운전불이행,건조,맑음,교차로 - 교차로안,승용,남,53세,상해없음,승용,남,59세,경상
2022013000100288,2022년 1월 30일 19시,일요일,전라북도 군산시 수송동,경상사고,0,0,1,0,차대사람 - 보도통행중,신호위반,건조,맑음,교차로 - 교차로부근,이륜,남,28세,상해없음,보행자,여,25세,경상
2022013000100308,2022년 1월 30일 20시,일요일,전라북도 전주시 완산구 색장동,부상신고사고,0,0,0,1,차대차 - 추돌,안전운전불이행,건조,맑음,교차로 - 교차로부근,승합,남,53세,상해없음,승용,남,53세,부상신고
2022013000100359,2022년 1월 30일 22시,일요일,전라북도 익산시 어양동,경상사고,0,0,1,0,차대차 - 기타,기타,건조,맑음,교차로 - 교차로부근,승용,여,26세,상해없음,이륜,남,27세,경상
2022013100100104,2022년 1월 31일 13시,월요일,전라북도 남원시 광치동,중상사고,0,2,1,0,차대차 - 추돌,안전운전불이행,기타,맑음,단일로 - 기타,승용,여,49세,상해없음,승용,여,55세,중상
2022013100100159,2022년 1월 31일 15시,월요일,전라북도 군산시 중동,부상신고사고,0,0,0,1,차대차 - 측면충돌,차로위반,건조,맑음,단일로 - 지하차도(도로)내,승용,남,75세,상해없음,승용,여,61세,부상신고
2022013100100160,2022년 1월 31일 15시,월요일,전라북도 익산시 영등동,중상사고,0,2,1,0,차대차 - 측면충돌,신호위반,건조,맑음,교차로 - 교차로안,승용,남,22세,상해없음,승용,남,41세,중상
2022013100100184,2022년 1월 31일 16시,월요일,전라북도 전주시 덕진구 진북동,경상사고,0,0,1,0,차대차 - 추돌,안전운전불이행,건조,맑음,단일로 - 기타,승용,남,57세,상해없음,승용,여,36세,경상
2022013100100185,2022년 1월 31일 16시,월요일,전라북도 군산시 장재동,경상사고,0,0,1,0,차대차 - 측면충돌,신호위반,건조,맑음,교차로 - 교차로안,승용,남,70세,상해없음,승용,여,30세,경상
2022013100100207,2022년 1월 31일 17시,월요일,전라북도 군산시 나운동,경상사고,0,0,2,0,차대차 - 기타,직진우회전진행방해,건조,맑음,교차로 - 교차로안,이륜,남,41세,기타불명,승용,남,35세,경상
2022013100100253,2022년 1월 31일 19시,월요일,전라북도 군산시 수송동,중상사고,0,1,0,0,차대차 - 측면충돌,차로위반,건조,맑음,교차로 - 교차로횡단보도내,승용,남,50세,상해없음,승용,여,51세,중상
2022013100100272,2022년 1월 31일 20시,월요일,전라북도 익산시 동산동,경상사고,0,0,1,0,차대차 - 측면충돌,안전운전불이행,건조,흐림,단일로 - 기타,승용,남,52세,상해없음,승용,남,39세,경상
2022020100100111,2022년 2월 1일 14시,화요일,전라북도 전주시 완산구 효자동2가,중상사고,0,1,2,0,차대차 - 기타,신호위반,건조,맑음,단일로 - 기타,이륜,남,42세,중상,개인형이동수단(PM),남,24세,경상
2022020100100143,2022년 2월 1일 16시,화요일,전라북도 전주시 완산구 평화동1가,경상사고,0,0,1,0,차대사람 - 기타,기타,건조,맑음,기타 - 기타,이륜,남,23세,상해없음,보행자,남,29세,경상
2022020100100206,2022년 2월 1일 20시,화요일,전라북도 익산시 황등면,경상사고,0,0,1,0,차대차 - 측면충돌,중앙선침범,건조,맑음,단일로 - 기타,승합,남,43세,상해없음,승용,남,48세,경상
2022020200100060,2022년 2월 2일 11시,수요일,전라북도 전주시 완산구 평화동2가,경상사고,0,0,1,0,차대차 - 추돌,안전운전불이행,건조,맑음,교차로 - 교차로부근,화물,남,56세,상해없음,화물,여,59세,경상
2022020200100061,2022년 2월 2일 11시,수요일,전라북도 익산시 삼기면,중상사고,0,1,0,0,차대차 - 측면충돌,안전운전불이행,건조,맑음,교차로 - 교차로부근,승용,여,55세,상해없음,이륜,남,72세,중상
2022020200100094,2022년 2월 2일 13시,수요일,전라북도 전주시 덕진구 진북동,경상사고,0,0,1,0,차대차 - 기타,기타,건조,맑음,단일로 - 기타,승합,남,52세,상해없음,승용,남,28세,상해없음
2022020200100095,2022년 2월 2일 13시,수요일,전라북도 군산시 조촌동,경상사고,0,0,1,0,차대차 - 측면충돌,신호위반,건조,맑음,교차로 - 교차로안,승용,남,43세,상해없음,승용,남,56세,경상
2022020200100148,2022년 2월 2일 15시,수요일,전라북도 전주시 덕진구 금암동,중상사고,0,1,0,0,차대사람 - 횡단중,보행자보호의무위반,건조,맑음,교차로 - 교차로횡단보도내,승용,남,56세,상해없음,보행자,남,54세,중상
2022020200100169,2022년 2월 2일 16시,수요일,전라북도 전주시 완산구 효자동2가,경상사고,0,0,1,0,차대차 - 추돌,안전운전불이행,건조,맑음,교차로 - 교차로부근,원동기,남,56세,상해없음,승용,남,32세,경상
2022020200100170,2022년 2월 2일 16시,수요일,전라북도 전주시 덕진구 덕진동1가,경상사고,0,0,1,0,차대차 - 측면충돌,안전운전불이행,건조,맑음,단일로 - 기타,승용,남,52세,상해없음,승용,남,31세,기타불명
2022020200100171,2022년 2월 2일 16시,수요일,전라북도 군산시 대야면,경상사고,0,0,1,0,차대차 - 추돌,안전운전불이행,건조,맑음,단일로 - 기타,승용,남,45세,상해없음,승용,남,37세,경상
2022020200100187,2022년 2월 2일 17시,수요일,전라북도 무주군 무주읍,중상사고,0,1,0,0,차대차 - 측면충돌,신호위반,건조,맑음,교차로 - 교차로안,승용,남,40세,상해없음,승합,남,50세,중상
2022020200100262,2022년 2월 2일 20시,수요일,전라북도 전주시 덕진구 덕진동2가,경상사고,0,0,1,0,차대차 - 측면충돌,안전운전불이행,건조,맑음,교차로 - 교차로안,승용,남,31세,상해없음,승용,남,68세,경상
2022020200100263,2022년 2월 2일 20시,수요일,전라북도 익산시 영등동,경상사고,0,0,1,0,차대차 - 추돌,안전운전불이행,건조,맑음,교차로 - 교차로부근,승용,남,31세,상해없음,승용,남,38세,경상
2022020200100264,2022년 2월 2일 20시,수요일,전라북도 남원시 고죽동,경상사고,0,0,1,0,차량단독 - 전도전복 - 전도,안전운전불이행,건조,맑음,교차로 - 교차로부근,이륜,남,21세,경상,,,,
2022020200100298,2022년 2월 2일 21시,수요일,전라북도 전주시 덕진구 송천동2가,중상사고,0,1,1,0,차대차 - 측면충돌,불법유턴,건조,맑음,교차로 - 교차로안,이륜,남,28세,중상,승용,남,25세,경상
2022020200100313,2022년 2월 2일 22시,수요일,전라북도 전주시 완산구 평화동1가,중상사고,0,1,0,0,차대차 - 기타,교차로운행방법위반,건조,맑음,교차로 - 교차로안,승용,남,64세,상해없음,이륜,남,71세,중상
2022020300100020,2022년 2월 3일 06시,목요일,전라북도 전주시 완산구 서신동,경상사고,0,0,1,0,차대차 - 추돌,안전운전불이행,건조,맑음,교차로 - 교차로부근,승용,남,31세,상해없음,승용,여,31세,경상
2022020300100061,2022년 2월 3일 08시,목요일,전라북도 장수군 장계면,경상사고,0,0,2,0,차대차 - 측면충돌,교차로운행방법위반,건조,맑음,교차로 - 교차로안,승용,여,33세,상해없음,승용,여,42세,경상
2022020300100091,2022년 2월 3일 09시,목요일,전라북도 익산시 마동,경상사고,0,0,1,0,차대차 - 측면충돌,신호위반,건조,맑음,교차로 - 교차로안,승용,남,42세,상해없음,승용,여,47세,경상
2022020300100119,2022년 2월 3일 10시,목요일,전라북도 전주시 완산구 효자동1가,중상사고,0,1,0,0,차대사람 - 기타,안전운전불이행,건조,맑음,단일로 - 기타,승용,남,61세,상해없음,보행자,여,77세,중상
2022020300100120,2022년 2월 3일 10시,목요일,전라북도 익산시 중앙동1가,경상사고,0,0,2,0,차대차 - 측면충돌,신호위반,건조,맑음,교차로 - 교차로안,화물,남,31세,경상,승용,남,33세,경상
2022020300100262,2022년 2월 3일 15시,목요일,전라북도 군산시 중앙로3가,부상신고사고,0,0,0,1,차대차 - 측면충돌,안전운전불이행,건조,흐림,교차로 - 교차로안,개인형이동수단(PM),남,20세,부상신고,승용,여,59세,상해없음
2022020300100345,2022년 2월 3일 18시,목요일,전라북도 고창군 흥덕면,경상사고,0,0,2,0,차대차 - 정면충돌,기타,건조,맑음,단일로 - 교량,특수,남,62세,상해없음,승합,남,55세,경상
2022020300100383,2022년 2월 3일 19시,목요일,전라북도 전주시 덕진구 팔복동2가,중상사고,0,1,0,0,차대차 - 측면충돌,불법유턴,건조,맑음,단일로 - 기타,승용,남,24세,상해없음,이륜,여,74세,중상
2022020300100421,2022년 2월 3일 21시,목요일,전라북도 전주시 덕진구 덕진동1가,중상사고,0,3,0,0,차대사람 - 기타,안전운전불이행,건조,맑음,단일로 - 기타,승용,남,22세,상해없음,보행자,여,29세,중상
2022020400100025,2022년 2월 4일 06시,금요일,전라북도 장수군 계북면,중상사고,0,1,0,0,차대차 - 추돌,기타,건조,맑음,기타 - 기타,승용,남,35세,상해없음,화물,남,40세,중상
2022020400100040,2022년 2월 4일 07시,금요일,전라북도 익산시 부송동,경상사고,0,0,1,0,차대차 - 추돌,안전운전불이행,건조,맑음,단일로 - 기타,승용,남,22세,상해없음,승용,남,50세,경상
2022020400100112,2022년 2월 4일 10시,금요일,전라북도 부안군 행안면,경상사고,0,0,1,0,차대차 - 측면충돌,직진우회전진행방해,젖음/습기,흐림,교차로 - 교차로안,화물,남,50세,상해없음,승용,남,44세,경상
2022020400100143,2022년 2월 4일 11시,금요일,전라북도 군산시 서흥남동,경상사고,0,0,1,0,차량단독 - 전도전복 - 전도,안전운전불이행,건조,맑음,교차로 - 교차로부근,이륜,남,41세,경상,,,,
2022020400100144,2022년 2월 4일 11시,금요일,전라북도 정읍시 태인면,중상사고,0,1,0,0,차대차 - 기타,신호위반,건조,맑음,교차로 - 교차로안,이륜,남,85세,중상,승용,남,61세,상해없음
2022020400100176,2022년 2월 4일 12시,금요일,전라북도 익산시 부송동,경상사고,0,0,1,0,차대차 - 측면충돌,안전거리미확보,건조,맑음,단일로 - 기타,승용,남,73세,상해없음,승용,남,37세,경상
2022020400100200,2022년 2월 4일 13시,금요일,전라북도 정읍시 수성동,중상사고,0,1,0,0,차대차 - 측면충돌,안전운전불이행,건조,흐림,단일로 - 기타,승용,여,30세,상해없음,이륜,남,22세,중상
2022020400100227,2022년 2월 4일 14시,금요일,전라북도 임실군 오수면,중상사고,0,1,0,0,차대차 - 측면충돌,안전운전불이행,건조,맑음,단일로 - 기타,화물,남,68세,상해없음,이륜,여,79세,중상
2022020400100313,2022년 2월 4일 17시,금요일,전라북도 익산시 남중동,중상사고,0,1,0,0,차대차 - 측면충돌,직진우회전진행방해,건조,맑음,교차로 - 교차로안,승용,여,56세,상해없음,자전거,남,83세,중상
2022020400100399,2022년 2월 4일 19시,금요일,전라북도 익산시 영등동,경상사고,0,0,1,0,차대사람 - 횡단중,보행자보호의무위반,건조,맑음,교차로 - 교차로횡단보도내,승용,남,76세,상해없음,보행자,남,50세,경상
2022020400100460,2022년 2월 4일 21시,금요일,전라북도 군산시 미장동,경상사고,0,0,1,0,차대차 - 정면충돌,교차로운행방법위반,건조,맑음,교차로 - 교차로안,승용,남,64세,상해없음,승용,여,51세,경상
2022020500100010,2022년 2월 5일 00시,토요일,전라북도 익산시 남중동,경상사고,0,0,1,0,차대차 - 추돌,안전운전불이행,적설,눈,교차로 - 교차로부근,승용,남,31세,상해없음,승용,남,18세,경상
2022020500100023,2022년 2월 5일 03시,토요일,전라북도 군산시 미룡동,부상신고사고,0,0,0,2,차량단독 - 공작물충돌,안전운전불이행,건조,맑음,교차로 - 교차로안,승용,남,33세,상해없음,,,,
2022020500100054,2022년 2월 5일 09시,토요일,전라북도 전주시 완산구 동완산동,경상사고,0,0,2,0,차대차 - 추돌,안전운전불이행,건조,맑음,교차로 - 교차로안,승용,남,54세,상해없음,승용,남,49세,경상
2022020500100055,2022년 2월 5일 09시,토요일,전라북도 정읍시 수성동,중상사고,0,1,0,0,차대사람 - 횡단중,보행자보호의무위반,젖음/습기,맑음,교차로 - 교차로안,화물,남,42세,상해없음,보행자,여,67세,중상
2022020500100094,2022년 2월 5일 11시,토요일,전라북도 전주시 완산구 서신동,중상사고,0,1,0,0,차대사람 - 기타,안전운전불이행,건조,맑음,단일로 - 기타,승용,남,62세,상해없음,보행자,남,53세,중상
2022020500100115,2022년 2월 5일 12시,토요일,전라북도 무주군 설천면,경상사고,0,0,2,0,차대차 - 측면충돌,안전운전불이행,건조,맑음,단일로 - 지하차도(도로)내,승용,남,52세,상해없음,화물,남,42세,경상
2022020500100144,2022년 2월 5일 13시,토요일,전라북도 전주시 완산구 삼천동2가,경상사고,0,0,1,0,차대차 - 정면충돌,신호위반,건조,맑음,교차로 - 교차로안,승용,남,35세,상해없음,승용,남,47세,경상
2022020500100174,2022년 2월 5일 14시,토요일,전라북도 고창군 고창읍,경상사고,0,0,1,0,차대사람 - 횡단중,안전운전불이행,건조,맑음,단일로 - 터널,승용,남,22세,상해없음,보행자,여,6세,경상
2022020500100203,2022년 2월 5일 15시,토요일,전라북도 전주시 덕진구 송천동2가,경상사고,0,0,1,0,차대차 - 측면충돌,교차로운행방법위반,건조,맑음,교차로 - 교차로안,승용,남,58세,상해없음,승용,남,25세,경상
2022020500100224,2022년 2월 5일 16시,토요일,전라북도 전주시 덕진구 우아동3가,경상사고,0,0,1,0,차대차 - 측면충돌,안전운전불이행,건조,맑음,교차로 - 교차로부근,이륜,남,69세,상해없음,승용,여,47세,경상
2022020500100225,2022년 2월 5일 16시,토요일,전라북도 군산시 경장동,중상사고,0,1,1,0,차대차 - 기타,신호위반,건조,맑음,교차로 - 교차로안,승용,남,28세,상해없음,승용,남,32세,중상
2022020500100351,2022년 2월 5일 21시,토요일,전라북도 전주시 완산구 풍남동1가,중상사고,0,1,0,0,차대사람 - 기타,기타,건조,맑음,단일로 - 기타,승합,남,52세,상해없음,보행자,남,56세,중상
2022020500100352,2022년 2월 5일 21시,토요일,전라북도 전주시 덕진구 송천동1가,중상사고,0,1,0,0,차대사람 - 기타,안전운전불이행,건조,맑음,단일로 - 기타,승용,남,60세,상해없음,보행자,남,57세,중상
2022020600100019,2022년 2월 6일 07시,일요일,전라북도 전주시 덕진구 송천동2가,중상사고,0,1,0,0,차대사람 - 횡단중,안전운전불이행,건조,맑음,단일로 - 기타,승용,여,36세,상해없음,보행자,여,72세,중상
2022020600100053,2022년 2월 6일 11시,일요일,전라북도 전주시 덕진구 송천동2가,경상사고,0,0,1,0,차대차 - 추돌,안전운전불이행,건조,맑음,단일로 - 기타,이륜,남,32세,상해없음,승용,남,36세,경상
2022020600100054,2022년 2월 6일 11시,일요일,전라북도 익산시 신동,경상사고,0,0,1,0,차대차 - 추돌,안전거리미확보,건조,맑음,교차로 - 교차로부근,승용,남,18세,상해없음,승용,남,37세,경상
2022020600100130,2022년 2월 6일 15시,일요일,전라북도 군산시 조촌동,부상신고사고,0,0,0,2,차대차 - 추돌,안전운전불이행,건조,맑음,교차로 - 교차로부근,승용,남,37세,상해없음,화물,남,59세,부상신고
2022020600100131,2022년 2월 6일 15시,일요일,전라북도 진안군 진안읍,중상사고,0,1,0,0,차량단독 - 공작물충돌,안전운전불이행,서리/결빙,눈,교차로 - 교차로안,이륜,남,26세,중상,,,,
2022020600100280,2022년 2월 6일 23시,일요일,전라북도 전주시 덕진구 금암동,경상사고,0,0,1,0,차대차 - 측면충돌,안전거리미확보,건조,맑음,단일로 - 기타,승용,남,63세,상해없음,승용,남,71세,경상
2022020700100024,2022년 2월 7일 06시,월요일,전라북도 전주시 완산구 효자동2가,경상사고,0,0,1,0,차대사람 - 횡단중,신호위반,건조,맑음,교차로 - 교차로안,승용,여,41세,상해없음,보행자,여,59세,경상
2022020700100039,2022년 2월 7일 07시,월요일,전라북도 군산시 지곡동,경상사고,0,0,2,0,차대차 - 기타,직진우회전진행방해,건조,맑음,교차로 - 교차로안,승용,남,70세,상해없음,승용,남,26세,경상