사고번호,사고일시,요일,시군구,사고내용,사망자수,중상자수,경상자수,부상신고자수,사고유형,법규위반,노면상태,기상상태,도로형태,가해운전자 차종,가해운전자 성별,가해운전자 연령,가해운전자 상해정도,피해운전자 차종,피해운전자 성별,피해운전자 연령,피해운전자 상해정도
2022022500100084,2022년 2월 25일 08시,금요일,전라북도 익산시 영등동,경상사고,0,0,2,0,차대차 - 측면충돌,교차로운행방법위반,건조,맑음,교차로 - 교차로안,승용,남,50세,상해없음,승용,남,56세,경상
2022022500100085,2022년 2월 25일 08시,금요일,전라북도 김제시 검산동,사망사고,1,0,0,0,차량단독 - 전도전복 - 전도,안전운전불이행,건조,맑음,단일로 - 기타,이륜,남,71세,사망,,,,
2022022500100150,2022년 2월 25일 10시,금요일,전라북도 익산시 중앙동2가,부상신고사고,0,0,0,1,차대사람 - 횡단중,안전운전불이행,건조,맑음,단일로 - 기타,이륜,남,39세,상해없음,보행자,여,56세,부상신고
2022022500100217,2022년 2월 25일 12시,금요일,전라북도 전주시 완산구 중화산동2가,경상사고,0,0,3,0,차대차 - 후진중충돌,불법유턴,건조,맑음,단일로 - 기타,승합,남,43세,경상,승용,여,39세,경상
2022022500100218,2022년 2월 25일 12시,금요일,전라북도 전주시 덕진구 덕진동1가,경상사고,0,0,1,0,차대차 - 측면충돌,신호위반,건조,맑음,교차로 - 교차로안,승용,남,28세,상해없음,승용,남,27세,경상
2022022500100219,2022년 2월 25일 12시,금요일,전라북도 군산시 소룡동,중상사고,0,1,1,0,차대차 - 측면충돌,안전운전불이행,건조,맑음,교차로 - 교차로안,승용,남,26세,경상,화물,남,54세,중상
2022022500100220,2022년 2월 25일 12시,금요일,전라북도 김제시 요촌동,경상사고,0,0,1,0,차대차 - 측면충돌,안전거리미확보,건조,맑음,단일로 - 기타,승용,여,47세,상해없음,승용,남,33세,경상
2022022500100221,2022년 2월 25일 12시,금요일,전라북도 고창군 부안면,중상사고,0,1,0,0,차대사람 - 길가장자리구역통행중,기타,건조,맑음,단일로 - 교량,승합,남,45세,상해없음,보행자,여,83세,중상
2022022500100250,2022년 2월 25일 13시,금요일,전라북도 군산시 경장동,경상사고,0,0,2,0,차대차 - 추돌,안전운전불이행,건조,맑음,교차로 - 교차로부근,승용,남,43세,상해없음,화물,남,50세,경상
2022022500100251,2022년 2월 25일 13시,금요일,전라북도 장수군 장수읍,중상사고,0,1,0,0,차대차 - 측면충돌,안전운전불이행,건조,맑음,교차로 - 교차로안,승합,남,77세,상해없음,이륜,남,79세,중상
2022022500100497,2022년 2월 25일 20시,금요일,전라북도 군산시 나운동,경상사고,0,0,1,0,차대차 - 추돌,안전운전불이행,젖음/습기,맑음,교차로 - 교차로안,승용,남,56세,상해없음,승용,남,36세,경상
2022022600100008,2022년 2월 26일 00시,토요일,전라북도 익산시 신흥동,경상사고,0,0,2,0,차대차 - 기타,안전운전불이행,젖음/습기,흐림,교차로 - 교차로횡단보도내,특수,남,56세,상해없음,승용,여,52세,경상
2022022600100046,2022년 2월 26일 06시,토요일,전라북도 군산시 수송동,중상사고,0,1,0,0,차대사람 - 횡단중,안전운전불이행,건조,기타,교차로 - 교차로부근,승용,남,51세,상해없음,보행자,여,72세,중상
2022022600100076,2022년 2월 26일 08시,토요일,전라북도 익산시 영등동,경상사고,0,0,2,0,차대차 - 후진중충돌,안전운전불이행,건조,맑음,교차로 - 교차로부근,화물,남,66세,상해없음,승용,남,44세,경상
2022022600100110,2022년 2월 26일 10시,토요일,전라북도 정읍시 연지동,중상사고,0,1,0,0,차대차 - 추돌,안전운전불이행,건조,맑음,교차로 - 교차로안,승용,남,28세,상해없음,이륜,남,39세,중상
2022022600100111,2022년 2월 26일 10시,토요일,전라북도 임실군 지사면,중상사고,0,1,0,0,차대차 - 추돌,안전운전불이행,건조,맑음,단일로 - 기타,화물,남,77세,상해없음,이륜,여,62세,중상
2022022600100112,2022년 2월 26일 10시,토요일,전라북도 완주군 소양면,경상사고,0,0,2,0,차대차 - 측면충돌,중앙선침범,건조,맑음,교차로 - 교차로부근,승용,여,50세,상해없음,승용,남,71세,경상
2022022600100132,2022년 2월 26일 11시,토요일,전라북도 전주시 덕진구 진북동,경상사고,0,0,1,0,차대차 - 측면충돌,안전운전불이행,건조,맑음,교차로 - 교차로안,승용,여,57세,상해없음,승용,남,75세,경상
2022022600100133,2022년 2월 26일 11시,토요일,전라북도 익산시 남중동,경상사고,0,0,1,0,차대차 - 기타,신호위반,건조,맑음,교차로 - 교차로부근,승용,남,75세,상해없음,승용,여,60세,경상
2022022600100163,2022년 2월 26일 12시,토요일,전라북도 전주시 덕진구 덕진동2가,경상사고,0,0,1,0,차대차 - 측면충돌,신호위반,건조,맑음,교차로 - 교차로안,승용,남,66세,상해없음,승용,여,38세,경상
2022022600100164,2022년 2월 26일 12시,토요일,전라북도 익산시 부송동,경상사고,0,0,1,0,차대차 - 측면충돌,직진우회전진행방해,건조,맑음,교차로 - 교차로안,승용,여,39세,상해없음,승용,여,73세,경상
2022022600100165,2022년 2월 26일 12시,토요일,전라북도 김제시 신풍동,경상사고,0,0,1,0,차대차 - 측면충돌,안전운전불이행,건조,맑음,교차로 - 교차로안,승용,남,66세,상해없음,승용,남,30세,경상
2022022600100234,2022년 2월 26일 14시,토요일,전라북도 전주시 완산구 서노송동,중상사고,0,2,2,0,차대차 - 기타,안전운전불이행,건조,맑음,단일로 - 기타,승용,남,62세,상해없음,승합,남,50세,상해없음
2022022600100281,2022년 2월 26일 16시,토요일,전라북도 군산시 중앙로3가,중상사고,0,1,0,0,차대차 - 측면충돌,교차로운행방법위반,건조,맑음,교차로 - 교차로안,화물,남,67세,상해없음,자전거,남,83세,중상
2022022600100282,2022년 2월 26일 16시,토요일,전라북도 군산시 수송동,경상사고,0,0,1,0,차대차 - 측면충돌,안전운전불이행,건조,맑음,교차로 - 교차로부근,화물,남,63세,상해없음,원동기,남,17세,경상
2022022600100313,2022년 2월 26일 17시,토요일,전라북도 고창군 부안면,경상사고,0,0,1,0,차대차 - 측면충돌,신호위반,건조,맑음,교차로 - 교차로안,화물,남,60세,상해없음,승용,남,54세,경상
2022022600100352,2022년 2월 26일 18시,토요일,전라북도 부안군 동진면,경상사고,0,0,1,0,차량단독 - 전도전복 - 전복,안전운전불이행,건조,맑음,단일로 - 기타,농기계,남,73세,경상,,,,
2022022600100479,2022년 2월 26일 22시,토요일,전라북도 전주시 덕진구 인후동1가,경상사고,0,0,2,0,차대차 - 추돌,안전운전불이행,건조,맑음,교차로 - 교차로부근,승용,남,45세,상해없음,승용,남,66세,경상
2022022700100027,2022년 2월 27일 06시,일요일,전라북도 군산시 문화동,부상신고사고,0,0,0,1,차대사람 - 기타,안전운전불이행,건조,맑음,기타 - 기타,승용,남,68세,상해없음,보행자,남,74세,부상신고
2022022700100049,2022년 2월 27일 09시,일요일,전라북도 전주시 완산구 효자동3가,경상사고,0,0,2,0,차대차 - 추돌,안전운전불이행,건조,맑음,교차로 - 교차로부근,승용,여,54세,상해없음,승용,남,46세,경상
2022022700100064,2022년 2월 27일 10시,일요일,전라북도 남원시 대강면,경상사고,0,0,3,0,차대차 - 측면충돌,신호위반,건조,맑음,교차로 - 교차로안,승용,여,49세,경상,화물,남,66세,경상
2022022700100167,2022년 2월 27일 14시,일요일,전라북도 군산시 지곡동,부상신고사고,0,0,0,1,차대차 - 기타,안전운전불이행,건조,맑음,교차로 - 교차로부근,화물,남,73세,상해없음,이륜,남,30세,부상신고
2022022700100168,2022년 2월 27일 14시,일요일,전라북도 부안군 변산면,중상사고,0,1,3,0,차대차 - 측면충돌,중앙선침범,건조,맑음,교차로 - 교차로안,승용,남,55세,상해없음,승용,남,34세,중상
2022022700100211,2022년 2월 27일 15시,일요일,전라북도 부안군 부안읍,경상사고,0,0,1,0,차대차 - 측면충돌,중앙선침범,건조,맑음,교차로 - 교차로안,이륜,남,74세,경상,승용,남,59세,상해없음
2022022700100212,2022년 2월 27일 15시,일요일,전라북도 순창군 순창읍,경상사고,0,0,3,0,차대차 - 측면충돌,안전운전불이행,건조,맑음,교차로 - 교차로안,승용,남,60세,상해없음,승용,남,55세,경상
2022022700100251,2022년 2월 27일 17시,일요일,전라북도 전주시 완산구 효자동1가,경상사고,0,0,1,0,차대차 - 정면충돌,신호위반,건조,맑음,교차로 - 교차로안,승용,남,76세,상해없음,화물,남,51세,경상
2022022700100252,2022년 2월 27일 17시,일요일,전라북도 김제시 신풍동,경상사고,0,0,1,0,차대사람 - 차도통행중,안전운전불이행,건조,맑음,단일로 - 기타,승용,여,39세,상해없음,보행자,여,70세,경상
2022022700100300,2022년 2월 27일 19시,일요일,전라북도 군산시 서흥남동,경상사고,0,0,1,0,차대차 - 측면충돌,안전운전불이행,건조,맑음,교차로 - 교차로부근,승용,남,38세,상해없음,자전거,남,71세,경상
2022022700100361,2022년 2월 27일 22시,일요일,전라북도 정읍시 쌍암동,중상사고,0,2,3,0,차량단독 - 공작물충돌,안전운전불이행,건조,맑음,단일로 - 기타,승용,남,47세,경상,,,,
2022022800100008,2022년 2월 28일 01시,월요일,전라북도 전주시 덕진구 진북동,중상사고,0,1,0,0,차대차 - 정면충돌,중앙선침범,건조,맑음,단일로 - 기타,이륜,남,59세,상해없음,이륜,남,40세,중상
2022022800100052,2022년 2월 28일 07시,월요일,전라북도 정읍시 상동,중상사고,0,1,0,0,차대차 - 측면충돌,직진우회전진행방해,건조,맑음,교차로 - 교차로안,승용,여,54세,상해없음,자전거,남,75세,중상
2022022800100071,2022년 2월 28일 08시,월요일,전라북도 군산시 산북동,경상사고,0,0,1,0,차대차 - 측면충돌,중앙선침범,건조,맑음,단일로 - 지하차도(도로)내,승용,남,63세,기타불명,승용,남,39세,경상
2022022800100120,2022년 2월 28일 10시,월요일,전라북도 전주시 완산구 효자동3가,경상사고,0,0,1,0,차대차 - 기타,안전운전불이행,건조,맑음,교차로 - 교차로부근,승용,남,57세,상해없음,승용,남,21세,경상
2022022800100121,2022년 2월 28일 10시,월요일,전라북도 전주시 덕진구 여의동,경상사고,0,0,1,0,차대차 - 측면충돌,안전운전불이행,건조,맑음,교차로 - 교차로부근,승용,남,38세,상해없음,승용,남,32세,경상
2022022800100153,2022년 2월 28일 11시,월요일,전라북도 전주시 덕진구 송천동2가,경상사고,0,0,2,0,차대차 - 추돌,안전거리미확보,건조,맑음,단일로 - 기타,승용,남,25세,상해없음,승용,여,59세,경상
2022022800100154,2022년 2월 28일 11시,월요일,전라북도 군산시 수송동,경상사고,0,0,1,0,차대사람 - 차도통행중,중앙선침범,건조,맑음,단일로 - 지하차도(도로)내,승용,여,51세,상해없음,보행자,여,72세,경상
2022022800100188,2022년 2월 28일 12시,월요일,전라북도 익산시 왕궁면,경상사고,0,0,4,0,차대차 - 측면충돌,불법유턴,건조,맑음,단일로 - 기타,화물,남,47세,상해없음,화물,남,38세,경상
2022022800100214,2022년 2월 28일 13시,월요일,전라북도 군산시 옥산면,경상사고,0,0,1,0,차대차 - 측면충돌,안전운전불이행,건조,맑음,단일로 - 지하차도(도로)내,농기계,남,67세,상해없음,승용,남,39세,경상
2022022800100253,2022년 2월 28일 14시,월요일,전라북도 군산시 나운동,경상사고,0,0,2,0,차대차 - 추돌,안전운전불이행,건조,맑음,단일로 - 지하차도(도로)내,승용,남,61세,상해없음,승용,여,46세,경상
2022022800100255,2022년 2월 28일 14시,월요일,전라북도 김제시 요촌동,경상사고,0,0,1,0,차대사람 - 횡단중,안전운전불이행,건조,맑음,단일로 - 기타,승용,여,62세,상해없음,보행자,남,9세,경상
2022022800100292,2022년 2월 28일 15시,월요일,전라북도 군산시 명산동,경상사고,0,0,1,0,차대차 - 기타,안전운전불이행,건조,맑음,단일로 - 기타,승용,남,50세,상해없음,자전거,남,76세,경상
2022022800100363,2022년 2월 28일 17시,월요일,전라북도 군산시 내초동,경상사고,0,0,2,0,차대차 - 측면충돌,안전거리미확보,건조,맑음,단일로 - 지하차도(도로)내,건설기계,남,60세,기타불명,승용,남,61세,경상
2022022800100364,2022년 2월 28일 17시,월요일,전라북도 익산시 영등동,경상사고,0,0,2,0,차대차 - 추돌,안전운전불이행,건조,맑음,교차로 - 교차로부근,승용,여,41세,상해없음,승용,여,38세,경상
2022022800100365,2022년 2월 28일 17시,월요일,전라북도 익산시 영등동,중상사고,0,1,0,0,차대사람 - 횡단중,안전운전불이행,건조,맑음,교차로 - 교차로안,화물,남,55세,상해없음,보행자,여,22세,중상
2022022800100408,2022년 2월 28일 18시,월요일,전라북도 진안군 진안읍,경상사고,0,0,1,0,차대사람 - 횡단중,안전운전불이행,건조,맑음,교차로 - 교차로안,승용,남,41세,상해없음,보행자,남,55세,경상
2022022800100482,2022년 2월 28일 20시,월요일,전라북도 정읍시 하북동,경상사고,0,0,1,0,차대차 - 측면충돌,안전운전불이행,건조,맑음,교차로 - 교차로안,승용,여,40세,상해없음,승용,여,44세,경상
2022022800100500,2022년 2월 28일 21시,월요일,전라북도 전주시 덕진구 금암동,중상사고,0,1,1,0,차대차 - 측면충돌,안전운전불이행,건조,맑음,교차로 - 교차로안,승용,남,55세,상해없음,승용,남,23세,중상
2022022800100527,2022년 2월 28일 22시,월요일,전라북도 전주시 덕진구 송천동1가,경상사고,0,0,1,0,차대차 - 측면충돌,신호위반,건조,맑음,교차로 - 교차로안,승용,남,28세,상해없음,승용,여,26세,경상
2022022800100528,2022년 2월 28일 22시,월요일,전라북도 익산시 부송동,중상사고,0,1,1,0,차대차 - 측면충돌,신호위반,건조,맑음,교차로 - 교차로안,이륜,남,31세,경상,이륜,남,33세,중상
2022030100100074,2022년 3월 1일 10시,화요일,전라북도 완주군 삼례읍,경상사고,0,0,1,0,차대사람 - 기타,보행자보호의무위반,건조,맑음,단일로 - 기타,화물,남,76세,상해없음,보행자,여,81세,경상
2022030100100114,2022년 3월 1일 12시,화요일,전라북도 군산시 경암동,경상사고,0,0,2,0,차대차 - 측면충돌,직진우회전진행방해,건조,맑음,교차로 - 교차로안,승용,남,21세,상해없음,승용,여,40세,경상
2022030100100187,2022년 3월 1일 15시,화요일,전라북도 익산시 영등동,중상사고,0,1,0,0,차대차 - 측면충돌,신호위반,건조,맑음,교차로 - 교차로안,승합,남,53세,상해없음,이륜,남,28세,중상
2022030100100188,2022년 3월 1일 15시,화요일,전라북도 순창군 금과면,사망사고,1,1,1,0,차량단독 - 공작물충돌,기타,건조,맑음,단일로 - 기타,승용,여,21세,경상,,,,
2022030100100219,2022년 3월 1일 16시,화요일,전라북도 익산시 삼기면,중상사고,0,1,0,0,차대사람 - 기타,안전운전불이행,건조,맑음,단일로 - 기타,승용,남,56세,상해없음,보행자,남,32세,중상
2022030100100220,2022년 3월 1일 16시,화요일,전라북도 정읍시 수성동,경상사고,0,0,1,0,차대사람 - 횡단중,보행자보호의무위반,건조,맑음,교차로 - 교차로안,승용,남,61세,상해없음,보행자,남,55세,경상
2022030100100243,2022년 3월 1일 17시,화요일,전라북도 전주시 덕진구 반월동,경상사고,0,0,1,0,차대차 - 측면충돌,교차로운행방법위반,건조,맑음,교차로 - 교차로안,화물,남,57세,상해없음,승용,여,29세,경상
2022030100100244,2022년 3월 1일 17시,화요일,전라북도 부안군 부안읍,경상사고,0,0,3,0,차대차 - 측면충돌,안전운전불이행,건조,맑음,단일로 - 지하차도(도로)내,이륜,남,22세,경상,승용,여,44세,경상
2022030100100299,2022년 3월 1일 19시,화요일,전라북도 익산시 석왕동,경상사고,0,0,8,0,차대차 - 측면충돌,중앙선침범,건조,맑음,단일로 - 기타,승용,남,58세,상해없음,승용,남,62세,경상
2022030200100041,2022년 3월 2일 07시,수요일,전라북도 익산시 삼기면,경상사고,0,0,8,0,차대차 - 측면충돌,신호위반,건조,맑음,교차로 - 교차로안,승용,남,30세,상해없음,승합,남,73세,경상
2022030200100069,2022년 3월 2일 08시,수요일,전라북도 군산시 오식도동,경상사고,0,0,1,0,차대차 - 측면충돌,중앙선침범,건조,맑음,단일로 - 기타,특수,남,67세,상해없음,건설기계,남,60세,경상
2022030200100070,2022년 3월 2일 08시,수요일,전라북도 남원시 향교동,중상사고,0,1,0,0,차대사람 - 횡단중,보행자보호의무위반,기타,맑음,교차로 - 교차로횡단보도내,승용,여,43세,상해없음,보행자,여,84세,중상
2022030200100142,2022년 3월 2일 10시,수요일,전라북도 전주시 덕진구 송천동1가,경상사고,0,0,1,0,차대사람 - 횡단중,보행자보호의무위반,건조,맑음,교차로 - 교차로횡단보도내,승용,남,73세,상해없음,보행자,남,62세,경상
2022030200100163,2022년 3월 2일 11시,수요일,전라북도 전주시 완산구 효자동3가,경상사고,0,0,1,0,차대차 - 추돌,직진우회전진행방해,건조,맑음,교차로 - 교차로안,승용,여,41세,상해없음,이륜,남,25세,경상
2022030200100164,2022년 3월 2일 11시,수요일,전라북도 고창군 고창읍,경상사고,0,0,1,0,차대차 - 정면충돌,교차로운행방법위반,건조,맑음,교차로 - 교차로안,승용,남,32세,상해없음,승용,남,79세,경상
2022030200100203,2022년 3월 2일 12시,수요일,전라북도 순창군 순창읍,경상사고,0,0,2,0,차대차 - 측면충돌,안전운전불이행,건조,맑음,교차로 - 교차로안,화물,남,72세,경상,승용,남,30세,경상
2022030200100231,2022년 3월 2일 13시,수요일,전라북도 전주시 완산구 중화산동2가,경상사고,0,0,3,0,차대차 - 추돌,안전운전불이행,건조,맑음,교차로 - 교차로부근,승용,남,82세,상해없음,승용,남,28세,경상
2022030200100232,2022년 3월 2일 13시,수요일,전라북도 무주군 적상면,중상사고,0,2,1,0,차대차 - 측면충돌,안전운전불이행,건조,맑음,교차로 - 교차로안,이륜,남,67세,중상,화물,남,67세,경상
2022030200100295,2022년 3월 2일 15시,수요일,전라북도 전주시 완산구 전동,경상사고,0,0,2,0,차대차 - 측면충돌,안전운전불이행,건조,맑음,교차로 - 교차로부근,승용,여,70세,경상,승합,남,40세,경상
2022030200100296,2022년 3월 2일 15시,수요일,전라북도 전주시 덕진구 인후동1가,중상사고,0,1,0,0,차대사람 - 횡단중,보행자보호의무위반,건조,맑음,교차로 - 교차로횡단보도내,승용,남,25세,상해없음,보행자,여,80세,중상
2022030200100331,2022년 3월 2일 16시,수요일,전라북도 전주시 완산구 삼천동1가,경상사고,0,0,1,0,차대사람 - 차도통행중,안전운전불이행,건조,맑음,교차로 - 교차로안,승용,여,34세,상해없음,보행자,여,69세,경상
2022030200100332,2022년 3월 2일 16시,수요일,전라북도 군산시 나운동,경상사고,0,0,1,0,차대차 - 측면충돌,신호위반,건조,맑음,교차로 - 교차로안,승용,남,66세,상해없음,승용,여,38세,경상
2022030200100333,2022년 3월 2일 16시,수요일,전라북도 정읍시 수성동,경상사고,0,0,3,0,차대차 - 기타,안전운전불이행,건조,맑음,교차로 - 교차로안,승용,남,62세,경상,화물,남,20세,경상
2022030200100375,2022년 3월 2일 17시,수요일,전라북도 군산시 나운동,경상사고,0,0,1,0,차대차 - 측면충돌,신호위반,건조,맑음,교차로 - 교차로안,승용,남,58세,상해없음,승합,남,66세,경상
2022030200100415,2022년 3월 2일 18시,수요일,전라북도 익산시 신동,경상사고,0,0,1,0,차대차 - 기타,안전운전불이행,건조,맑음,단일로 - 기타,승용,여,68세,상해없음,승용,남,69세,경상
2022030200100416,2022년 3월 2일 18시,수요일,전라북도 익산시 함열읍,경상사고,0,0,1,0,차대사람 - 횡단중,안전운전불이행,건조,맑음,교차로 - 교차로안,승용,남,34세,상해없음,보행자,여,37세,경상
2022030200100454,2022년 3월 2일 19시,수요일,전라북도 완주군 봉동읍,경상사고,0,0,1,0,차대차 - 기타,신호위반,건조,맑음,교차로 - 교차로안,승용,남,71세,상해없음,승용,여,58세,경상
2022030200100487,2022년 3월 2일 20시,수요일,전라북도 익산시 영등동,경상사고,0,0,1,0,차대차 - 측면충돌,안전거리미확보,건조,맑음,기타 - 기타,화물,남,69세,상해없음,승용,여,52세,경상
2022030200100523,2022년 3월 2일 22시,수요일,전라북도 익산시 석왕동,경상사고,0,0,1,0,차대차 - 기타,중앙선침범,건조,맑음,단일로 - 기타,승용,남,23세,상해없음,승용,남,56세,경상
2022030200100545,2022년 3월 2일 23시,수요일,전라북도 전주시 완산구 서신동,경상사고,0,0,2,0,차대차 - 추돌,안전운전불이행,건조,맑음,단일로 - 기타,승용,남,56세,상해없음,승용,여,48세,경상
2022030300100052,2022년 3월 3일 07시,목요일,전라북도 전주시 덕진구 여의동2가,경상사고,0,0,1,0,차대차 - 측면충돌,신호위반,건조,맑음,교차로 - 교차로안,승합,남,65세,상해없음,승용,남,50세,경상
2022030300100091,2022년 3월 3일 08시,목요일,전라북도 완주군 봉동읍,중상사고,0,1,0,0,차대사람 - 횡단중,보행자보호의무위반,건조,맑음,교차로 - 교차로안,화물,남,24세,상해없음,보행자,남,38세,중상
2022030300100150,2022년 3월 3일 10시,목요일,전라북도 정읍시 수성동,중상사고,0,1,0,0,차대사람 - 차도통행중,안전운전불이행,건조,맑음,단일로 - 기타,승용,남,66세,기타불명,보행자,여,58세,중상
2022030300100175,2022년 3월 3일 11시,목요일,전라북도 부안군 줄포면,경상사고,0,0,1,0,차대차 - 정면충돌,교차로운행방법위반,건조,맑음,교차로 - 교차로안,승합,남,52세,상해없음,특수,남,45세,경상
2022030300100203,2022년 3월 3일 12시,목요일,전라북도 남원시 금동,경상사고,0,0,1,0,차대차 - 측면충돌,안전운전불이행,건조,맑음,기타 - 기타,승용,여,62세,상해없음,자전거,여,69세,경상
2022030300100296,2022년 3월 3일 15시,목요일,전라북도 익산시 함라면,경상사고,0,0,1,0,차대차 - 측면충돌,신호위반,건조,맑음,교차로 - 교차로안,이륜,남,80세,상해없음,승용,남,28세,경상
2022030300100297,2022년 3월 3일 15시,목요일,전라북도 익산시 영등동,경상사고,0,0,1,0,차대차 - 측면충돌,신호위반,건조,맑음,교차로 - 교차로안,승용,남,18세,상해없음,승용,남,25세,경상
2022030300100330,2022년 3월 3일 16시,목요일,전라북도 전주시 덕진구 금암동,경상사고,0,0,1,0,차대차 - 측면충돌,안전운전불이행,건조,맑음,교차로 - 교차로안,승용,여,46세,상해없음,승용,남,21세,경상
2022030300100363,2022년 3월 3일 17시,목요일,전라북도 군산시 나운동,경상사고,0,0,1,0,차대차 - 측면충돌,중앙선침범,건조,맑음,단일로 - 기타,화물,남,58세,상해없음,이륜,남,24세,경상
2022030300100364,2022년 3월 3일 17시,목요일,전라북도 남원시 금동,경상사고,0,0,1,0,차대차 - 측면충돌,기타,건조,맑음,교차로 - 교차로안,승용,여,37세,상해없음,자전거,여,72세,경상
2022030300100450,2022년 3월 3일 20시,목요일,전라북도 전주시 완산구 중화산동2가,경상사고,0,0,1,0,차대사람 - 횡단중,안전운전불이행,건조,맑음,교차로 - 교차로안,승용,남,68세,상해없음,보행자,여,61세,경상
2022030300100451,2022년 3월 3일 20시,목요일,전라북도 전주시 덕진구 인후동2가,경상사고,0,0,1,0,차대차 - 추돌,안전운전불이행,건조,맑음,단일로 - 기타,이륜,남,28세,상해없음,승용,남,41세,경상
2022030300100476,2022년 3월 3일 21시,목요일,전라북도 전주시 완산구 효자동3가,중상사고,0,1,0,0,차대사람 - 횡단중,안전운전불이행,건조,맑음,기타 - 기타,승용,남,61세,기타불명,보행자,여,48세,중상
2022030300100477,2022년 3월 3일 21시,목요일,전라북도 전주시 완산구 효자동3가,경상사고,0,0,1,0,차량단독 - 기타,안전운전불이행,건조,맑음,교차로 - 교차로부근,승용,남,56세,상해없음,,,,
2022030400100051,2022년 3월 4일 08시,금요일,전라북도 전주시 덕진구 팔복동2가,경상사고,0,0,2,0,차대차 - 측면충돌,안전운전불이행,건조,맑음,교차로 - 교차로안,승용,여,46세,상해없음,승용,남,54세,경상
2022030400100052,2022년 3월 4일 08시,금요일,전라북도 군산시 창성동,중상사고,0,1,0,0,차대사람 - 차도통행중,안전운전불이행,건조,맑음,교차로 - 교차로안,화물,남,52세,상해없음,보행자,여,75세,중상
2022030400100089,2022년 3월 4일 10시,금요일,전라북도 군산시 금동,경상사고,0,0,1,0,차대차 - 측면충돌,직진우회전진행방해,건조,맑음,교차로 - 교차로안,화물,남,28세,상해없음,승용,여,38세,경상
2022030400100169,2022년 3월 4일 13시,금요일,전라북도 전주시 완산구 경원동1가,경상사고,0,0,1,0,차대차 - 기타,안전운전불이행,건조,맑음,기타 - 기타,이륜,남,79세,상해없음,자전거,남,67세,경상
2022030400100199,2022년 3월 4일 14시,금요일,전라북도 정읍시 수성동,경상사고,0,0,1,0,차대차 - 추돌,안전거리미확보,건조,맑음,교차로 - 교차로안,승용,남,64세,상해없음,승용,여,26세,경상
2022030400100257,2022년 3월 4일 16시,금요일,전라북도 전주시 완산구 효자동3가,중상사고,0,1,0,0,차대차 - 기타,신호위반,건조,맑음,교차로 - 교차로안,승용,남,67세,상해없음,이륜,남,35세,중상
2022030400100328,2022년 3월 4일 18시,금요일,전라북도 군산시 수송동,중상사고,0,1,0,0,차대차 - 측면충돌,신호위반,건조,맑음,교차로 - 교차로안,승용,여,31세,상해없음,이륜,남,50세,중상
2022030400100329,2022년 3월 4일 18시,금요일,전라북도 군산시 조촌동,경상사고,0,0,1,0,차대차 - 측면충돌,신호위반,건조,맑음,교차로 - 교차로안,승용,여,54세,상해없음,특수,남,56세,경상
2022030400100392,2022년 3월 4일 20시,금요일,전라북도 익산시 동산동,경상사고,0,0,2,0,차대사람 - 횡단중,신호위반,건조,맑음,교차로 - 교차로안,승용,남,54세,상해없음,보행자,여,47세,경상
2022030400100393,2022년 3월 4일 20시,금요일,전라북도 정읍시 북면,중상사고,0,1,0,0,차대사람 - 보도통행중,보행자보호의무위반,건조,맑음,단일로 - 기타,화물,남,40세,상해없음,보행자,여,82세,중상
2022030400100430,2022년 3월 4일 21시,금요일,전라북도 전주시 덕진구 진북동,중상사고,0,1,0,0,차대차 - 기타,신호위반,건조,맑음,교차로 - 교차로안,이륜,남,28세,상해없음,이륜,남,34세,중상
2022030400100431,2022년 3월 4일 21시,금요일,전라북도 장수군 장수읍,사망사고,1,0,0,0,차량단독 - 전도전복 - 전도,안전운전불이행,건조,맑음,단일로 - 기타,화물,남,56세,사망,,,,
2022030400100479,2022년 3월 4일 23시,금요일,전라북도 전주시 덕진구 진북동,중상사고,0,1,0,0,차대차 - 기타,안전운전불이행,건조,맑음,단일로 - 기타,승용,남,19세,상해없음,승용,남,66세,상해없음
2022030500100008,2022년 3월 5일 00시,토요일,전라북도 정읍시 입암면,경상사고,0,0,1,0,차대차 - 기타,기타,건조,맑음,단일로 - 기타,승용,남,27세,경상,특수,남,43세,기타불명
2022030500100035,2022년 3월 5일 06시,토요일,전라북도 전주시 덕진구 인후동2가,사망사고,1,0,0,0,차대차 - 기타,안전운전불이행,건조,맑음,단일로 - 기타,자전거,남,73세,사망,승용,여,59세,상해없음
2022030500100036,2022년 3월 5일 06시,토요일,전라북도 전주시 덕진구 덕진동1가,중상사고,0,1,1,0,차대차 - 기타,중앙선침범,젖음/습기,맑음,단일로 - 기타,승용,남,55세,상해없음,화물,남,66세,중상
2022030500100096,2022년 3월 5일 10시,토요일,전라북도 군산시 사정동,경상사고,0,0,4,0,차대차 - 추돌,안전운전불이행,건조,맑음,교차로 - 교차로부근,승용,남,22세,상해없음,승용,여,24세,경상
2022030500100137,2022년 3월 5일 11시,토요일,전라북도 고창군 고창읍,경상사고,0,0,1,0,차대차 - 측면충돌,안전운전불이행,건조,맑음,교차로 - 교차로안,승용,남,81세,상해없음,승용,여,37세,경상
2022030500100138,2022년 3월 5일 11시,토요일,전라북도 순창군 구림면,경상사고,0,0,1,0,차량단독 - 기타,안전운전불이행,건조,맑음,교차로 - 교차로안,사륜오토바이(ATV),여,79세,경상,,,,