사고번호,사고일시,요일,시군구,사고내용,사망자수,중상자수,경상자수,부상신고자수,사고유형,법규위반,노면상태,기상상태,도로형태,가해운전자 차종,가해운전자 성별,가해운전자 연령,가해운전자 상해정도,피해운전자 차종,피해운전자 성별,피해운전자 연령,피해운전자 상해정도
2022030500100208,2022년 3월 5일 13시,토요일,전라북도 전주시 덕진구 인후동1가,경상사고,0,0,2,0,차대차 - 측면충돌,직진우회전진행방해,건조,맑음,교차로 - 교차로안,이륜,남,29세,상해없음,승용,남,42세,경상
2022030500100244,2022년 3월 5일 14시,토요일,전라북도 익산시 신흥동,경상사고,0,0,1,0,차대차 - 측면충돌,직진우회전진행방해,건조,맑음,교차로 - 교차로안,승용,여,53세,상해없음,승용,남,47세,경상
2022030500100349,2022년 3월 5일 18시,토요일,전라북도 전주시 완산구 중앙동4가,경상사고,0,0,1,0,차대차 - 기타,불법유턴,건조,맑음,단일로 - 기타,화물,남,60세,상해없음,승용,남,67세,상해없음
2022030500100403,2022년 3월 5일 20시,토요일,전라북도 무주군 설천면,중상사고,0,1,0,0,차대사람 - 횡단중,안전운전불이행,건조,맑음,교차로 - 교차로안,승용,남,58세,상해없음,보행자,여,71세,중상
2022030500100430,2022년 3월 5일 22시,토요일,전라북도 전주시 완산구 효자동2가,경상사고,0,0,1,0,차대차 - 추돌,안전운전불이행,건조,맑음,단일로 - 기타,화물,남,67세,상해없음,승용,남,66세,경상
2022030600100006,2022년 3월 6일 00시,일요일,전라북도 전주시 덕진구 인후동1가,경상사고,0,0,1,0,차대차 - 측면충돌,안전운전불이행,건조,맑음,교차로 - 교차로안,승용,남,71세,상해없음,승용,남,39세,경상
2022030600100007,2022년 3월 6일 00시,일요일,전라북도 군산시 나운동,경상사고,0,0,1,0,차대차 - 추돌,안전운전불이행,건조,맑음,교차로 - 교차로부근,승용,남,31세,상해없음,승용,여,50세,경상
2022030600100014,2022년 3월 6일 01시,일요일,전라북도 전주시 덕진구 덕진동2가,경상사고,0,0,1,0,차대차 - 후진중충돌,안전운전불이행,건조,맑음,단일로 - 기타,승용,남,47세,상해없음,이륜,남,29세,경상
2022030600100077,2022년 3월 6일 11시,일요일,전라북도 전주시 완산구 서신동,경상사고,0,0,2,0,차대차 - 측면충돌,신호위반,건조,맑음,교차로 - 교차로부근,승용,남,53세,상해없음,승용,여,50세,경상
2022030600100143,2022년 3월 6일 14시,일요일,전라북도 군산시 수송동,중상사고,0,1,1,0,차대차 - 기타,중앙선침범,건조,맑음,교차로 - 교차로부근,승용,남,34세,상해없음,승용,여,38세,중상
2022030600100207,2022년 3월 6일 16시,일요일,전라북도 전주시 완산구 효자동2가,경상사고,0,0,1,0,차대사람 - 보도통행중,기타,건조,맑음,기타 - 기타,이륜,남,30세,상해없음,보행자,남,3세,경상
2022030600100236,2022년 3월 6일 17시,일요일,전라북도 전주시 완산구 서노송동,경상사고,0,0,2,0,차대차 - 추돌,안전운전불이행,건조,맑음,교차로 - 교차로부근,승용,남,48세,상해없음,승용,남,35세,경상
2022030600100237,2022년 3월 6일 17시,일요일,전라북도 진안군 진안읍,경상사고,0,0,1,0,차대사람 - 횡단중,안전운전불이행,건조,맑음,단일로 - 기타,승용,여,49세,상해없음,보행자,여,79세,경상
2022030600100257,2022년 3월 6일 18시,일요일,전라북도 전주시 완산구 서신동,중상사고,0,1,2,0,차대차 - 기타,안전거리미확보,건조,맑음,단일로 - 기타,승용,남,20세,상해없음,승용,남,63세,경상
2022030700100069,2022년 3월 7일 08시,월요일,전라북도 익산시 황등면,경상사고,0,0,1,0,차대사람 - 횡단중,보행자보호의무위반,건조,맑음,교차로 - 교차로안,승용,여,50세,상해없음,보행자,여,75세,경상
2022030700100113,2022년 3월 7일 09시,월요일,전라북도 전주시 완산구 서신동,경상사고,0,0,1,0,차대차 - 정면충돌,신호위반,건조,맑음,교차로 - 교차로안,승용,여,45세,상해없음,승용,남,24세,경상
2022030700100114,2022년 3월 7일 09시,월요일,전라북도 전주시 덕진구 남정동,경상사고,0,0,1,0,차대차 - 측면충돌,신호위반,건조,맑음,교차로 - 교차로안,자전거,남,81세,경상,승용,여,31세,상해없음
2022030700100144,2022년 3월 7일 10시,월요일,전라북도 전주시 완산구 평화동1가,중상사고,0,1,0,0,차대사람 - 횡단중,안전운전불이행,건조,맑음,교차로 - 교차로안,승용,여,49세,상해없음,보행자,남,67세,중상
2022030700100145,2022년 3월 7일 10시,월요일,전라북도 정읍시 덕천면,중상사고,0,1,0,0,차대차 - 측면충돌,안전운전불이행,건조,맑음,교차로 - 교차로안,화물,남,33세,상해없음,자전거,남,79세,중상
2022030700100146,2022년 3월 7일 10시,월요일,전라북도 순창군 인계면,중상사고,0,2,2,1,차대차 - 추돌,안전거리미확보,건조,맑음,단일로 - 기타,승용,남,52세,부상신고,승용,남,59세,중상
2022030700100170,2022년 3월 7일 11시,월요일,전라북도 부안군 부안읍,경상사고,0,0,1,0,차대차 - 정면충돌,중앙선침범,건조,맑음,단일로 - 지하차도(도로)내,이륜,여,71세,경상,화물,남,35세,상해없음
2022030700100248,2022년 3월 7일 15시,월요일,전라북도 전주시 완산구 효자동2가,경상사고,0,0,1,0,차대차 - 측면충돌,안전운전불이행,건조,맑음,교차로 - 교차로횡단보도내,승용,여,57세,상해없음,자전거,여,27세,경상
2022030700100249,2022년 3월 7일 15시,월요일,전라북도 군산시 나운동,경상사고,0,0,2,0,차대차 - 정면충돌,신호위반,건조,맑음,교차로 - 교차로안,승용,남,61세,상해없음,승용,남,39세,경상
2022030700100353,2022년 3월 7일 19시,월요일,전라북도 전주시 완산구 경원동1가,경상사고,0,0,1,0,차대차 - 측면충돌,신호위반,건조,맑음,교차로 - 교차로부근,승용,여,22세,상해없음,승용,여,31세,경상
2022030700100402,2022년 3월 7일 22시,월요일,전라북도 전주시 완산구 효자동3가,경상사고,0,0,2,0,차대차 - 추돌,안전운전불이행,건조,맑음,교차로 - 교차로부근,승용,남,40세,상해없음,승용,남,38세,경상
2022030700100403,2022년 3월 7일 22시,월요일,전라북도 전주시 덕진구 덕진동2가,경상사고,0,0,1,0,차대차 - 추돌,안전운전불이행,건조,맑음,단일로 - 기타,승용,남,42세,상해없음,승합,남,55세,경상
2022030800100028,2022년 3월 8일 06시,화요일,전라북도 정읍시 연지동,경상사고,0,0,1,0,차대차 - 기타,신호위반,건조,맑음,교차로 - 교차로안,화물,남,54세,상해없음,승용,남,80세,경상
2022030800100057,2022년 3월 8일 08시,화요일,전라북도 전주시 덕진구 전미동2가,경상사고,0,0,1,0,차대차 - 측면충돌,신호위반,건조,맑음,교차로 - 교차로안,승용,남,63세,상해없음,승합,남,44세,경상
2022030800100118,2022년 3월 8일 10시,화요일,전라북도 전주시 덕진구 팔복동2가,경상사고,0,0,1,0,차대차 - 측면충돌,교차로운행방법위반,건조,맑음,교차로 - 교차로안,승용,남,47세,상해없음,승합,남,75세,경상
2022030800100142,2022년 3월 8일 11시,화요일,전라북도 익산시 영등동,경상사고,0,0,1,0,차대사람 - 기타,안전운전불이행,건조,맑음,단일로 - 기타,화물,남,79세,상해없음,보행자,남,54세,경상
2022030800100169,2022년 3월 8일 12시,화요일,전라북도 전주시 덕진구 인후동1가,경상사고,0,0,1,0,차대사람 - 기타,안전운전불이행,건조,맑음,교차로 - 교차로안,승용,남,59세,상해없음,보행자,남,43세,경상
2022030800100170,2022년 3월 8일 12시,화요일,전라북도 전주시 덕진구 금암동,중상사고,0,1,0,0,차대차 - 측면충돌,안전거리미확보,건조,맑음,단일로 - 기타,승합,남,54세,상해없음,자전거,남,80세,중상
2022030800100220,2022년 3월 8일 14시,화요일,전라북도 전주시 덕진구 진북동,중상사고,0,1,0,0,차대차 - 측면충돌,신호위반,건조,맑음,교차로 - 교차로부근,승용,남,54세,상해없음,이륜,남,42세,중상
2022030800100320,2022년 3월 8일 17시,화요일,전라북도 군산시 경암동,경상사고,0,0,1,0,차대사람 - 횡단중,안전운전불이행,건조,맑음,교차로 - 교차로부근,승용,여,38세,상해없음,보행자,여,74세,경상
2022030800100419,2022년 3월 8일 20시,화요일,전라북도 전주시 덕진구 송천동2가,경상사고,0,0,1,0,차대사람 - 기타,안전운전불이행,건조,맑음,단일로 - 기타,승용,남,51세,상해없음,보행자,남,46세,경상
2022030800100439,2022년 3월 8일 21시,화요일,전라북도 군산시 수송동,경상사고,0,0,1,0,차대사람 - 횡단중,보행자보호의무위반,건조,맑음,교차로 - 교차로부근,승용,여,64세,상해없음,보행자,남,57세,경상
2022030800100480,2022년 3월 8일 23시,화요일,전라북도 익산시 모현동1가,경상사고,0,0,1,0,차대차 - 측면충돌,신호위반,건조,맑음,교차로 - 교차로안,화물,남,25세,상해없음,화물,남,34세,경상
2022030900100043,2022년 3월 9일 05시,수요일,전라북도 전주시 완산구 중화산동2가,경상사고,0,0,2,0,차대차 - 정면충돌,기타,건조,맑음,교차로 - 교차로안,승용,남,28세,상해없음,승용,남,52세,경상
2022030900100064,2022년 3월 9일 08시,수요일,전라북도 부안군 부안읍,경상사고,0,0,2,0,차대차 - 측면충돌,안전운전불이행,건조,맑음,교차로 - 교차로안,승용,남,21세,상해없음,승용,여,52세,경상
2022030900100079,2022년 3월 9일 09시,수요일,전라북도 군산시 수송동,경상사고,0,0,1,0,차대사람 - 횡단중,보행자보호의무위반,건조,맑음,교차로 - 교차로횡단보도내,화물,남,78세,상해없음,보행자,여,17세,경상
2022030900100096,2022년 3월 9일 10시,수요일,전라북도 남원시 도통동,경상사고,0,0,1,0,차대차 - 추돌,교차로운행방법위반,건조,맑음,교차로 - 교차로안,승용,여,65세,상해없음,화물,여,41세,경상
2022030900100147,2022년 3월 9일 12시,수요일,전라북도 군산시 대명동,경상사고,0,0,1,0,차대사람 - 길가장자리구역통행중,안전운전불이행,건조,맑음,교차로 - 교차로부근,승용,여,66세,상해없음,보행자,남,73세,경상
2022030900100148,2022년 3월 9일 12시,수요일,전라북도 군산시 소룡동,경상사고,0,0,2,0,차대차 - 측면충돌,안전운전불이행,건조,맑음,단일로 - 기타,승용,남,55세,상해없음,승용,여,37세,경상
2022030900100176,2022년 3월 9일 13시,수요일,전라북도 익산시 모현동2가,중상사고,0,1,0,0,차대차 - 기타,안전운전불이행,건조,맑음,기타 - 기타,이륜,남,75세,중상,승용,여,43세,상해없음
2022030900100216,2022년 3월 9일 14시,수요일,전라북도 군산시 조촌동,중상사고,0,1,0,0,차대차 - 측면충돌,안전운전불이행,건조,맑음,교차로 - 교차로안,승용,남,67세,상해없음,이륜,남,37세,중상
2022030900100217,2022년 3월 9일 14시,수요일,전라북도 익산시 용안면,경상사고,0,0,1,0,차대차 - 기타,안전운전불이행,건조,맑음,기타 - 기타,원동기,남,77세,경상,승용,남,53세,상해없음
2022030900100218,2022년 3월 9일 14시,수요일,전라북도 남원시 동충동,중상사고,0,1,0,0,차대차 - 측면충돌,안전운전불이행,건조,맑음,교차로 - 교차로부근,승용,남,63세,상해없음,개인형이동수단(PM),남,14세,중상
2022030900100256,2022년 3월 9일 16시,수요일,전라북도 남원시 인월면,중상사고,0,1,0,0,차대차 - 추돌,안전운전불이행,건조,맑음,단일로 - 기타,승용,남,67세,상해없음,자전거,여,82세,중상
2022030900100337,2022년 3월 9일 19시,수요일,전라북도 군산시 서흥남동,중상사고,0,1,0,0,차대차 - 측면충돌,신호위반,건조,맑음,교차로 - 교차로부근,승용,남,56세,상해없음,원동기,남,25세,중상
2022030900100364,2022년 3월 9일 20시,수요일,전라북도 남원시 월락동,경상사고,0,0,1,0,차대차 - 측면충돌,차로위반,건조,맑음,교차로 - 교차로안,승용,여,60세,상해없음,화물,남,36세,경상
2022030900100407,2022년 3월 9일 23시,수요일,전라북도 전주시 완산구 효자동3가,경상사고,0,0,1,0,차대사람 - 길가장자리구역통행중,안전운전불이행,건조,맑음,기타 - 기타,승용,남,42세,상해없음,보행자,여,23세,경상
2022031000100128,2022년 3월 10일 10시,목요일,전라북도 순창군 인계면,경상사고,0,0,1,0,차대차 - 측면충돌,안전운전불이행,건조,맑음,단일로 - 기타,승용,여,69세,경상,농기계,남,76세,상해없음
2022031000100156,2022년 3월 10일 11시,목요일,전라북도 순창군 구림면,경상사고,0,0,1,0,차대차 - 측면충돌,중앙선침범,건조,맑음,단일로 - 기타,농기계,남,51세,상해없음,승용,남,78세,경상
2022031000100176,2022년 3월 10일 12시,목요일,전라북도 전주시 완산구 중화산동2가,경상사고,0,0,2,0,차대차 - 추돌,안전운전불이행,건조,맑음,교차로 - 교차로부근,승용,남,63세,상해없음,승용,여,39세,경상
2022031000100177,2022년 3월 10일 12시,목요일,전라북도 익산시 함열읍,중상사고,0,1,0,0,차대차 - 측면충돌,직진우회전진행방해,건조,맑음,교차로 - 교차로안,승용,여,43세,상해없음,자전거,여,79세,중상
2022031000100226,2022년 3월 10일 14시,목요일,전라북도 전주시 완산구 효자동3가,경상사고,0,0,2,0,차대차 - 기타,직진우회전진행방해,건조,맑음,교차로 - 교차로안,승용,남,30세,상해없음,이륜,남,43세,경상
2022031000100227,2022년 3월 10일 14시,목요일,전라북도 익산시 영등동,경상사고,0,0,1,0,차대차 - 추돌,안전거리미확보,건조,맑음,단일로 - 기타,승용,남,21세,상해없음,승용,남,62세,경상
2022031000100228,2022년 3월 10일 14시,목요일,전라북도 고창군 아산면,중상사고,0,1,0,0,차대사람 - 차도통행중,안전운전불이행,건조,맑음,단일로 - 기타,건설기계,남,40세,상해없음,보행자,남,72세,중상
2022031000100229,2022년 3월 10일 14시,목요일,전라북도 완주군 봉동읍,경상사고,0,0,2,0,차대차 - 측면충돌,안전운전불이행,건조,맑음,교차로 - 교차로안,건설기계,남,68세,상해없음,화물,여,55세,경상
2022031000100286,2022년 3월 10일 16시,목요일,전라북도 부안군 부안읍,중상사고,0,1,0,0,차대사람 - 차도통행중,안전운전불이행,건조,맑음,단일로 - 기타,승용,남,73세,상해없음,보행자,남,69세,중상
2022031000100360,2022년 3월 10일 19시,목요일,전라북도 익산시 모현동1가,경상사고,0,0,1,0,차대사람 - 기타,안전운전불이행,건조,맑음,단일로 - 기타,승용,여,55세,상해없음,보행자,남,63세,경상
2022031000100390,2022년 3월 10일 20시,목요일,전라북도 순창군 순창읍,중상사고,0,1,1,0,차대차 - 측면충돌,안전운전불이행,건조,맑음,단일로 - 기타,승용,여,53세,경상,승용,남,34세,중상
2022031000100406,2022년 3월 10일 21시,목요일,전라북도 정읍시 시기동,경상사고,0,0,3,0,차대차 - 측면충돌,직진우회전진행방해,건조,맑음,교차로 - 교차로안,승용,여,38세,경상,승용,여,28세,경상
2022031000100407,2022년 3월 10일 21시,목요일,전라북도 남원시 쌍교동,중상사고,0,1,0,0,차대차 - 측면충돌,안전운전불이행,건조,맑음,교차로 - 교차로안,승용,남,60세,상해없음,이륜,남,49세,중상
2022031100100018,2022년 3월 11일 04시,금요일,전라북도 전주시 완산구 서신동,경상사고,0,0,1,0,차대사람 - 횡단중,안전운전불이행,건조,맑음,교차로 - 교차로횡단보도내,기타불명,기타불명,미분류,기타불명,보행자,남,25세,경상
2022031100100072,2022년 3월 11일 08시,금요일,전라북도 군산시 산북동,경상사고,0,0,1,0,차대사람 - 횡단중,안전운전불이행,건조,맑음,교차로 - 교차로안,승용,남,57세,상해없음,보행자,여,57세,경상
2022031100100073,2022년 3월 11일 08시,금요일,전라북도 남원시 천거동,경상사고,0,0,1,0,차대차 - 측면충돌,안전운전불이행,건조,맑음,교차로 - 교차로안,승용,여,45세,상해없음,자전거,남,58세,경상
2022031100100097,2022년 3월 11일 09시,금요일,전라북도 전주시 덕진구 팔복동2가,경상사고,0,0,1,0,차대차 - 측면충돌,중앙선침범,건조,맑음,단일로 - 기타,화물,남,68세,상해없음,화물,남,58세,경상
2022031100100098,2022년 3월 11일 09시,금요일,전라북도 군산시 나운동,부상신고사고,0,0,0,1,차대차 - 측면충돌,안전운전불이행,건조,맑음,기타 - 기타,승용,남,53세,상해없음,승용,남,62세,부상신고
2022031100100213,2022년 3월 11일 13시,금요일,전라북도 남원시 하정동,경상사고,0,0,1,0,차대차 - 측면충돌,안전운전불이행,건조,맑음,교차로 - 교차로부근,승용,남,65세,상해없음,승용,여,52세,경상
2022031100100302,2022년 3월 11일 16시,금요일,전라북도 정읍시 상동,경상사고,0,0,1,0,차대차 - 기타,안전거리미확보,건조,맑음,단일로 - 기타,화물,남,56세,경상,승용,남,61세,상해없음
2022031100100338,2022년 3월 11일 17시,금요일,전라북도 전주시 완산구 중화산동2가,중상사고,0,1,0,0,차대사람 - 기타,보행자보호의무위반,건조,맑음,기타 - 기타,승용,여,72세,상해없음,보행자,여,75세,중상
2022031100100339,2022년 3월 11일 17시,금요일,전라북도 남원시 월락동,중상사고,0,1,0,0,차대차 - 기타,신호위반,건조,맑음,교차로 - 교차로부근,이륜,여,63세,중상,자전거,여,41세,상해없음
2022031100100401,2022년 3월 11일 19시,금요일,전라북도 익산시 석암동,경상사고,0,0,1,0,차대차 - 측면충돌,직진우회전진행방해,건조,맑음,교차로 - 교차로안,승용,남,49세,상해없음,승용,남,61세,경상
2022031100100457,2022년 3월 11일 21시,금요일,전라북도 익산시 동산동,경상사고,0,0,1,0,차대사람 - 횡단중,안전운전불이행,건조,맑음,교차로 - 교차로안,승용,남,52세,상해없음,보행자,남,66세,경상
2022031100100484,2022년 3월 11일 22시,금요일,전라북도 전주시 완산구 효자동3가,중상사고,0,1,1,0,차대사람 - 횡단중,안전운전불이행,건조,맑음,교차로 - 교차로안,승용,남,57세,상해없음,보행자,남,52세,중상
2022031200100018,2022년 3월 12일 03시,토요일,전라북도 전주시 완산구 효자동3가,경상사고,0,0,3,0,차대차 - 측면충돌,신호위반,건조,맑음,교차로 - 교차로안,승용,남,19세,경상,승용,남,33세,경상
2022031200100059,2022년 3월 12일 09시,토요일,전라북도 임실군 신덕면,경상사고,0,0,1,0,차량단독 - 공작물충돌,안전운전불이행,건조,맑음,단일로 - 지하차도(도로)내,승용,여,30세,상해없음,,,,
2022031200100109,2022년 3월 12일 11시,토요일,전라북도 군산시 조촌동,경상사고,0,0,1,0,차대차 - 측면충돌,신호위반,건조,맑음,교차로 - 교차로안,승용,남,46세,상해없음,승용,남,38세,경상
2022031200100135,2022년 3월 12일 12시,토요일,전라북도 익산시 영등동,경상사고,0,0,1,0,차대차 - 측면충돌,안전운전불이행,건조,맑음,기타 - 기타,승용,남,57세,상해없음,개인형이동수단(PM),여,18세,경상
2022031200100229,2022년 3월 12일 15시,토요일,전라북도 순창군 팔덕면,경상사고,0,0,1,0,차대사람 - 기타,안전운전불이행,건조,맑음,주차장 - 주차장,승용,남,54세,상해없음,보행자,남,61세,경상
2022031200100251,2022년 3월 12일 16시,토요일,전라북도 무주군 설천면,사망사고,1,0,0,0,차량단독 - 전도전복 - 전도,안전운전불이행,건조,맑음,단일로 - 지하차도(도로)내,이륜,남,86세,사망,,,,
2022031200100252,2022년 3월 12일 16시,토요일,전라북도 정읍시 고부면,중상사고,0,1,0,0,차대차 - 기타,안전운전불이행,건조,맑음,단일로 - 기타,기타불명,기타불명,미분류,기타불명,승용,남,59세,중상
2022031200100287,2022년 3월 12일 17시,토요일,전라북도 군산시 나운동,부상신고사고,0,0,0,1,차대사람 - 횡단중,안전운전불이행,건조,맑음,교차로 - 교차로횡단보도내,기타불명,기타불명,미분류,기타불명,보행자,남,24세,부상신고
2022031200100288,2022년 3월 12일 17시,토요일,전라북도 익산시 중앙동1가,경상사고,0,0,1,0,차대차 - 측면충돌,차로위반,건조,맑음,기타 - 기타,승용,남,63세,상해없음,승용,남,35세,경상
2022031200100289,2022년 3월 12일 17시,토요일,전라북도 남원시 주천면,중상사고,0,1,0,0,차대차 - 측면충돌,신호위반,건조,맑음,교차로 - 교차로안,승용,여,53세,상해없음,이륜,남,71세,중상
2022031200100355,2022년 3월 12일 19시,토요일,전라북도 전주시 덕진구 전미동2가,중상사고,0,2,0,0,차대차 - 기타,신호위반,건조,맑음,교차로 - 교차로안,승용,남,44세,상해없음,승용,여,55세,중상
2022031200100356,2022년 3월 12일 19시,토요일,전라북도 군산시 수송동,경상사고,0,0,1,0,차대차 - 추돌,안전운전불이행,건조,맑음,교차로 - 교차로부근,승용,남,37세,상해없음,승용,여,37세,경상
2022031200100357,2022년 3월 12일 19시,토요일,전라북도 군산시 수송동,경상사고,0,0,1,0,차대차 - 추돌,안전운전불이행,건조,맑음,교차로 - 교차로부근,승용,남,37세,상해없음,승용,여,43세,경상
2022031200100358,2022년 3월 12일 19시,토요일,전라북도 정읍시 덕천면,경상사고,0,0,1,0,차대사람 - 기타,안전운전불이행,젖음/습기,맑음,단일로 - 기타,승용,남,60세,상해없음,보행자,남,32세,경상
2022031200100359,2022년 3월 12일 19시,토요일,전라북도 부안군 부안읍,중상사고,0,1,1,0,차대차 - 측면충돌,중앙선침범,건조,맑음,단일로 - 기타,이륜,남,50세,경상,이륜,남,28세,중상
2022031200100395,2022년 3월 12일 20시,토요일,전라북도 군산시 나운동,경상사고,0,0,1,0,차량단독 - 공작물충돌,안전운전불이행,건조,맑음,단일로 - 지하차도(도로)내,승용,남,46세,상해없음,,,,
2022031200100446,2022년 3월 12일 22시,토요일,전라북도 전주시 완산구 서서학동,경상사고,0,0,1,0,차대차 - 추돌,안전운전불이행,건조,맑음,기타 - 기타,화물,남,57세,상해없음,승용,여,49세,경상
2022031200100480,2022년 3월 12일 23시,토요일,전라북도 전주시 완산구 효자동3가,경상사고,0,0,4,0,차대차 - 추돌,안전운전불이행,건조,맑음,교차로 - 교차로부근,승용,남,61세,상해없음,승용,남,50세,경상
2022031300100035,2022년 3월 13일 07시,일요일,전라북도 전주시 완산구 서노송동,중상사고,0,1,2,0,차대사람 - 횡단중,신호위반,젖음/습기,비,교차로 - 교차로횡단보도내,승합,남,57세,상해없음,보행자,여,54세,중상
2022031300100036,2022년 3월 13일 07시,일요일,전라북도 완주군 용진읍,경상사고,0,0,1,0,차량단독 - 공작물충돌,중앙선침범,젖음/습기,맑음,단일로 - 기타,승용,남,41세,경상,,,,
2022031300100054,2022년 3월 13일 09시,일요일,전라북도 정읍시 구룡동,경상사고,0,0,1,0,차대차 - 측면충돌,신호위반,젖음/습기,비,교차로 - 교차로안,승용,여,49세,상해없음,승용,남,30세,경상
2022031300100088,2022년 3월 13일 12시,일요일,전라북도 김제시 요촌동,중상사고,0,1,4,0,차대차 - 기타,신호위반,젖음/습기,비,교차로 - 교차로안,승용,남,52세,상해없음,승용,남,61세,경상
2022031300100205,2022년 3월 13일 17시,일요일,전라북도 전주시 덕진구 중동,경상사고,0,0,1,0,차대사람 - 횡단중,보행자보호의무위반,젖음/습기,비,교차로 - 교차로횡단보도내,승용,여,49세,상해없음,보행자,남,35세,경상
2022031300100233,2022년 3월 13일 18시,일요일,전라북도 군산시 나운동,경상사고,0,0,1,0,차대사람 - 횡단중,보행자보호의무위반,젖음/습기,비,교차로 - 교차로횡단보도내,승용,남,60세,상해없음,보행자,남,69세,경상
2022031300100299,2022년 3월 13일 21시,일요일,전라북도 익산시 신동,경상사고,0,0,1,0,차대사람 - 기타,안전운전불이행,건조,맑음,단일로 - 기타,승용,남,23세,상해없음,보행자,남,25세,경상
2022031300100327,2022년 3월 13일 23시,일요일,전라북도 전주시 덕진구 송천동1가,경상사고,0,0,1,0,차대사람 - 기타,안전운전불이행,건조,맑음,단일로 - 기타,승용,여,30세,상해없음,보행자,남,52세,경상
2022031300100328,2022년 3월 13일 23시,일요일,전라북도 군산시 수송동,경상사고,0,0,2,0,차대차 - 추돌,안전운전불이행,젖음/습기,흐림,교차로 - 교차로부근,승용,여,58세,상해없음,승용,남,40세,경상
2022031400100019,2022년 3월 14일 06시,월요일,전라북도 익산시 금강동,경상사고,0,0,1,0,차대차 - 추돌,안전거리미확보,젖음/습기,안개,교차로 - 교차로부근,승용,남,14세,상해없음,승용,남,60세,경상
2022031400100033,2022년 3월 14일 07시,월요일,전라북도 전주시 완산구 서노송동,경상사고,0,0,1,0,차대차 - 기타,신호위반,건조,맑음,교차로 - 교차로부근,승용,남,66세,상해없음,이륜,남,71세,경상
2022031400100057,2022년 3월 14일 08시,월요일,전라북도 전주시 완산구 평화동2가,중상사고,0,1,0,0,차대차 - 측면충돌,직진우회전진행방해,건조,맑음,교차로 - 교차로안,승용,여,22세,상해없음,자전거,여,59세,중상
2022031400100058,2022년 3월 14일 08시,월요일,전라북도 군산시 구암동,경상사고,0,0,1,0,차대사람 - 횡단중,신호위반,젖음/습기,흐림,교차로 - 교차로횡단보도내,승용,남,74세,상해없음,보행자,여,18세,경상
2022031400100091,2022년 3월 14일 09시,월요일,전라북도 군산시 문화동,경상사고,0,0,3,0,차대차 - 측면충돌,기타,젖음/습기,비,교차로 - 교차로안,승용,남,32세,경상,승용,남,40세,경상
2022031400100111,2022년 3월 14일 10시,월요일,전라북도 전주시 덕진구 금암동,경상사고,0,0,1,0,차대차 - 측면충돌,신호위반,건조,맑음,교차로 - 교차로안,승용,남,32세,상해없음,승용,여,49세,경상
2022031400100112,2022년 3월 14일 10시,월요일,전라북도 익산시 인화동2가,경상사고,0,0,2,0,차대차 - 측면충돌,중앙선침범,건조,맑음,단일로 - 기타,승용,남,73세,상해없음,화물,남,56세,경상
2022031400100113,2022년 3월 14일 10시,월요일,전라북도 익산시 어양동,경상사고,0,0,2,0,차대차 - 추돌,안전운전불이행,건조,맑음,주차장 - 주차장,화물,여,60세,상해없음,승용,여,40세,경상
2022031400100114,2022년 3월 14일 10시,월요일,전라북도 김제시 공덕면,중상사고,0,1,0,0,차대사람 - 차도통행중,안전운전불이행,건조,맑음,단일로 - 기타,이륜,남,81세,상해없음,보행자,여,66세,중상
2022031400100147,2022년 3월 14일 11시,월요일,전라북도 익산시 영등동,경상사고,0,0,1,0,차대차 - 측면충돌,안전운전불이행,건조,맑음,교차로 - 교차로부근,승용,남,39세,상해없음,이륜,남,17세,경상
2022031400100148,2022년 3월 14일 11시,월요일,전라북도 김제시 요촌동,경상사고,0,0,1,0,차대사람 - 횡단중,보행자보호의무위반,젖음/습기,흐림,단일로 - 기타,승용,여,42세,상해없음,보행자,여,40세,경상
2022031400100226,2022년 3월 14일 14시,월요일,전라북도 전주시 덕진구 진북동,중상사고,0,1,0,0,차대사람 - 차도통행중,안전운전불이행,젖음/습기,비,단일로 - 기타,승용,남,44세,상해없음,보행자,남,69세,중상
2022031400100227,2022년 3월 14일 14시,월요일,전라북도 김제시 요촌동,경상사고,0,0,2,0,차대차 - 추돌,안전운전불이행,젖음/습기,흐림,단일로 - 기타,화물,남,49세,상해없음,승용,여,29세,경상
2022031400100298,2022년 3월 14일 17시,월요일,전라북도 진안군 진안읍,중상사고,0,1,0,0,차대사람 - 기타,안전운전불이행,건조,맑음,교차로 - 교차로안,화물,남,62세,상해없음,보행자,여,85세,중상
2022031400100332,2022년 3월 14일 18시,월요일,전라북도 정읍시 수성동,경상사고,0,0,1,0,차대차 - 측면충돌,안전운전불이행,젖음/습기,흐림,교차로 - 교차로부근,화물,남,53세,상해없음,승용,남,54세,상해없음
2022031400100395,2022년 3월 14일 20시,월요일,전라북도 전주시 덕진구 금암동,경상사고,0,0,2,0,차대사람 - 횡단중,신호위반,건조,맑음,단일로 - 기타,이륜,남,18세,상해없음,보행자,남,26세,경상
2022031500100030,2022년 3월 15일 06시,화요일,전라북도 익산시 용제동,경상사고,0,0,1,0,차대차 - 추돌,안전운전불이행,건조,맑음,교차로 - 교차로안,승합,남,54세,상해없음,승용,남,51세,경상