사고번호,사고일시,요일,시군구,사고내용,사망자수,중상자수,경상자수,부상신고자수,사고유형,법규위반,노면상태,기상상태,도로형태,가해운전자 차종,가해운전자 성별,가해운전자 연령,가해운전자 상해정도,피해운전자 차종,피해운전자 성별,피해운전자 연령,피해운전자 상해정도
2022031500100049,2022년 3월 15일 07시,화요일,전라북도 무주군 설천면,중상사고,0,2,4,0,차대차 - 측면충돌,중앙선침범,건조,맑음,단일로 - 지하차도(도로)내,승용,남,25세,경상,승합,남,41세,경상
2022031500100081,2022년 3월 15일 08시,화요일,전라북도 전주시 덕진구 여의동,경상사고,0,0,1,0,차대사람 - 기타,안전운전불이행,건조,맑음,단일로 - 기타,승용,남,53세,상해없음,보행자,여,23세,경상
2022031500100082,2022년 3월 15일 08시,화요일,전라북도 진안군 진안읍,중상사고,0,1,0,0,차대사람 - 횡단중,안전운전불이행,건조,맑음,교차로 - 교차로안,승용,여,42세,상해없음,보행자,여,88세,중상
2022031500100106,2022년 3월 15일 09시,화요일,전라북도 군산시 나운동,경상사고,0,0,1,0,차대차 - 측면충돌,안전운전불이행,건조,맑음,교차로 - 교차로안,승용,여,47세,상해없음,자전거,남,47세,경상
2022031500100160,2022년 3월 15일 11시,화요일,전라북도 익산시 창인동1가,중상사고,0,2,2,0,차대차 - 기타,안전운전불이행,건조,맑음,단일로 - 기타,승용,남,76세,중상,승합,남,68세,기타불명
2022031500100190,2022년 3월 15일 12시,화요일,전라북도 정읍시 북면,경상사고,0,0,2,0,차대차 - 정면충돌,중앙선침범,건조,맑음,단일로 - 기타,승용,남,66세,상해없음,승용,여,37세,경상
2022031500100206,2022년 3월 15일 13시,화요일,전라북도 군산시 신관동,중상사고,0,1,0,0,차대차 - 측면충돌,안전거리미확보,건조,맑음,기타 - 기타,화물,남,24세,상해없음,이륜,남,95세,중상
2022031500100286,2022년 3월 15일 16시,화요일,전라북도 익산시 평화동,사망사고,1,0,0,0,차대사람 - 횡단중,보행자보호의무위반,건조,맑음,교차로 - 교차로횡단보도내,승용,여,42세,상해없음,보행자,남,79세,사망
2022031500100287,2022년 3월 15일 16시,화요일,전라북도 익산시 주현동,경상사고,0,0,2,0,차대사람 - 횡단중,보행자보호의무위반,건조,맑음,교차로 - 교차로횡단보도내,화물,남,64세,상해없음,보행자,여,38세,경상
2022031500100288,2022년 3월 15일 16시,화요일,전라북도 정읍시 입암면,중상사고,0,1,0,0,차대차 - 기타,안전운전불이행,건조,맑음,교차로 - 교차로안,농기계,남,79세,중상,승용,남,45세,상해없음
2022031500100342,2022년 3월 15일 18시,화요일,전라북도 임실군 임실읍,경상사고,0,0,1,0,차대차 - 측면충돌,안전운전불이행,건조,맑음,단일로 - 지하차도(도로)내,승용,여,39세,상해없음,승용,여,32세,경상
2022031500100375,2022년 3월 15일 19시,화요일,전라북도 전주시 완산구 중화산동2가,중상사고,0,1,0,0,차대차 - 기타,안전운전불이행,건조,맑음,단일로 - 기타,승용,남,70세,상해없음,이륜,남,40세,중상
2022031500100429,2022년 3월 15일 21시,화요일,전라북도 군산시 소룡동,경상사고,0,0,3,0,차대차 - 측면충돌,중앙선침범,건조,흐림,교차로 - 교차로부근,승용,남,60세,상해없음,승용,여,28세,경상
2022031500100455,2022년 3월 15일 23시,화요일,전라북도 익산시 금마면,경상사고,0,0,2,0,차대차 - 정면충돌,중앙선침범,건조,맑음,기타 - 기타,승용,남,40세,상해없음,승용,여,54세,경상
2022031600100053,2022년 3월 16일 07시,수요일,전라북도 전주시 덕진구 여의동,경상사고,0,0,2,0,차대차 - 추돌,안전운전불이행,건조,맑음,교차로 - 교차로안,승합,남,60세,상해없음,승용,여,48세,경상
2022031600100054,2022년 3월 16일 07시,수요일,전라북도 군산시 옥산면,경상사고,0,0,1,0,차대차 - 기타,안전거리미확보,건조,맑음,단일로 - 기타,승용,남,30세,상해없음,승용,여,30세,경상
2022031600100080,2022년 3월 16일 08시,수요일,전라북도 군산시 조촌동,경상사고,0,0,1,0,차량단독 - 기타,안전운전불이행,건조,맑음,단일로 - 기타,승용,남,65세,상해없음,,,,
2022031600100081,2022년 3월 16일 08시,수요일,전라북도 익산시 영등동,경상사고,0,0,1,0,차대사람 - 횡단중,신호위반,건조,맑음,교차로 - 교차로안,승용,남,44세,상해없음,보행자,남,35세,경상
2022031600100082,2022년 3월 16일 08시,수요일,전라북도 정읍시 수성동,경상사고,0,0,1,0,차대차 - 측면충돌,중앙선침범,건조,맑음,단일로 - 기타,화물,남,57세,상해없음,승용,여,25세,경상
2022031600100083,2022년 3월 16일 08시,수요일,전라북도 임실군 오수면,경상사고,0,0,1,0,차대차 - 측면충돌,직진우회전진행방해,젖음/습기,안개,교차로 - 교차로안,화물,남,42세,상해없음,승용,남,68세,경상
2022031600100107,2022년 3월 16일 09시,수요일,전라북도 전주시 덕진구 송천동2가,중상사고,0,1,0,0,차대차 - 추돌,안전거리미확보,건조,맑음,단일로 - 기타,화물,남,76세,상해없음,화물,남,28세,중상
2022031600100108,2022년 3월 16일 09시,수요일,전라북도 군산시 조촌동,경상사고,0,0,1,0,차대차 - 기타,안전운전불이행,건조,맑음,교차로 - 교차로안,승용,남,48세,상해없음,승용,여,21세,경상
2022031600100129,2022년 3월 16일 10시,수요일,전라북도 남원시 운봉읍,경상사고,0,0,1,0,차대차 - 측면충돌,직진우회전진행방해,건조,맑음,교차로 - 교차로안,승용,여,37세,상해없음,원동기,남,81세,경상
2022031600100204,2022년 3월 16일 13시,수요일,전라북도 군산시 소룡동,중상사고,0,1,0,0,차대차 - 측면충돌,안전운전불이행,건조,맑음,교차로 - 교차로안,승용,남,44세,상해없음,이륜,남,45세,중상
2022031600100205,2022년 3월 16일 13시,수요일,전라북도 군산시 대명동,경상사고,0,0,1,0,차대차 - 측면충돌,안전거리미확보,건조,맑음,기타 - 기타,승용,여,72세,상해없음,승용,남,45세,경상
2022031600100256,2022년 3월 16일 15시,수요일,전라북도 남원시 주생면,중상사고,0,2,0,0,차대차 - 측면충돌,직진우회전진행방해,건조,맑음,교차로 - 교차로안,원동기,남,72세,중상,승용,여,33세,상해없음
2022031600100285,2022년 3월 16일 16시,수요일,전라북도 군산시 나운동,경상사고,0,0,1,0,차대차 - 기타,안전운전불이행,건조,맑음,교차로 - 교차로안,승용,여,39세,상해없음,승용,여,59세,경상
2022031600100286,2022년 3월 16일 16시,수요일,전라북도 정읍시 시기동,경상사고,0,0,4,0,차대차 - 정면충돌,기타,건조,맑음,교차로 - 교차로부근,승용,남,54세,상해없음,승용,여,55세,경상
2022031600100319,2022년 3월 16일 17시,수요일,전라북도 전주시 덕진구 팔복동2가,경상사고,0,0,1,0,차대차 - 후진중충돌,안전운전불이행,건조,맑음,교차로 - 교차로부근,승용,남,54세,상해없음,승용,남,25세,경상
2022031600100377,2022년 3월 16일 19시,수요일,전라북도 군산시 수송동,경상사고,0,0,1,0,차대사람 - 기타,안전운전불이행,건조,맑음,단일로 - 기타,승용,남,48세,상해없음,보행자,남,59세,경상
2022031700100066,2022년 3월 17일 08시,목요일,전라북도 익산시 신동,중상사고,0,1,0,0,차대차 - 기타,기타,건조,흐림,단일로 - 기타,승용,남,60세,상해없음,이륜,남,52세,중상
2022031700100092,2022년 3월 17일 09시,목요일,전라북도 부안군 줄포면,중상사고,0,1,0,0,차대차 - 측면충돌,불법유턴,건조,맑음,교차로 - 교차로안,승용,남,36세,상해없음,승용,남,75세,중상
2022031700100112,2022년 3월 17일 10시,목요일,전라북도 완주군 봉동읍,경상사고,0,0,1,0,차대차 - 추돌,안전운전불이행,건조,맑음,단일로 - 기타,승용,남,55세,상해없음,승용,여,62세,경상
2022031700100152,2022년 3월 17일 12시,목요일,전라북도 익산시 신동,경상사고,0,0,1,0,차대차 - 기타,안전운전불이행,젖음/습기,비,교차로 - 교차로안,승용,남,38세,상해없음,이륜,남,37세,경상
2022031700100261,2022년 3월 17일 17시,목요일,전라북도 전주시 완산구 서신동,경상사고,0,0,1,0,차대차 - 정면충돌,신호위반,젖음/습기,비,교차로 - 교차로안,승용,여,52세,상해없음,승용,남,35세,경상
2022031700100299,2022년 3월 17일 18시,목요일,전라북도 군산시 미룡동,경상사고,0,0,2,0,차대차 - 측면충돌,신호위반,젖음/습기,비,교차로 - 교차로안,승용,여,47세,상해없음,승용,남,47세,경상
2022031700100347,2022년 3월 17일 19시,목요일,전라북도 군산시 조촌동,경상사고,0,0,1,0,차대사람 - 차도통행중,안전운전불이행,젖음/습기,비,교차로 - 교차로부근,승용,여,38세,상해없음,보행자,남,61세,경상
2022031700100388,2022년 3월 17일 20시,목요일,전라북도 군산시 나운동,경상사고,0,0,2,0,차대차 - 추돌,안전운전불이행,젖음/습기,비,교차로 - 교차로부근,승용,남,65세,상해없음,승용,여,42세,경상
2022031700100423,2022년 3월 17일 21시,목요일,전라북도 전주시 덕진구 팔복동3가,경상사고,0,0,2,0,차대차 - 측면충돌,교차로운행방법위반,젖음/습기,비,교차로 - 교차로안,승용,여,49세,상해없음,승용,남,26세,경상
2022031700100424,2022년 3월 17일 21시,목요일,전라북도 김제시 신풍동,경상사고,0,0,1,0,차대차 - 측면충돌,중앙선침범,젖음/습기,비,단일로 - 기타,승용,남,52세,상해없음,승용,남,62세,경상
2022031700100473,2022년 3월 17일 23시,목요일,전라북도 전주시 덕진구 화전동,경상사고,0,0,1,0,차대차 - 추돌,안전운전불이행,젖음/습기,비,단일로 - 기타,승용,남,31세,상해없음,화물,남,32세,경상
2022031700100474,2022년 3월 17일 23시,목요일,전라북도 전주시 덕진구 인후동1가,중상사고,0,1,0,0,차대차 - 측면충돌,안전운전불이행,젖음/습기,비,교차로 - 교차로안,승용,여,22세,상해없음,이륜,남,24세,중상
2022031800100058,2022년 3월 18일 08시,금요일,전라북도 전주시 완산구 상림동,경상사고,0,0,2,0,차대차 - 정면충돌,안전운전불이행,젖음/습기,비,교차로 - 교차로안,승용,남,75세,경상,화물,남,45세,경상
2022031800100078,2022년 3월 18일 09시,금요일,전라북도 고창군 고창읍,경상사고,0,0,1,0,차대차 - 측면충돌,중앙선침범,젖음/습기,비,기타 - 기타,승용,남,75세,상해없음,승용,여,47세,경상
2022031800100091,2022년 3월 18일 10시,금요일,전라북도 전주시 완산구 효자동2가,경상사고,0,0,1,0,차대차 - 추돌,안전운전불이행,젖음/습기,흐림,단일로 - 기타,승용,남,72세,기타불명,승용,여,61세,경상
2022031800100124,2022년 3월 18일 12시,금요일,전라북도 전주시 완산구 서신동,경상사고,0,0,2,0,차대차 - 기타,중앙선침범,젖음/습기,흐림,단일로 - 기타,자전거,남,61세,경상,승용,여,62세,경상
2022031800100153,2022년 3월 18일 13시,금요일,전라북도 전주시 완산구 평화동2가,중상사고,0,1,0,0,차대차 - 측면충돌,안전운전불이행,건조,맑음,단일로 - 기타,승용,남,60세,상해없음,이륜,남,50세,중상
2022031800100174,2022년 3월 18일 14시,금요일,전라북도 전주시 완산구 평화동1가,경상사고,0,0,3,0,차대차 - 후진중충돌,안전운전불이행,건조,흐림,단일로 - 기타,승용,여,29세,경상,승용,남,59세,경상
2022031800100175,2022년 3월 18일 14시,금요일,전라북도 남원시 천거동,경상사고,0,0,3,0,차대차 - 기타,중앙선침범,건조,맑음,단일로 - 기타,승용,남,80세,상해없음,승용,남,50세,경상
2022031800100219,2022년 3월 18일 16시,금요일,전라북도 전주시 덕진구 우아동3가,경상사고,0,0,1,0,차대차 - 추돌,안전운전불이행,건조,맑음,교차로 - 교차로부근,승용,여,25세,상해없음,승용,남,64세,경상
2022031800100245,2022년 3월 18일 17시,금요일,전라북도 전주시 덕진구 금암동,경상사고,0,0,1,0,차대차 - 측면충돌,중앙선침범,건조,맑음,단일로 - 기타,승용,여,48세,상해없음,이륜,남,40세,경상
2022031800100246,2022년 3월 18일 17시,금요일,전라북도 군산시 오식도동,부상신고사고,0,0,0,1,차대차 - 후진중충돌,중앙선침범,건조,맑음,단일로 - 기타,승용,남,41세,기타불명,이륜,남,44세,부상신고
2022031800100272,2022년 3월 18일 18시,금요일,전라북도 전주시 완산구 용복동,경상사고,0,0,2,0,차대차 - 측면충돌,중앙선침범,젖음/습기,비,단일로 - 기타,화물,남,47세,상해없음,승용,여,46세,경상
2022031800100312,2022년 3월 18일 19시,금요일,전라북도 정읍시 수성동,중상사고,0,1,0,0,차대차 - 정면충돌,신호위반,건조,흐림,교차로 - 교차로안,화물,여,59세,상해없음,이륜,남,50세,중상
2022031800100342,2022년 3월 18일 20시,금요일,전라북도 익산시 영등동,경상사고,0,0,1,0,차대차 - 기타,안전운전불이행,젖음/습기,맑음,교차로 - 교차로안,승용,남,18세,상해없음,승용,남,56세,경상
2022031900100005,2022년 3월 19일 00시,토요일,전라북도 전주시 덕진구 금암동,경상사고,0,0,1,0,차대차 - 추돌,안전운전불이행,젖음/습기,비,교차로 - 교차로부근,승용,여,52세,상해없음,승용,여,30세,경상
2022031900100067,2022년 3월 19일 09시,토요일,전라북도 남원시 대산면,경상사고,0,0,1,0,차대차 - 측면충돌,안전운전불이행,젖음/습기,비,교차로 - 교차로안,승용,여,56세,상해없음,화물,남,71세,경상
2022031900100116,2022년 3월 19일 11시,토요일,전라북도 익산시 석왕동,중상사고,0,2,0,0,차대차 - 추돌,안전운전불이행,건조,맑음,교차로 - 교차로안,화물,남,53세,상해없음,승용,남,78세,중상
2022031900100149,2022년 3월 19일 12시,토요일,전라북도 군산시 미원동,경상사고,0,0,1,0,차대차 - 기타,안전거리미확보,젖음/습기,비,단일로 - 기타,승용,남,49세,상해없음,승용,남,32세,경상
2022031900100211,2022년 3월 19일 14시,토요일,전라북도 전주시 덕진구 팔복동2가,경상사고,0,0,1,0,차대차 - 기타,안전운전불이행,젖음/습기,비,단일로 - 기타,화물,남,58세,상해없음,승용,남,28세,경상
2022031900100228,2022년 3월 19일 15시,토요일,전라북도 남원시 도통동,중상사고,0,1,0,0,차대차 - 기타,안전거리미확보,젖음/습기,맑음,교차로 - 교차로부근,이륜,남,43세,중상,승용,남,57세,상해없음
2022031900100309,2022년 3월 19일 18시,토요일,전라북도 군산시 수송동,경상사고,0,0,1,0,차대사람 - 횡단중,신호위반,건조,맑음,교차로 - 교차로부근,이륜,남,58세,상해없음,보행자,남,50세,경상
2022031900100329,2022년 3월 19일 19시,토요일,전라북도 진안군 부귀면,중상사고,0,1,1,0,차대사람 - 길가장자리구역통행중,안전운전불이행,젖음/습기,흐림,단일로 - 기타,화물,남,53세,상해없음,보행자,여,62세,중상
2022031900100360,2022년 3월 19일 20시,토요일,전라북도 전주시 덕진구 팔복동2가,경상사고,0,0,1,0,차대차 - 정면충돌,신호위반,건조,맑음,교차로 - 교차로안,화물,남,45세,상해없음,승용,남,30세,경상
2022031900100385,2022년 3월 19일 21시,토요일,전라북도 전주시 완산구 삼천동1가,경상사고,0,0,1,0,차대차 - 추돌,안전거리미확보,건조,맑음,단일로 - 기타,승용,여,53세,경상,승용,남,37세,상해없음
2022031900100425,2022년 3월 19일 23시,토요일,전라북도 익산시 갈산동,경상사고,0,0,1,0,차대차 - 측면충돌,직진우회전진행방해,건조,맑음,교차로 - 교차로안,승용,남,20세,상해없음,승용,남,42세,경상
2022032000100121,2022년 3월 20일 14시,일요일,전라북도 익산시 마동,경상사고,0,0,1,0,차대차 - 측면충돌,차로위반,건조,맑음,단일로 - 기타,이륜,남,36세,상해없음,자전거,남,75세,경상
2022032000100257,2022년 3월 20일 20시,일요일,전라북도 전주시 덕진구 인후동1가,경상사고,0,0,1,0,차대차 - 측면충돌,안전운전불이행,건조,맑음,교차로 - 교차로안,승용,여,40세,상해없음,승용,남,34세,경상
2022032100100005,2022년 3월 21일 00시,월요일,전라북도 정읍시 시기동,경상사고,0,0,1,0,차대차 - 측면충돌,안전운전불이행,건조,맑음,교차로 - 교차로안,승용,여,20세,경상,승용,여,51세,상해없음
2022032100100065,2022년 3월 21일 08시,월요일,전라북도 익산시 모현동1가,중상사고,0,1,0,0,차대사람 - 기타,안전운전불이행,건조,맑음,단일로 - 기타,이륜,남,50세,상해없음,보행자,여,63세,중상
2022032100100094,2022년 3월 21일 09시,월요일,전라북도 순창군 순창읍,경상사고,0,0,1,0,차대차 - 측면충돌,신호위반,젖음/습기,맑음,교차로 - 교차로안,승용,여,45세,상해없음,승용,여,48세,경상
2022032100100116,2022년 3월 21일 10시,월요일,전라북도 정읍시 태인면,경상사고,0,0,2,0,차대차 - 측면충돌,직진우회전진행방해,건조,맑음,교차로 - 교차로안,승용,남,61세,경상,화물,남,74세,경상
2022032100100148,2022년 3월 21일 11시,월요일,전라북도 전주시 완산구 전동,중상사고,0,1,0,0,차대사람 - 기타,기타,건조,맑음,단일로 - 기타,승합,남,47세,상해없음,보행자,여,80세,중상
2022032100100149,2022년 3월 21일 11시,월요일,전라북도 부안군 행안면,사망사고,1,0,0,0,차대사람 - 기타,안전운전불이행,건조,맑음,주차장 - 주차장,승용,남,51세,상해없음,보행자,남,84세,사망
2022032100100244,2022년 3월 21일 15시,월요일,전라북도 전주시 덕진구 인후동1가,중상사고,0,1,1,0,차대차 - 정면충돌,중앙선침범,건조,맑음,교차로 - 교차로안,승용,남,63세,중상,화물,남,53세,경상
2022032100100306,2022년 3월 21일 17시,월요일,전라북도 전주시 덕진구 인후동1가,경상사고,0,0,1,0,차대차 - 정면충돌,안전운전불이행,건조,맑음,단일로 - 기타,승용,여,63세,상해없음,원동기,남,28세,경상
2022032100100356,2022년 3월 21일 19시,월요일,전라북도 전주시 덕진구 송천동2가,경상사고,0,0,1,0,차대차 - 측면충돌,교차로운행방법위반,건조,맑음,교차로 - 교차로안,승용,남,30세,상해없음,이륜,남,26세,경상
2022032100100374,2022년 3월 21일 20시,월요일,전라북도 군산시 소룡동,경상사고,0,0,2,0,차대차 - 측면충돌,안전운전불이행,건조,맑음,교차로 - 교차로안,승용,여,68세,경상,승용,남,26세,경상
2022032100100430,2022년 3월 21일 23시,월요일,전라북도 전주시 완산구 서신동,경상사고,0,0,2,0,차대차 - 추돌,안전운전불이행,건조,맑음,단일로 - 기타,승용,남,48세,상해없음,승용,남,57세,경상
2022032200100124,2022년 3월 22일 11시,화요일,전라북도 전주시 완산구 삼천동1가,경상사고,0,0,2,0,차대차 - 정면충돌,중앙선침범,건조,맑음,단일로 - 기타,승용,남,62세,상해없음,승용,남,57세,경상
2022032200100175,2022년 3월 22일 13시,화요일,전라북도 익산시 신동,경상사고,0,0,3,0,차대차 - 추돌,안전운전불이행,건조,맑음,교차로 - 교차로부근,승용,여,73세,상해없음,이륜,남,32세,경상
2022032200100176,2022년 3월 22일 13시,화요일,전라북도 익산시 모현동1가,경상사고,0,0,1,0,차대차 - 추돌,안전운전불이행,건조,맑음,단일로 - 기타,승용,남,63세,상해없음,승합,남,57세,경상
2022032200100197,2022년 3월 22일 14시,화요일,전라북도 전주시 완산구 중화산동2가,경상사고,0,0,1,0,차대차 - 측면충돌,안전운전불이행,건조,맑음,교차로 - 교차로부근,이륜,여,54세,상해없음,승용,남,55세,경상
2022032200100198,2022년 3월 22일 14시,화요일,전라북도 전주시 완산구 효자동2가,경상사고,0,0,2,0,차대차 - 측면충돌,직진우회전진행방해,건조,맑음,교차로 - 교차로안,승용,남,57세,상해없음,승용,남,47세,경상
2022032200100227,2022년 3월 22일 15시,화요일,전라북도 군산시 오식도동,경상사고,0,0,1,0,차대차 - 측면충돌,직진우회전진행방해,건조,맑음,교차로 - 교차로안,승용,남,43세,상해없음,승용,여,49세,경상
2022032200100228,2022년 3월 22일 15시,화요일,전라북도 남원시 도통동,중상사고,0,1,0,0,차대차 - 기타,안전운전불이행,건조,맑음,단일로 - 기타,화물,남,55세,상해없음,승용,여,48세,중상
2022032200100262,2022년 3월 22일 16시,화요일,전라북도 전주시 완산구 중노송동,중상사고,0,1,0,0,차대차 - 측면충돌,안전운전불이행,건조,맑음,교차로 - 교차로안,승용,남,61세,상해없음,자전거,남,72세,중상
2022032200100263,2022년 3월 22일 16시,화요일,전라북도 군산시 미원동,부상신고사고,0,0,0,1,차대차 - 기타,직진우회전진행방해,건조,맑음,교차로 - 교차로부근,자전거,남,73세,부상신고,승용,여,31세,상해없음
2022032200100264,2022년 3월 22일 16시,화요일,전라북도 군산시 장재동,중상사고,0,1,0,0,차대사람 - 횡단중,안전운전불이행,건조,맑음,교차로 - 교차로안,승용,남,37세,상해없음,보행자,남,82세,중상
2022032200100297,2022년 3월 22일 17시,화요일,전라북도 전주시 완산구 삼천동1가,경상사고,0,0,1,0,차대차 - 측면충돌,안전운전불이행,건조,맑음,교차로 - 교차로안,승용,남,69세,상해없음,승용,남,59세,경상
2022032200100298,2022년 3월 22일 17시,화요일,전라북도 군산시 지곡동,경상사고,0,0,1,0,차대차 - 측면충돌,안전거리미확보,건조,맑음,단일로 - 기타,승합,남,61세,상해없음,승용,여,27세,경상
2022032200100330,2022년 3월 22일 18시,화요일,전라북도 군산시 수송동,부상신고사고,0,0,0,1,차대차 - 측면충돌,안전운전불이행,건조,맑음,교차로 - 교차로부근,기타불명,기타불명,미분류,기타불명,승용,여,29세,부상신고
2022032200100363,2022년 3월 22일 19시,화요일,전라북도 익산시 동산동,경상사고,0,0,2,0,차대차 - 측면충돌,신호위반,건조,맑음,교차로 - 교차로안,승용,여,44세,상해없음,승용,여,36세,경상
2022032200100390,2022년 3월 22일 20시,화요일,전라북도 전주시 덕진구 우아동3가,경상사고,0,0,1,0,차대차 - 측면충돌,안전운전불이행,건조,맑음,단일로 - 기타,승합,남,62세,상해없음,승용,남,69세,상해없음
2022032200100391,2022년 3월 22일 20시,화요일,전라북도 군산시 경암동,부상신고사고,0,0,0,1,차대차 - 추돌,안전운전불이행,건조,맑음,단일로 - 기타,이륜,남,21세,부상신고,승용,남,39세,상해없음
2022032200100410,2022년 3월 22일 21시,화요일,전라북도 완주군 봉동읍,경상사고,0,0,1,0,차대차 - 정면충돌,중앙선침범,건조,맑음,단일로 - 기타,화물,남,55세,상해없음,승용,여,38세,경상
2022032200100430,2022년 3월 22일 22시,화요일,전라북도 전주시 완산구 효자동3가,경상사고,0,0,1,0,차대사람 - 횡단중,신호위반,건조,맑음,교차로 - 교차로횡단보도내,이륜,남,34세,상해없음,보행자,남,55세,경상
2022032300100033,2022년 3월 23일 05시,수요일,전라북도 익산시 영등동,경상사고,0,0,1,0,차대차 - 추돌,안전운전불이행,건조,맑음,교차로 - 교차로안,승합,남,40세,상해없음,승용,남,43세,경상
2022032300100090,2022년 3월 23일 09시,수요일,전라북도 전주시 완산구 삼천동1가,경상사고,0,0,2,0,차대차 - 정면충돌,기타,건조,맑음,교차로 - 교차로안,승용,여,54세,경상,승합,남,68세,경상
2022032300100091,2022년 3월 23일 09시,수요일,전라북도 고창군 고창읍,경상사고,0,0,1,0,차대차 - 측면충돌,중앙선침범,건조,맑음,교차로 - 교차로부근,승용,여,53세,상해없음,화물,남,71세,경상
2022032300100139,2022년 3월 23일 11시,수요일,전라북도 장수군 산서면,경상사고,0,0,1,0,차대사람 - 기타,안전운전불이행,건조,맑음,단일로 - 기타,승용,여,67세,상해없음,보행자,남,61세,경상
2022032300100183,2022년 3월 23일 13시,수요일,전라북도 완주군 봉동읍,경상사고,0,0,1,0,차대차 - 기타,안전운전불이행,건조,맑음,교차로 - 교차로부근,건설기계,남,68세,상해없음,승용,남,46세,경상
2022032300100209,2022년 3월 23일 14시,수요일,전라북도 정읍시 연지동,경상사고,0,0,2,0,차대차 - 추돌,안전운전불이행,건조,맑음,교차로 - 교차로안,승용,남,22세,경상,승용,남,32세,경상
2022032300100289,2022년 3월 23일 17시,수요일,전라북도 무주군 무주읍,경상사고,0,0,2,0,차대차 - 기타,안전운전불이행,건조,맑음,단일로 - 지하차도(도로)내,화물,남,35세,상해없음,승용,남,51세,경상
2022032300100356,2022년 3월 23일 19시,수요일,전라북도 군산시 조촌동,경상사고,0,0,1,0,차대차 - 정면충돌,안전운전불이행,건조,맑음,교차로 - 교차로안,승용,남,51세,상해없음,승용,남,26세,경상
2022032300100412,2022년 3월 23일 21시,수요일,전라북도 전주시 완산구 중노송동,경상사고,0,0,1,0,차대차 - 측면충돌,신호위반,건조,맑음,교차로 - 교차로안,화물,남,56세,기타불명,승용,여,52세,경상
2022032300100413,2022년 3월 23일 21시,수요일,전라북도 전주시 완산구 서신동,경상사고,0,0,1,0,차대사람 - 횡단중,신호위반,건조,맑음,교차로 - 교차로횡단보도내,승용,남,32세,상해없음,보행자,남,34세,경상
2022032300100444,2022년 3월 23일 23시,수요일,전라북도 전주시 완산구 효자동3가,경상사고,0,0,5,0,차대차 - 측면충돌,안전운전불이행,건조,맑음,단일로 - 기타,승용,여,22세,상해없음,승용,남,67세,경상
2022032400100005,2022년 3월 24일 00시,목요일,전라북도 전주시 덕진구 인후동1가,중상사고,0,1,0,0,차대차 - 추돌,안전운전불이행,건조,맑음,단일로 - 기타,화물,남,55세,상해없음,승용,남,40세,중상
2022032400100006,2022년 3월 24일 00시,목요일,전라북도 익산시 인화동2가,경상사고,0,0,2,0,차대차 - 측면충돌,차로위반,건조,맑음,단일로 - 기타,화물,남,62세,상해없음,승용,남,30세,경상
2022032400100014,2022년 3월 24일 02시,목요일,전라북도 전주시 덕진구 덕진동2가,경상사고,0,0,1,0,차대차 - 측면충돌,신호위반,건조,맑음,교차로 - 교차로안,승용,남,60세,상해없음,승용,남,62세,경상
2022032400100086,2022년 3월 24일 09시,목요일,전라북도 군산시 수송동,중상사고,0,1,0,0,차대차 - 측면충돌,안전운전불이행,건조,맑음,교차로 - 교차로횡단보도내,승용,남,37세,상해없음,자전거,여,67세,중상
2022032400100111,2022년 3월 24일 10시,목요일,전라북도 군산시 나운동,경상사고,0,0,1,0,차대차 - 기타,안전운전불이행,건조,맑음,교차로 - 교차로부근,원동기,남,22세,상해없음,승용,남,47세,경상
2022032400100135,2022년 3월 24일 11시,목요일,전라북도 전주시 덕진구 만성동,경상사고,0,0,1,0,차대차 - 측면충돌,안전운전불이행,건조,맑음,단일로 - 기타,승용,여,30세,상해없음,승용,여,58세,경상
2022032400100136,2022년 3월 24일 11시,목요일,전라북도 남원시 운봉읍,경상사고,0,0,3,0,차대차 - 정면충돌,중앙선침범,건조,맑음,단일로 - 기타,승용,남,76세,상해없음,승용,여,63세,경상
2022032400100162,2022년 3월 24일 12시,목요일,전라북도 익산시 황등면,중상사고,0,1,0,0,차대차 - 기타,안전운전불이행,건조,맑음,단일로 - 기타,자전거,여,68세,중상,화물,여,27세,상해없음
2022032400100189,2022년 3월 24일 13시,목요일,전라북도 전주시 완산구 전동,사망사고,1,0,0,0,차대사람 - 횡단중,안전운전불이행,건조,맑음,교차로 - 교차로부근,승합,남,60세,상해없음,보행자,여,80세,사망
2022032400100190,2022년 3월 24일 13시,목요일,전라북도 익산시 모현동1가,경상사고,0,0,1,0,차대차 - 측면충돌,안전운전불이행,건조,맑음,교차로 - 교차로부근,승용,여,67세,상해없음,승용,여,40세,경상
2022032400100191,2022년 3월 24일 13시,목요일,전라북도 진안군 진안읍,중상사고,0,1,1,0,차대사람 - 길가장자리구역통행중,기타,건조,맑음,단일로 - 기타,승용,여,77세,상해없음,보행자,여,79세,중상
2022032400100246,2022년 3월 24일 15시,목요일,전라북도 정읍시 상동,경상사고,0,0,1,0,차대사람 - 횡단중,안전운전불이행,건조,맑음,단일로 - 기타,승용,남,73세,상해없음,보행자,남,7세,경상
2022032400100283,2022년 3월 24일 16시,목요일,전라북도 군산시 수송동,경상사고,0,0,1,0,차대차 - 측면충돌,신호위반,건조,맑음,단일로 - 지하차도(도로)내,이륜,남,38세,경상,승용,남,51세,상해없음