사고번호,사고일시,요일,시군구,사고내용,사망자수,중상자수,경상자수,부상신고자수,사고유형,법규위반,노면상태,기상상태,도로형태,가해운전자 차종,가해운전자 성별,가해운전자 연령,가해운전자 상해정도,피해운전자 차종,피해운전자 성별,피해운전자 연령,피해운전자 상해정도
2022032400100350,2022년 3월 24일 18시,목요일,전라북도 전주시 덕진구 송천동1가,경상사고,0,0,1,0,차대차 - 측면충돌,신호위반,건조,맑음,교차로 - 교차로안,화물,남,27세,상해없음,승용,남,55세,경상
2022032400100351,2022년 3월 24일 18시,목요일,전라북도 군산시 수송동,경상사고,0,0,1,0,차대차 - 측면충돌,안전거리미확보,건조,맑음,단일로 - 지하차도(도로)내,승용,남,67세,상해없음,승용,여,44세,경상
2022032400100392,2022년 3월 24일 19시,목요일,전라북도 전주시 완산구 경원동3가,경상사고,0,0,1,0,차량단독 - 기타,안전운전불이행,건조,맑음,단일로 - 기타,승합,남,59세,상해없음,,,,
2022032400100438,2022년 3월 24일 21시,목요일,전라북도 전주시 완산구 삼천동1가,경상사고,0,0,1,0,차대차 - 추돌,안전운전불이행,건조,맑음,단일로 - 기타,승용,남,42세,상해없음,승합,남,62세,경상
2022032500100073,2022년 3월 25일 08시,금요일,전라북도 익산시 삼기면,경상사고,0,0,2,0,차대차 - 기타,신호위반,건조,맑음,교차로 - 교차로안,화물,남,66세,경상,승용,남,29세,경상
2022032500100120,2022년 3월 25일 10시,금요일,전라북도 전주시 덕진구 만성동,경상사고,0,0,1,0,차량단독 - 기타,안전운전불이행,건조,맑음,교차로 - 교차로안,승합,남,46세,상해없음,,,,
2022032500100230,2022년 3월 25일 14시,금요일,전라북도 전주시 덕진구 반월동,경상사고,0,0,1,0,차대사람 - 보도통행중,기타,건조,맑음,단일로 - 기타,승용,여,62세,상해없음,보행자,남,62세,경상
2022032500100284,2022년 3월 25일 16시,금요일,전라북도 익산시 남중동,경상사고,0,0,2,0,차대차 - 기타,교차로운행방법위반,건조,맑음,교차로 - 교차로안,승합,남,65세,상해없음,승용,남,74세,경상
2022032500100285,2022년 3월 25일 16시,금요일,전라북도 부안군 부안읍,중상사고,0,1,0,0,차대사람 - 기타,안전운전불이행,건조,맑음,단일로 - 기타,승용,여,57세,상해없음,보행자,여,67세,중상
2022032500100320,2022년 3월 25일 17시,금요일,전라북도 남원시 하정동,경상사고,0,0,1,0,차대차 - 측면충돌,안전운전불이행,건조,맑음,단일로 - 기타,화물,남,47세,상해없음,자전거,남,67세,경상
2022032500100353,2022년 3월 25일 18시,금요일,전라북도 전주시 덕진구 여의동,경상사고,0,0,2,0,차대차 - 측면충돌,안전운전불이행,건조,맑음,교차로 - 교차로안,승용,남,57세,상해없음,승합,남,48세,경상
2022032500100412,2022년 3월 25일 19시,금요일,전라북도 전주시 완산구 평화동1가,중상사고,0,1,0,0,차대사람 - 기타,안전운전불이행,젖음/습기,비,교차로 - 교차로부근,승용,남,41세,상해없음,보행자,남,60세,중상
2022032500100413,2022년 3월 25일 19시,금요일,전라북도 전주시 덕진구 덕진동1가,경상사고,0,0,2,0,차대차 - 측면충돌,신호위반,젖음/습기,비,교차로 - 교차로안,승용,여,54세,상해없음,승용,여,55세,경상
2022032500100414,2022년 3월 25일 19시,금요일,전라북도 익산시 춘포면,중상사고,0,1,0,0,차대차 - 측면충돌,신호위반,젖음/습기,비,교차로 - 교차로안,특수,남,58세,상해없음,승용,남,30세,중상
2022032500100554,2022년 3월 25일 22시,금요일,전라북도 전주시 완산구 효자동1가,경상사고,0,0,1,0,차대사람 - 횡단중,신호위반,젖음/습기,비,단일로 - 기타,승용,남,40세,상해없음,보행자,남,17세,경상
2022032500100555,2022년 3월 25일 22시,금요일,전라북도 전주시 덕진구 고랑동,사망사고,1,0,0,0,차대사람 - 기타,안전운전불이행,젖음/습기,비,단일로 - 기타,승용,남,33세,상해없음,보행자,남,56세,사망
2022032500100556,2022년 3월 25일 22시,금요일,전라북도 군산시 수송동,경상사고,0,0,1,0,차대차 - 측면충돌,교차로운행방법위반,젖음/습기,비,교차로 - 교차로안,승용,여,49세,상해없음,승용,남,19세,경상
2022032500100557,2022년 3월 25일 22시,금요일,전라북도 익산시 인화동1가,경상사고,0,0,2,0,차대차 - 측면충돌,직진우회전진행방해,젖음/습기,비,교차로 - 교차로안,승용,남,30세,상해없음,승용,여,19세,경상
2022032500100614,2022년 3월 25일 23시,금요일,전라북도 전주시 완산구 평화동2가,중상사고,0,1,0,0,차대사람 - 기타,안전운전불이행,젖음/습기,비,교차로 - 교차로부근,승용,남,33세,상해없음,보행자,남,48세,중상
2022032500100615,2022년 3월 25일 23시,금요일,전라북도 군산시 나운동,경상사고,0,0,2,0,차대차 - 추돌,안전운전불이행,젖음/습기,비,교차로 - 교차로부근,승용,남,52세,상해없음,승용,여,33세,경상
2022032600100054,2022년 3월 26일 04시,토요일,전라북도 전주시 덕진구 팔복동2가,중상사고,0,1,0,0,차대차 - 측면충돌,신호위반,젖음/습기,비,교차로 - 교차로횡단보도내,승용,남,28세,상해없음,자전거,여,60세,중상
2022032600100076,2022년 3월 26일 07시,토요일,전라북도 전주시 덕진구 송천동2가,경상사고,0,0,5,0,차대차 - 측면충돌,안전운전불이행,건조,맑음,단일로 - 기타,승용,남,29세,상해없음,승용,남,49세,경상
2022032600100102,2022년 3월 26일 09시,토요일,전라북도 순창군 순창읍,경상사고,0,0,2,0,차대차 - 측면충돌,안전운전불이행,젖음/습기,비,교차로 - 교차로안,승용,남,29세,경상,화물,남,71세,경상
2022032600100140,2022년 3월 26일 11시,토요일,전라북도 김제시 검산동,경상사고,0,0,1,0,차대차 - 측면충돌,교차로운행방법위반,젖음/습기,비,교차로 - 교차로안,승용,여,24세,상해없음,승용,남,29세,경상
2022032600100165,2022년 3월 26일 12시,토요일,전라북도 전주시 완산구 중화산동1가,중상사고,0,1,0,0,차대사람 - 횡단중,안전운전불이행,젖음/습기,흐림,교차로 - 교차로부근,승용,남,26세,상해없음,보행자,여,25세,중상
2022032600100166,2022년 3월 26일 12시,토요일,전라북도 익산시 부송동,중상사고,0,1,2,0,차대차 - 측면충돌,안전운전불이행,건조,맑음,단일로 - 기타,화물,남,75세,경상,승용,남,64세,경상
2022032600100278,2022년 3월 26일 16시,토요일,전라북도 전주시 덕진구 중동,경상사고,0,0,4,0,차대차 - 추돌,안전운전불이행,젖음/습기,비,단일로 - 기타,승용,여,43세,상해없음,승용,남,42세,경상
2022032600100279,2022년 3월 26일 16시,토요일,전라북도 군산시 오식도동,중상사고,0,1,0,0,차대차 - 측면충돌,기타,건조,맑음,교차로 - 교차로안,승용,남,73세,상해없음,자전거,남,63세,중상
2022032600100280,2022년 3월 26일 16시,토요일,전라북도 익산시 남중동,경상사고,0,0,1,0,차대차 - 추돌,안전운전불이행,건조,맑음,단일로 - 기타,승용,여,66세,상해없음,승용,남,32세,경상
2022032600100281,2022년 3월 26일 16시,토요일,전라북도 남원시 죽항동,경상사고,0,0,1,0,차대차 - 측면충돌,직진우회전진행방해,건조,맑음,교차로 - 교차로안,승용,남,31세,상해없음,승용,남,62세,상해없음
2022032600100324,2022년 3월 26일 18시,토요일,전라북도 익산시 부송동,경상사고,0,0,2,0,차대차 - 측면충돌,안전운전불이행,건조,맑음,기타 - 기타,승용,남,46세,상해없음,승용,남,60세,경상
2022032600100356,2022년 3월 26일 19시,토요일,전라북도 군산시 개정면,경상사고,0,0,1,0,차대차 - 측면충돌,안전운전불이행,건조,맑음,단일로 - 기타,승용,남,57세,상해없음,승용,남,28세,경상
2022032600100357,2022년 3월 26일 19시,토요일,전라북도 익산시 모현동1가,중상사고,0,1,1,0,차대차 - 기타,교차로운행방법위반,건조,맑음,교차로 - 교차로안,이륜,남,59세,중상,승용,남,26세,경상
2022032600100377,2022년 3월 26일 20시,토요일,전라북도 군산시 산북동,부상신고사고,0,0,0,1,차대사람 - 횡단중,안전운전불이행,건조,맑음,단일로 - 기타,승용,남,68세,상해없음,보행자,남,55세,부상신고
2022032600100425,2022년 3월 26일 22시,토요일,전라북도 익산시 부송동,경상사고,0,0,1,0,차대차 - 기타,안전운전불이행,건조,맑음,교차로 - 교차로안,승합,남,47세,상해없음,승용,남,36세,경상
2022032600100426,2022년 3월 26일 22시,토요일,전라북도 익산시 신용동,경상사고,0,0,3,0,차대차 - 기타,차로위반,건조,맑음,단일로 - 기타,승용,여,49세,경상,승용,여,29세,경상
2022032600100455,2022년 3월 26일 23시,토요일,전라북도 전주시 완산구 고사동,경상사고,0,0,1,0,차대차 - 추돌,안전운전불이행,건조,맑음,단일로 - 기타,승용,남,26세,상해없음,승용,남,23세,경상
2022032600100456,2022년 3월 26일 23시,토요일,전라북도 군산시 수송동,부상신고사고,0,0,0,1,차대사람 - 길가장자리구역통행중,안전운전불이행,건조,맑음,단일로 - 기타,승용,남,23세,상해없음,보행자,남,22세,부상신고
2022032700100006,2022년 3월 27일 00시,일요일,전라북도 전주시 완산구 중화산동2가,경상사고,0,0,4,0,차대차 - 측면충돌,안전거리미확보,건조,맑음,교차로 - 교차로안,승용,남,26세,경상,승용,남,30세,경상
2022032700100085,2022년 3월 27일 11시,일요일,전라북도 완주군 구이면,중상사고,0,1,0,0,차대차 - 측면충돌,교차로운행방법위반,건조,맑음,교차로 - 교차로안,승용,여,40세,상해없음,자전거,남,43세,중상
2022032700100108,2022년 3월 27일 12시,일요일,전라북도 군산시 수송동,경상사고,0,0,1,0,차대차 - 추돌,안전운전불이행,건조,맑음,교차로 - 교차로안,승용,남,69세,상해없음,원동기,남,36세,경상
2022032700100159,2022년 3월 27일 14시,일요일,전라북도 정읍시 금붕동,경상사고,0,0,3,0,차대차 - 측면충돌,신호위반,건조,맑음,기타 - 기타,승용,남,31세,상해없음,승용,남,45세,경상
2022032700100266,2022년 3월 27일 18시,일요일,전라북도 전주시 완산구 중앙동4가,경상사고,0,0,3,0,차대차 - 기타,중앙선침범,건조,맑음,단일로 - 기타,승용,남,60세,기타불명,승용,여,30세,경상
2022032700100267,2022년 3월 27일 18시,일요일,전라북도 전주시 덕진구 덕진동1가,경상사고,0,0,1,0,차대사람 - 기타,안전운전불이행,건조,맑음,단일로 - 기타,이륜,남,21세,상해없음,보행자,남,29세,경상
2022032700100339,2022년 3월 27일 21시,일요일,전라북도 전주시 완산구 평화동2가,경상사고,0,0,1,0,차대차 - 측면충돌,교차로운행방법위반,건조,맑음,교차로 - 교차로안,승용,남,42세,상해없음,이륜,남,20세,경상
2022032700100358,2022년 3월 27일 22시,일요일,전라북도 군산시 미룡동,경상사고,0,0,1,0,차대사람 - 횡단중,안전운전불이행,건조,맑음,단일로 - 기타,승용,남,23세,상해없음,보행자,남,45세,경상
2022032700100359,2022년 3월 27일 22시,일요일,전라북도 완주군 삼례읍,경상사고,0,0,3,0,차대차 - 후진중충돌,안전운전불이행,건조,맑음,교차로 - 교차로부근,승용,남,67세,상해없음,승용,남,28세,경상
2022032800100004,2022년 3월 28일 00시,월요일,전라북도 전주시 덕진구 인후동2가,경상사고,0,0,1,0,차대차 - 측면충돌,안전운전불이행,건조,맑음,단일로 - 기타,승용,남,25세,상해없음,승용,남,26세,경상
2022032800100019,2022년 3월 28일 05시,월요일,전라북도 전주시 완산구 효자동2가,경상사고,0,0,1,0,차대차 - 추돌,안전운전불이행,건조,맑음,교차로 - 교차로부근,화물,남,48세,기타불명,화물,남,54세,경상
2022032800100079,2022년 3월 28일 08시,월요일,전라북도 익산시 금마면,경상사고,0,0,1,0,차대차 - 추돌,안전운전불이행,건조,맑음,교차로 - 교차로부근,승용,여,43세,상해없음,승용,여,45세,경상
2022032800100163,2022년 3월 28일 11시,월요일,전라북도 전주시 완산구 효자동1가,중상사고,0,1,0,0,차대사람 - 횡단중,보행자보호의무위반,건조,맑음,교차로 - 교차로횡단보도내,화물,남,70세,상해없음,보행자,남,86세,중상
2022032800100164,2022년 3월 28일 11시,월요일,전라북도 전주시 완산구 삼천동1가,중상사고,0,1,2,0,차대차 - 측면충돌,신호위반,건조,맑음,교차로 - 교차로안,승용,남,75세,상해없음,승용,남,70세,중상
2022032800100165,2022년 3월 28일 11시,월요일,전라북도 순창군 인계면,사망사고,1,0,0,0,차량단독 - 도로외이탈 - 기타,안전운전불이행,건조,맑음,단일로 - 기타,건설기계,남,61세,사망,,,,
2022032800100202,2022년 3월 28일 12시,월요일,전라북도 전주시 완산구 중화산동1가,경상사고,0,0,1,0,차대차 - 기타,불법유턴,건조,맑음,단일로 - 기타,승용,여,44세,상해없음,승용,여,28세,경상
2022032800100225,2022년 3월 28일 13시,월요일,전라북도 전주시 덕진구 팔복동3가,경상사고,0,0,2,0,차대차 - 측면충돌,신호위반,건조,맑음,단일로 - 기타,승용,남,69세,상해없음,승용,남,36세,경상
2022032800100252,2022년 3월 28일 14시,월요일,전라북도 정읍시 이평면,경상사고,0,0,1,0,차대차 - 측면충돌,중앙선침범,건조,맑음,단일로 - 기타,화물,남,52세,상해없음,특수,남,46세,경상
2022032800100253,2022년 3월 28일 14시,월요일,전라북도 남원시 송동면,중상사고,0,1,1,0,차대차 - 측면충돌,신호위반,건조,맑음,교차로 - 교차로안,화물,남,69세,상해없음,이륜,여,59세,중상
2022032800100378,2022년 3월 28일 18시,월요일,전라북도 군산시 미원동,중상사고,0,1,0,0,차대차 - 측면충돌,직진우회전진행방해,건조,맑음,교차로 - 교차로안,개인형이동수단(PM),여,12세,상해없음,승용,여,49세,상해없음
2022032800100417,2022년 3월 28일 19시,월요일,전라북도 군산시 신영동,경상사고,0,0,1,0,차대차 - 추돌,안전운전불이행,건조,맑음,단일로 - 기타,화물,여,73세,상해없음,승용,남,51세,기타불명
2022032800100447,2022년 3월 28일 20시,월요일,전라북도 무주군 무주읍,사망사고,1,0,1,0,차대차 - 추돌,안전운전불이행,건조,맑음,단일로 - 기타,화물,남,62세,상해없음,화물,남,74세,사망
2022032900100012,2022년 3월 29일 03시,화요일,전라북도 익산시 함라면,중상사고,0,1,1,0,차대차 - 측면충돌,신호위반,건조,맑음,교차로 - 교차로안,건설기계,남,64세,상해없음,화물,남,47세,경상
2022032900100036,2022년 3월 29일 07시,화요일,전라북도 정읍시 입암면,중상사고,0,1,0,0,차대사람 - 기타,안전운전불이행,건조,맑음,단일로 - 기타,화물,남,70세,상해없음,보행자,여,79세,중상
2022032900100060,2022년 3월 29일 08시,화요일,전라북도 전주시 완산구 중화산동2가,경상사고,0,0,1,0,차대차 - 추돌,안전운전불이행,건조,맑음,교차로 - 교차로안,승용,여,53세,상해없음,승용,여,52세,경상
2022032900100061,2022년 3월 29일 08시,화요일,전라북도 부안군 부안읍,경상사고,0,0,1,0,차대사람 - 횡단중,보행자보호의무위반,건조,맑음,교차로 - 교차로횡단보도내,승용,남,50세,상해없음,보행자,남,37세,경상
2022032900100146,2022년 3월 29일 11시,화요일,전라북도 완주군 상관면,경상사고,0,0,1,0,차대차 - 측면충돌,불법유턴,건조,맑음,교차로 - 교차로부근,화물,남,67세,상해없음,화물,남,31세,경상
2022032900100238,2022년 3월 29일 14시,화요일,전라북도 김제시 순동,경상사고,0,0,3,0,차대차 - 측면충돌,신호위반,건조,맑음,교차로 - 교차로안,화물,남,51세,상해없음,승용,남,25세,경상
2022032900100352,2022년 3월 29일 17시,화요일,전라북도 익산시 마동,중상사고,0,1,0,0,차대차 - 기타,중앙선침범,건조,맑음,단일로 - 기타,자전거,여,43세,중상,승용,여,45세,상해없음
2022032900100390,2022년 3월 29일 18시,화요일,전라북도 군산시 경장동,중상사고,0,1,0,0,차대사람 - 횡단중,보행자보호의무위반,건조,맑음,교차로 - 교차로횡단보도내,승용,남,74세,상해없음,보행자,남,68세,중상
2022032900100391,2022년 3월 29일 18시,화요일,전라북도 익산시 신동,경상사고,0,0,1,0,차대차 - 측면충돌,차로위반,건조,맑음,단일로 - 기타,승용,남,44세,상해없음,승용,여,21세,경상
2022032900100392,2022년 3월 29일 18시,화요일,전라북도 남원시 왕정동,중상사고,0,1,0,0,차대차 - 측면충돌,안전운전불이행,건조,맑음,교차로 - 교차로안,승용,남,60세,상해없음,자전거,여,67세,중상
2022032900100478,2022년 3월 29일 21시,화요일,전라북도 완주군 삼례읍,경상사고,0,0,1,0,차대차 - 측면충돌,안전운전불이행,건조,맑음,교차로 - 교차로부근,승용,여,27세,상해없음,승용,남,55세,경상
2022032900100511,2022년 3월 29일 23시,화요일,전라북도 전주시 완산구 효자동3가,경상사고,0,0,1,0,차대차 - 추돌,안전운전불이행,건조,맑음,교차로 - 교차로부근,승용,남,23세,상해없음,승용,남,32세,경상
2022033000100047,2022년 3월 30일 07시,수요일,전라북도 임실군 임실읍,사망사고,1,0,0,0,차량단독 - 공작물충돌,안전운전불이행,건조,맑음,단일로 - 교량,화물,남,42세,사망,,,,
2022033000100067,2022년 3월 30일 08시,수요일,전라북도 익산시 모현동1가,경상사고,0,0,1,0,차대차 - 측면충돌,중앙선침범,건조,맑음,단일로 - 기타,승용,남,65세,상해없음,승용,여,47세,경상
2022033000100068,2022년 3월 30일 08시,수요일,전라북도 익산시 목천동,경상사고,0,0,1,0,차대차 - 추돌,안전거리미확보,건조,맑음,단일로 - 기타,화물,남,55세,상해없음,승용,남,26세,경상
2022033000100069,2022년 3월 30일 08시,수요일,전라북도 남원시 주생면,중상사고,0,1,0,0,차대차 - 측면충돌,기타,건조,맑음,교차로 - 교차로안,승용,남,30세,상해없음,화물,남,64세,중상
2022033000100100,2022년 3월 30일 09시,수요일,전라북도 익산시 금강동,경상사고,0,0,1,0,차대차 - 측면충돌,차로위반,건조,맑음,교차로 - 교차로부근,화물,남,58세,상해없음,승용,여,48세,경상
2022033000100120,2022년 3월 30일 10시,수요일,전라북도 전주시 덕진구 송천동1가,경상사고,0,0,1,0,차대차 - 측면충돌,직진우회전진행방해,건조,맑음,교차로 - 교차로안,승용,남,53세,상해없음,승용,남,54세,경상
2022033000100149,2022년 3월 30일 11시,수요일,전라북도 전주시 덕진구 금암동,경상사고,0,0,1,0,차대차 - 측면충돌,중앙선침범,건조,맑음,단일로 - 기타,승용,여,54세,상해없음,승용,남,24세,경상
2022033000100227,2022년 3월 30일 14시,수요일,전라북도 남원시 월락동,중상사고,0,1,0,0,차대차 - 기타,안전운전불이행,건조,맑음,교차로 - 교차로부근,승용,여,41세,상해없음,이륜,여,74세,중상
2022033000100276,2022년 3월 30일 15시,수요일,전라북도 남원시 주천면,중상사고,0,1,0,0,차대차 - 측면충돌,교차로운행방법위반,건조,맑음,교차로 - 교차로안,이륜,여,64세,중상,승용,여,56세,상해없음
2022033000100295,2022년 3월 30일 16시,수요일,전라북도 김제시 요촌동,중상사고,0,1,0,0,차대차 - 측면충돌,직진우회전진행방해,젖음/습기,비,교차로 - 교차로안,화물,남,68세,상해없음,이륜,남,55세,중상
2022033000100325,2022년 3월 30일 17시,수요일,전라북도 군산시 중앙로1가,경상사고,0,0,1,0,차대차 - 측면충돌,직진우회전진행방해,젖음/습기,비,교차로 - 교차로안,승용,여,46세,상해없음,승용,여,37세,경상
2022033000100362,2022년 3월 30일 18시,수요일,전라북도 군산시 장미동,경상사고,0,0,2,0,차대차 - 측면충돌,직진우회전진행방해,젖음/습기,비,교차로 - 교차로안,승용,남,39세,상해없음,승용,남,49세,경상
2022033000100400,2022년 3월 30일 19시,수요일,전라북도 익산시 영등동,경상사고,0,0,1,0,차대차 - 측면충돌,중앙선침범,건조,맑음,단일로 - 기타,승용,여,51세,상해없음,이륜,남,28세,경상
2022033000100401,2022년 3월 30일 19시,수요일,전라북도 정읍시 수성동,중상사고,0,1,0,0,차대사람 - 기타,안전운전불이행,젖음/습기,비,단일로 - 기타,화물,여,66세,상해없음,보행자,남,50세,중상
2022033000100402,2022년 3월 30일 19시,수요일,전라북도 김제시 검산동,중상사고,0,1,0,0,차대사람 - 횡단중,보행자보호의무위반,건조,맑음,단일로 - 기타,승용,남,44세,상해없음,보행자,여,66세,중상
2022033100100043,2022년 3월 31일 07시,목요일,전라북도 군산시 미룡동,경상사고,0,0,1,0,차대차 - 측면충돌,직진우회전진행방해,건조,맑음,교차로 - 교차로안,승용,남,74세,상해없음,승용,남,45세,경상
2022033100100044,2022년 3월 31일 07시,목요일,전라북도 익산시 오산면,경상사고,0,0,8,0,차대차 - 측면충돌,신호위반,건조,맑음,교차로 - 교차로안,승용,여,53세,상해없음,승합,남,62세,경상
2022033100100045,2022년 3월 31일 07시,목요일,전라북도 익산시 신동,경상사고,0,0,1,0,차대차 - 추돌,안전운전불이행,건조,맑음,단일로 - 기타,승용,남,54세,상해없음,승용,남,42세,경상
2022033100100046,2022년 3월 31일 07시,목요일,전라북도 완주군 이서면,중상사고,0,1,0,0,차량단독 - 공작물충돌,안전운전불이행,건조,맑음,단일로 - 기타,화물,남,69세,상해없음,,,,
2022033100100089,2022년 3월 31일 09시,목요일,전라북도 완주군 구이면,경상사고,0,0,1,0,차대차 - 기타,안전운전불이행,건조,맑음,교차로 - 교차로부근,건설기계,남,60세,상해없음,승용,남,28세,경상
2022033100100138,2022년 3월 31일 11시,목요일,전라북도 전주시 완산구 평화동1가,경상사고,0,0,1,0,차대차 - 정면충돌,안전운전불이행,건조,맑음,교차로 - 교차로부근,승용,남,75세,상해없음,이륜,남,76세,경상
2022033100100139,2022년 3월 31일 11시,목요일,전라북도 군산시 소룡동,중상사고,0,1,0,0,차대사람 - 횡단중,보행자보호의무위반,건조,흐림,교차로 - 교차로횡단보도내,승용,남,75세,상해없음,보행자,여,61세,중상
2022033100100140,2022년 3월 31일 11시,목요일,전라북도 익산시 어양동,중상사고,0,1,0,0,차대사람 - 횡단중,보행자보호의무위반,건조,맑음,교차로 - 교차로횡단보도내,승용,남,23세,상해없음,보행자,남,74세,중상
2022033100100190,2022년 3월 31일 13시,목요일,전라북도 전주시 완산구 효자동1가,경상사고,0,0,1,0,차대사람 - 횡단중,안전운전불이행,건조,맑음,교차로 - 교차로횡단보도내,화물,남,57세,상해없음,보행자,남,50세,경상
2022033100100191,2022년 3월 31일 13시,목요일,전라북도 완주군 봉동읍,경상사고,0,0,1,0,차대사람 - 기타,중앙선침범,건조,맑음,단일로 - 기타,이륜,남,79세,기타불명,보행자,여,81세,경상
2022033100100222,2022년 3월 31일 14시,목요일,전라북도 익산시 오산면,중상사고,0,2,0,0,차대차 - 추돌,안전운전불이행,기타,맑음,단일로 - 교량,화물,남,35세,상해없음,승용,남,74세,중상
2022033100100284,2022년 3월 31일 16시,목요일,전라북도 군산시 수송동,경상사고,0,0,1,0,차대차 - 정면충돌,신호위반,건조,맑음,교차로 - 교차로안,승합,남,68세,상해없음,승용,남,36세,경상
2022033100100315,2022년 3월 31일 17시,목요일,전라북도 익산시 평화동,경상사고,0,0,1,0,차대차 - 측면충돌,안전운전불이행,건조,맑음,단일로 - 기타,승합,남,59세,기타불명,승용,남,44세,경상
2022033100100355,2022년 3월 31일 18시,목요일,전라북도 전주시 완산구 중화산동2가,경상사고,0,0,2,0,차대차 - 측면충돌,안전운전불이행,건조,맑음,교차로 - 교차로안,승용,남,30세,상해없음,승용,여,46세,경상
2022040100100012,2022년 4월 1일 01시,금요일,전라북도 전주시 덕진구 진북동,중상사고,0,1,0,0,차량단독 - 공작물충돌,안전운전불이행,건조,맑음,단일로 - 기타,승용,남,17세,상해없음,,,,
2022040100100016,2022년 4월 1일 02시,금요일,전라북도 전주시 완산구 삼천동1가,경상사고,0,0,3,0,차대차 - 기타,안전운전불이행,건조,맑음,교차로 - 교차로안,승용,남,71세,상해없음,승용,남,69세,경상
2022040100100035,2022년 4월 1일 06시,금요일,전라북도 군산시 미룡동,경상사고,0,0,1,0,차대차 - 측면충돌,안전운전불이행,건조,맑음,교차로 - 교차로안,승용,남,61세,상해없음,승용,여,54세,경상
2022040100100073,2022년 4월 1일 08시,금요일,전라북도 군산시 소룡동,경상사고,0,0,2,0,차대차 - 추돌,안전운전불이행,건조,맑음,단일로 - 지하차도(도로)내,승용,여,42세,상해없음,승용,남,61세,경상
2022040100100099,2022년 4월 1일 09시,금요일,전라북도 군산시 서수면,부상신고사고,0,0,0,1,차대차 - 측면충돌,직진우회전진행방해,건조,맑음,교차로 - 교차로안,화물,남,70세,상해없음,화물,남,53세,부상신고
2022040100100100,2022년 4월 1일 09시,금요일,전라북도 남원시 천거동,경상사고,0,0,1,0,차대차 - 측면충돌,직진우회전진행방해,건조,맑음,교차로 - 교차로안,승용,남,35세,상해없음,이륜,남,57세,경상
2022040100100101,2022년 4월 1일 09시,금요일,전라북도 고창군 신림면,경상사고,0,0,1,0,차대차 - 측면충돌,신호위반,건조,맑음,교차로 - 교차로안,건설기계,남,66세,상해없음,승용,여,62세,경상
2022040100100128,2022년 4월 1일 10시,금요일,전라북도 전주시 덕진구 인후동2가,중상사고,0,1,0,0,차대차 - 측면충돌,교차로운행방법위반,건조,맑음,교차로 - 교차로안,승용,남,50세,상해없음,이륜,남,71세,중상
2022040100100155,2022년 4월 1일 11시,금요일,전라북도 군산시 옥구읍,중상사고,0,2,0,0,차대차 - 측면충돌,안전운전불이행,건조,맑음,단일로 - 지하차도(도로)내,이륜,남,85세,상해없음,이륜,남,75세,중상
2022040100100211,2022년 4월 1일 13시,금요일,전라북도 무주군 적상면,경상사고,0,0,2,0,차대차 - 추돌,안전운전불이행,건조,맑음,단일로 - 지하차도(도로)내,화물,남,73세,상해없음,승용,남,63세,경상
2022040100100234,2022년 4월 1일 14시,금요일,전라북도 전주시 덕진구 금암동,중상사고,0,1,0,0,차대사람 - 횡단중,보행자보호의무위반,건조,맑음,교차로 - 교차로횡단보도내,승용,여,63세,상해없음,보행자,남,24세,중상
2022040100100235,2022년 4월 1일 14시,금요일,전라북도 군산시 수송동,경상사고,0,0,1,0,차대차 - 측면충돌,기타,건조,맑음,교차로 - 교차로부근,승용,여,35세,상해없음,승용,남,58세,경상
2022040100100236,2022년 4월 1일 14시,금요일,전라북도 익산시 삼기면,경상사고,0,0,2,0,차대차 - 측면충돌,신호위반,건조,맑음,교차로 - 교차로안,화물,남,26세,상해없음,승용,여,36세,경상
2022040100100263,2022년 4월 1일 15시,금요일,전라북도 익산시 창인동1가,중상사고,0,1,0,0,차대사람 - 보도통행중,기타,건조,맑음,단일로 - 기타,화물,남,61세,상해없음,보행자,여,87세,중상
2022040100100385,2022년 4월 1일 18시,금요일,전라북도 익산시 금강동,중상사고,0,1,2,0,차대차 - 추돌,안전운전불이행,건조,맑음,교차로 - 교차로부근,승용,남,40세,상해없음,승용,여,25세,중상
2022040100100386,2022년 4월 1일 18시,금요일,전라북도 부안군 부안읍,중상사고,0,1,0,0,차대차 - 측면충돌,중앙선침범,건조,맑음,교차로 - 교차로안,화물,남,46세,상해없음,이륜,남,33세,중상
2022040100100417,2022년 4월 1일 19시,금요일,전라북도 전주시 완산구 서신동,중상사고,0,1,0,0,차대차 - 정면충돌,직진우회전진행방해,건조,맑음,교차로 - 교차로안,승용,여,45세,상해없음,이륜,여,24세,중상
2022040100100418,2022년 4월 1일 19시,금요일,전라북도 전주시 완산구 서신동,경상사고,0,0,1,0,차대사람 - 횡단중,신호위반,건조,맑음,교차로 - 교차로횡단보도내,이륜,남,31세,상해없음,보행자,여,24세,경상
2022040100100458,2022년 4월 1일 20시,금요일,전라북도 전주시 완산구 평화동2가,경상사고,0,0,1,0,차대차 - 추돌,안전운전불이행,건조,맑음,단일로 - 기타,승용,남,43세,상해없음,승용,여,62세,경상
2022040100100459,2022년 4월 1일 20시,금요일,전라북도 군산시 문화동,사망사고,1,0,0,0,차대차 - 측면충돌,신호위반,건조,맑음,교차로 - 교차로안,자전거,남,81세,사망,승용,여,37세,상해없음