사고번호,사고일시,요일,시군구,사고내용,사망자수,중상자수,경상자수,부상신고자수,사고유형,법규위반,노면상태,기상상태,도로형태,가해운전자 차종,가해운전자 성별,가해운전자 연령,가해운전자 상해정도,피해운전자 차종,피해운전자 성별,피해운전자 연령,피해운전자 상해정도
2022040100100460,2022년 4월 1일 20시,금요일,전라북도 익산시 어양동,경상사고,0,0,1,0,차대차 - 측면충돌,안전운전불이행,건조,맑음,단일로 - 기타,승용,남,59세,상해없음,승합,남,46세,경상
2022040100100461,2022년 4월 1일 20시,금요일,전라북도 남원시 향교동,경상사고,0,0,2,0,차대차 - 측면충돌,직진우회전진행방해,건조,맑음,교차로 - 교차로안,승용,남,28세,상해없음,승용,남,25세,경상
2022040100100521,2022년 4월 1일 22시,금요일,전라북도 완주군 삼례읍,경상사고,0,0,2,0,차대차 - 추돌,안전운전불이행,건조,맑음,단일로 - 기타,승용,남,37세,상해없음,승용,남,56세,경상
2022040100100546,2022년 4월 1일 23시,금요일,전라북도 임실군 관촌면,중상사고,0,1,0,0,차대사람 - 차도통행중,안전운전불이행,건조,맑음,단일로 - 고가도로위,화물,남,57세,상해없음,보행자,남,80세,중상
2022040200100027,2022년 4월 2일 01시,토요일,전라북도 김제시 부량면,중상사고,0,2,0,0,차대차 - 추돌,안전운전불이행,건조,맑음,단일로 - 기타,승용,남,34세,기타불명,화물,남,76세,중상
2022040200100053,2022년 4월 2일 07시,토요일,전라북도 전주시 덕진구 산정동,경상사고,0,0,1,0,차대차 - 측면충돌,안전운전불이행,건조,맑음,단일로 - 기타,승용,남,45세,상해없음,승용,여,33세,경상
2022040200100090,2022년 4월 2일 09시,토요일,전라북도 전주시 완산구 서신동,경상사고,0,0,1,0,차대사람 - 횡단중,신호위반,건조,맑음,교차로 - 교차로횡단보도내,승용,남,58세,상해없음,보행자,여,67세,경상
2022040200100119,2022년 4월 2일 10시,토요일,전라북도 전주시 완산구 중앙동4가,중상사고,0,1,0,0,차대차 - 기타,안전운전불이행,건조,맑음,교차로 - 교차로횡단보도내,승용,여,38세,상해없음,자전거,남,70세,중상
2022040200100120,2022년 4월 2일 10시,토요일,전라북도 전주시 덕진구 인후동1가,경상사고,0,0,1,0,차대차 - 측면충돌,중앙선침범,건조,맑음,교차로 - 교차로부근,승용,여,51세,상해없음,이륜,남,43세,경상
2022040200100121,2022년 4월 2일 10시,토요일,전라북도 군산시 지곡동,경상사고,0,0,1,0,차대차 - 측면충돌,안전운전불이행,건조,맑음,교차로 - 교차로횡단보도내,승용,여,41세,상해없음,자전거,여,84세,경상
2022040200100190,2022년 4월 2일 12시,토요일,전라북도 진안군 진안읍,경상사고,0,0,2,0,차대차 - 측면충돌,안전거리미확보,건조,맑음,단일로 - 기타,화물,남,75세,상해없음,승용,여,59세,경상
2022040200100231,2022년 4월 2일 13시,토요일,전라북도 전주시 덕진구 송천동2가,경상사고,0,0,1,0,차대사람 - 횡단중,보행자보호의무위반,건조,맑음,교차로 - 교차로횡단보도내,승용,남,48세,상해없음,보행자,여,11세,경상
2022040200100264,2022년 4월 2일 14시,토요일,전라북도 전주시 덕진구 덕진동1가,경상사고,0,0,4,0,차대차 - 측면충돌,신호위반,건조,맑음,교차로 - 교차로부근,이륜,남,27세,상해없음,승용,남,27세,경상
2022040200100300,2022년 4월 2일 15시,토요일,전라북도 전주시 덕진구 우아동3가,경상사고,0,0,1,0,차대차 - 측면충돌,신호위반,건조,맑음,교차로 - 교차로안,승용,여,22세,상해없음,승용,남,67세,경상
2022040200100301,2022년 4월 2일 15시,토요일,전라북도 군산시 미장동,경상사고,0,0,2,0,차대차 - 측면충돌,신호위반,건조,맑음,교차로 - 교차로부근,승용,남,51세,상해없음,승용,남,71세,경상
2022040200100348,2022년 4월 2일 16시,토요일,전라북도 순창군 순창읍,중상사고,0,1,0,1,차량단독 - 공작물충돌,안전운전불이행,건조,맑음,단일로 - 기타,승용,여,40세,부상신고,,,,
2022040200100423,2022년 4월 2일 18시,토요일,전라북도 전주시 완산구 효자동1가,중상사고,0,1,0,0,차대사람 - 보도통행중,기타,건조,맑음,단일로 - 기타,이륜,남,27세,상해없음,보행자,남,56세,중상
2022040200100424,2022년 4월 2일 18시,토요일,전라북도 군산시 내초동,경상사고,0,0,1,0,차대차 - 추돌,안전운전불이행,건조,맑음,교차로 - 교차로부근,승용,남,59세,상해없음,승용,남,43세,경상
2022040200100425,2022년 4월 2일 18시,토요일,전라북도 군산시 미룡동,중상사고,0,1,1,0,차대차 - 측면충돌,기타,건조,맑음,단일로 - 기타,이륜,남,38세,중상,승용,여,31세,경상
2022040200100454,2022년 4월 2일 19시,토요일,전라북도 익산시 어양동,경상사고,0,0,5,0,차대차 - 추돌,안전운전불이행,건조,맑음,교차로 - 교차로부근,화물,남,57세,상해없음,승합,남,44세,경상
2022040200100519,2022년 4월 2일 22시,토요일,전라북도 전주시 완산구 효자동2가,경상사고,0,0,2,0,차대차 - 측면충돌,안전운전불이행,건조,맑음,교차로 - 교차로부근,승용,남,28세,기타불명,승용,여,55세,경상
2022040200100520,2022년 4월 2일 22시,토요일,전라북도 순창군 순창읍,부상신고사고,0,0,0,1,차대차 - 측면충돌,신호위반,건조,맑음,교차로 - 교차로안,이륜,남,42세,부상신고,승용,남,47세,상해없음
2022040300100018,2022년 4월 3일 01시,일요일,전라북도 익산시 신흥동,경상사고,0,0,1,0,차대차 - 측면충돌,신호위반,건조,맑음,교차로 - 교차로안,승용,남,39세,상해없음,승용,남,51세,경상
2022040300100040,2022년 4월 3일 07시,일요일,전라북도 전주시 완산구 효자동3가,경상사고,0,0,2,0,차대차 - 측면충돌,신호위반,건조,맑음,교차로 - 교차로안,승용,남,28세,상해없음,승용,여,61세,경상
2022040300100053,2022년 4월 3일 09시,일요일,전라북도 전주시 완산구 다가동2가,경상사고,0,0,1,0,차대차 - 측면충돌,신호위반,건조,맑음,교차로 - 교차로안,승용,남,68세,상해없음,승합,남,57세,경상
2022040300100054,2022년 4월 3일 09시,일요일,전라북도 부안군 부안읍,경상사고,0,0,3,0,차대차 - 측면충돌,직진우회전진행방해,건조,맑음,교차로 - 교차로안,승용,남,46세,상해없음,승용,남,63세,경상
2022040300100062,2022년 4월 3일 10시,일요일,전라북도 익산시 부송동,경상사고,0,0,1,0,차대차 - 추돌,안전운전불이행,건조,맑음,교차로 - 교차로부근,승용,남,64세,상해없음,승용,남,50세,경상
2022040300100083,2022년 4월 3일 11시,일요일,전라북도 전주시 덕진구 송천동2가,부상신고사고,0,0,0,1,차대차 - 측면충돌,안전거리미확보,건조,맑음,교차로 - 교차로부근,승용,여,53세,상해없음,승용,남,29세,부상신고
2022040300100084,2022년 4월 3일 11시,일요일,전라북도 완주군 고산면,중상사고,0,1,0,0,차대사람 - 기타,안전운전불이행,건조,맑음,주차장 - 주차장,승용,여,57세,상해없음,보행자,여,72세,중상
2022040300100207,2022년 4월 3일 15시,일요일,전라북도 전주시 완산구 삼천동1가,경상사고,0,0,1,0,차대차 - 기타,안전운전불이행,건조,맑음,단일로 - 기타,자전거,여,52세,경상,승합,남,50세,상해없음
2022040300100208,2022년 4월 3일 15시,일요일,전라북도 순창군 금과면,중상사고,0,1,0,0,차량단독 - 공작물충돌,안전운전불이행,건조,맑음,기타 - 기타,이륜,여,70세,중상,,,,
2022040300100209,2022년 4월 3일 15시,일요일,전라북도 전주시 덕진구 용정동,경상사고,0,0,11,0,차대차 - 기타,안전거리미확보,건조,맑음,단일로 - 기타,승용,남,65세,상해없음,승용,남,21세,경상
2022040300100249,2022년 4월 3일 16시,일요일,전라북도 전주시 완산구 효자동1가,경상사고,0,0,1,0,차대차 - 후진중충돌,안전운전불이행,건조,맑음,주차장 - 주차장,승용,남,79세,상해없음,승용,남,25세,경상
2022040300100280,2022년 4월 3일 17시,일요일,전라북도 진안군 부귀면,경상사고,0,0,1,0,차량단독 - 기타,안전운전불이행,건조,맑음,단일로 - 교량,이륜,남,17세,상해없음,,,,
2022040300100311,2022년 4월 3일 18시,일요일,전라북도 전주시 덕진구 화전동,경상사고,0,0,1,0,차대차 - 측면충돌,안전거리미확보,건조,맑음,단일로 - 교량,승용,남,75세,상해없음,승용,남,42세,경상
2022040300100382,2022년 4월 3일 21시,일요일,전라북도 전주시 덕진구 우아동1가,경상사고,0,0,4,0,차대차 - 측면충돌,안전운전불이행,건조,맑음,교차로 - 교차로안,승용,남,30세,상해없음,승용,남,51세,경상
2022040300100404,2022년 4월 3일 22시,일요일,전라북도 군산시 지곡동,경상사고,0,0,1,0,차대차 - 측면충돌,기타,건조,맑음,교차로 - 교차로안,승용,남,26세,상해없음,승용,남,69세,상해없음
2022040300100426,2022년 4월 3일 23시,일요일,전라북도 군산시 수송동,부상신고사고,0,0,0,1,차대사람 - 횡단중,안전운전불이행,건조,맑음,교차로 - 교차로안,승합,여,25세,상해없음,보행자,남,45세,부상신고
2022040400100061,2022년 4월 4일 07시,월요일,전라북도 익산시 춘포면,중상사고,0,1,1,0,차대차 - 기타,안전운전불이행,건조,맑음,단일로 - 기타,승용,남,29세,중상,화물,남,48세,경상
2022040400100062,2022년 4월 4일 07시,월요일,전라북도 부안군 부안읍,부상신고사고,0,0,0,1,차대차 - 측면충돌,직진우회전진행방해,건조,맑음,교차로 - 교차로안,화물,남,61세,부상신고,승용,남,62세,상해없음
2022040400100063,2022년 4월 4일 07시,월요일,전라북도 진안군 정천면,경상사고,0,0,3,0,차대차 - 측면충돌,안전운전불이행,건조,맑음,단일로 - 기타,승용,남,53세,경상,화물,남,66세,상해없음
2022040400100205,2022년 4월 4일 11시,월요일,전라북도 군산시 대야면,경상사고,0,0,1,0,차대차 - 기타,안전거리미확보,건조,맑음,기타 - 기타,승용,남,75세,상해없음,승용,남,42세,경상
2022040400100206,2022년 4월 4일 11시,월요일,전라북도 군산시 영화동,경상사고,0,0,1,0,차대사람 - 기타,안전운전불이행,건조,맑음,단일로 - 기타,승용,남,79세,상해없음,보행자,여,82세,경상
2022040400100254,2022년 4월 4일 13시,월요일,전라북도 군산시 수송동,경상사고,0,0,4,0,차대차 - 측면충돌,신호위반,건조,맑음,교차로 - 교차로부근,화물,남,63세,상해없음,승용,남,55세,경상
2022040400100255,2022년 4월 4일 13시,월요일,전라북도 부안군 진서면,경상사고,0,0,1,0,차대사람 - 기타,불법유턴,건조,맑음,단일로 - 기타,화물,남,63세,상해없음,보행자,여,55세,경상
2022040400100311,2022년 4월 4일 15시,월요일,전라북도 남원시 산내면,중상사고,0,1,2,0,차대차 - 추돌,안전거리미확보,건조,맑음,단일로 - 기타,화물,남,66세,중상,화물,남,58세,상해없음
2022040400100464,2022년 4월 4일 19시,월요일,전라북도 김제시 흥사동,중상사고,0,1,0,0,차대차 - 추돌,안전운전불이행,건조,맑음,단일로 - 지하차도(도로)내,승용,남,32세,상해없음,농기계,남,72세,중상
2022040400100465,2022년 4월 4일 19시,월요일,전라북도 완주군 고산면,경상사고,0,0,2,0,차대차 - 측면충돌,안전운전불이행,건조,맑음,교차로 - 교차로안,화물,남,52세,상해없음,승용,여,32세,경상
2022040400100488,2022년 4월 4일 20시,월요일,전라북도 군산시 경암동,경상사고,0,0,1,0,차대차 - 측면충돌,안전거리미확보,건조,맑음,단일로 - 기타,승용,남,42세,상해없음,승용,남,60세,경상
2022040400100503,2022년 4월 4일 21시,월요일,전라북도 군산시 나운동,사망사고,1,0,0,0,차대사람 - 횡단중,안전운전불이행,건조,맑음,단일로 - 기타,승용,남,56세,상해없음,보행자,여,78세,사망
2022040400100518,2022년 4월 4일 22시,월요일,전라북도 전주시 완산구 효자동2가,경상사고,0,0,3,0,차대차 - 추돌,안전운전불이행,건조,맑음,교차로 - 교차로부근,승용,남,30세,경상,승용,남,41세,경상
2022040400100519,2022년 4월 4일 22시,월요일,전라북도 정읍시 시기동,중상사고,0,1,0,0,차대차 - 측면충돌,직진우회전진행방해,건조,맑음,교차로 - 교차로안,승용,여,40세,상해없음,승용,남,45세,중상
2022040500100007,2022년 4월 5일 00시,화요일,전라북도 정읍시 수성동,경상사고,0,0,2,0,차대차 - 측면충돌,신호위반,건조,맑음,교차로 - 교차로안,승용,남,20세,경상,승용,남,28세,경상
2022040500100055,2022년 4월 5일 07시,화요일,전라북도 정읍시 북면,경상사고,0,0,1,0,차대사람 - 횡단중,보행자보호의무위반,건조,맑음,교차로 - 교차로횡단보도내,화물,남,21세,상해없음,보행자,남,17세,경상
2022040500100088,2022년 4월 5일 08시,화요일,전라북도 김제시 순동,경상사고,0,0,1,0,차대차 - 추돌,안전운전불이행,건조,맑음,단일로 - 기타,승용,남,42세,상해없음,승용,여,67세,경상
2022040500100154,2022년 4월 5일 10시,화요일,전라북도 익산시 춘포면,경상사고,0,0,1,0,차대차 - 측면충돌,안전거리미확보,건조,맑음,단일로 - 기타,승용,남,78세,기타불명,승용,여,40세,경상
2022040500100225,2022년 4월 5일 12시,화요일,전라북도 군산시 경암동,경상사고,0,0,1,0,차대사람 - 횡단중,안전운전불이행,건조,맑음,교차로 - 교차로횡단보도내,승용,여,47세,상해없음,보행자,남,75세,경상
2022040500100256,2022년 4월 5일 13시,화요일,전라북도 전주시 완산구 중화산동2가,경상사고,0,0,1,0,차대사람 - 횡단중,보행자보호의무위반,건조,맑음,기타 - 기타,승용,여,55세,상해없음,보행자,여,64세,경상
2022040500100349,2022년 4월 5일 16시,화요일,전라북도 군산시 나운동,중상사고,0,1,0,0,차대사람 - 횡단중,보행자보호의무위반,건조,맑음,교차로 - 교차로횡단보도내,승용,여,48세,상해없음,보행자,여,74세,중상
2022040500100350,2022년 4월 5일 16시,화요일,전라북도 익산시 춘포면,경상사고,0,0,1,0,차대차 - 정면충돌,중앙선침범,건조,맑음,단일로 - 기타,승용,여,42세,상해없음,승용,남,43세,경상
2022040500100420,2022년 4월 5일 18시,화요일,전라북도 전주시 덕진구 덕진동2가,중상사고,0,1,0,0,차대사람 - 횡단중,안전운전불이행,건조,맑음,단일로 - 기타,승용,남,78세,상해없음,보행자,여,41세,중상
2022040500100421,2022년 4월 5일 18시,화요일,전라북도 익산시 함열읍,경상사고,0,0,1,0,차대사람 - 기타,안전운전불이행,건조,맑음,단일로 - 기타,승합,남,55세,상해없음,보행자,여,48세,경상
2022040500100456,2022년 4월 5일 19시,화요일,전라북도 부안군 하서면,중상사고,0,2,0,0,차대차 - 정면충돌,중앙선침범,건조,맑음,단일로 - 기타,화물,남,58세,중상,승용,남,27세,중상
2022040500100479,2022년 4월 5일 20시,화요일,전라북도 군산시 수송동,경상사고,0,0,2,0,차대차 - 추돌,안전운전불이행,건조,맑음,교차로 - 교차로부근,승용,남,38세,상해없음,승용,남,39세,경상
2022040500100506,2022년 4월 5일 21시,화요일,전라북도 군산시 사정동,중상사고,0,1,2,0,차대차 - 측면충돌,안전운전불이행,건조,맑음,단일로 - 지하차도(도로)내,화물,남,34세,경상,승용,여,39세,중상
2022040600100056,2022년 4월 6일 07시,수요일,전라북도 전주시 덕진구 덕진동1가,경상사고,0,0,2,0,차대차 - 측면충돌,안전거리미확보,건조,맑음,단일로 - 기타,승용,남,82세,상해없음,승용,남,69세,경상
2022040600100085,2022년 4월 6일 08시,수요일,전라북도 정읍시 신태인읍,경상사고,0,0,1,0,차대차 - 추돌,안전운전불이행,건조,맑음,기타 - 기타,승용,남,65세,상해없음,건설기계,남,49세,경상
2022040600100111,2022년 4월 6일 09시,수요일,전라북도 전주시 완산구 서완산동1가,경상사고,0,0,4,0,차대차 - 측면충돌,안전운전불이행,건조,맑음,교차로 - 교차로안,승용,여,45세,경상,승용,여,32세,경상
2022040600100112,2022년 4월 6일 09시,수요일,전라북도 순창군 순창읍,경상사고,0,0,1,1,차대차 - 기타,직진우회전진행방해,건조,맑음,교차로 - 교차로안,승용,여,60세,부상신고,승용,남,45세,경상
2022040600100134,2022년 4월 6일 10시,수요일,전라북도 군산시 수송동,경상사고,0,0,2,0,차대차 - 측면충돌,직진우회전진행방해,건조,맑음,교차로 - 교차로안,승용,남,25세,상해없음,승용,여,46세,경상
2022040600100135,2022년 4월 6일 10시,수요일,전라북도 고창군 고창읍,경상사고,0,0,1,0,차대차 - 정면충돌,중앙선침범,건조,맑음,단일로 - 교량,승용,남,76세,상해없음,이륜,남,43세,경상
2022040600100163,2022년 4월 6일 11시,수요일,전라북도 임실군 관촌면,경상사고,0,0,1,0,차대차 - 추돌,차로위반,건조,맑음,교차로 - 교차로안,화물,남,28세,상해없음,이륜,여,70세,경상
2022040600100239,2022년 4월 6일 14시,수요일,전라북도 군산시 수송동,경상사고,0,0,3,0,차대차 - 측면충돌,안전운전불이행,건조,맑음,교차로 - 교차로안,승용,여,58세,경상,승용,여,40세,경상
2022040600100268,2022년 4월 6일 15시,수요일,전라북도 익산시 춘포면,중상사고,0,1,1,0,차대차 - 측면충돌,직진우회전진행방해,건조,맑음,교차로 - 교차로안,화물,남,54세,상해없음,승용,남,74세,중상
2022040600100311,2022년 4월 6일 16시,수요일,전라북도 익산시 금마면,경상사고,0,0,2,0,차대차 - 추돌,안전운전불이행,건조,맑음,단일로 - 기타,화물,여,36세,상해없음,승용,남,55세,경상
2022040600100402,2022년 4월 6일 18시,수요일,전라북도 익산시 어양동,경상사고,0,0,1,0,차대사람 - 기타,안전운전불이행,건조,맑음,교차로 - 교차로부근,승용,여,59세,상해없음,보행자,남,25세,경상
2022040600100403,2022년 4월 6일 18시,수요일,전라북도 익산시 왕궁면,경상사고,0,0,1,0,차대차 - 추돌,안전거리미확보,건조,맑음,단일로 - 기타,승용,남,69세,상해없음,승용,남,26세,경상
2022040600100404,2022년 4월 6일 18시,수요일,전라북도 정읍시 공평동,경상사고,0,0,2,0,차대차 - 추돌,안전운전불이행,건조,맑음,단일로 - 기타,승용,남,69세,상해없음,승용,남,25세,경상
2022040600100476,2022년 4월 6일 20시,수요일,전라북도 전주시 덕진구 여의동2가,경상사고,0,0,1,0,차대사람 - 횡단중,안전운전불이행,건조,맑음,교차로 - 교차로부근,승합,남,55세,상해없음,보행자,여,67세,경상
2022040600100477,2022년 4월 6일 20시,수요일,전라북도 군산시 경장동,경상사고,0,0,4,0,차대차 - 측면충돌,신호위반,건조,맑음,교차로 - 교차로안,승용,남,26세,경상,승용,여,46세,경상
2022040600100478,2022년 4월 6일 20시,수요일,전라북도 김제시 금구면,경상사고,0,0,2,0,차대차 - 추돌,안전운전불이행,건조,맑음,교차로 - 교차로안,승용,남,53세,상해없음,승용,여,33세,경상
2022040600100501,2022년 4월 6일 21시,수요일,전라북도 군산시 미룡동,경상사고,0,0,2,0,차대차 - 추돌,안전운전불이행,건조,맑음,교차로 - 교차로부근,승용,남,35세,상해없음,화물,남,41세,경상
2022040600100502,2022년 4월 6일 21시,수요일,전라북도 익산시 왕궁면,중상사고,0,1,0,0,차대차 - 추돌,안전운전불이행,건조,맑음,단일로 - 기타,화물,남,52세,중상,화물,남,52세,기타불명
2022040600100522,2022년 4월 6일 22시,수요일,전라북도 김제시 요촌동,경상사고,0,0,1,0,차대사람 - 횡단중,보행자보호의무위반,건조,맑음,단일로 - 기타,승용,남,20세,상해없음,보행자,남,54세,경상
2022040700100016,2022년 4월 7일 00시,목요일,전라북도 전주시 덕진구 송천동2가,중상사고,0,2,1,0,차대차 - 측면충돌,신호위반,건조,맑음,교차로 - 교차로안,승용,남,58세,상해없음,승용,남,61세,중상
2022040700100039,2022년 4월 7일 05시,목요일,전라북도 남원시 노암동,중상사고,0,1,0,0,차대사람 - 횡단중,안전운전불이행,젖음/습기,비,단일로 - 기타,승용,여,61세,상해없음,보행자,여,58세,중상
2022040700100043,2022년 4월 7일 06시,목요일,전라북도 전주시 완산구 남노송동,경상사고,0,0,1,0,차대차 - 측면충돌,안전운전불이행,젖음/습기,비,교차로 - 교차로안,승용,남,28세,상해없음,승용,남,62세,경상
2022040700100052,2022년 4월 7일 07시,목요일,전라북도 전주시 덕진구 호성동2가,경상사고,0,0,1,0,차대차 - 추돌,안전운전불이행,젖음/습기,흐림,교차로 - 교차로부근,승용,남,69세,상해없음,승용,남,35세,경상
2022040700100053,2022년 4월 7일 07시,목요일,전라북도 김제시 황산면,경상사고,0,0,1,0,차대차 - 측면충돌,중앙선침범,젖음/습기,비,교차로 - 교차로부근,화물,남,67세,상해없음,승합,남,37세,경상
2022040700100087,2022년 4월 7일 08시,목요일,전라북도 남원시 수지면,경상사고,0,0,2,0,차대차 - 기타,안전운전불이행,건조,맑음,단일로 - 기타,승용,남,49세,상해없음,승용,여,44세,경상
2022040700100088,2022년 4월 7일 08시,목요일,전라북도 진안군 상전면,경상사고,0,0,1,0,차량단독 - 공작물충돌,안전운전불이행,젖음/습기,비,단일로 - 기타,승용,남,23세,기타불명,,,,
2022040700100119,2022년 4월 7일 09시,목요일,전라북도 전주시 덕진구 호성동2가,경상사고,0,0,1,0,차대차 - 추돌,안전운전불이행,건조,맑음,단일로 - 기타,승용,여,63세,상해없음,승용,남,37세,경상
2022040700100120,2022년 4월 7일 09시,목요일,전라북도 군산시 미장동,경상사고,0,0,4,0,차대차 - 측면충돌,신호위반,건조,맑음,교차로 - 교차로안,승용,여,40세,상해없음,승용,여,32세,경상
2022040700100143,2022년 4월 7일 10시,목요일,전라북도 전주시 완산구 다가동3가,경상사고,0,0,2,0,차대차 - 측면충돌,안전운전불이행,건조,맑음,교차로 - 교차로안,승용,남,66세,상해없음,승용,남,19세,경상
2022040700100170,2022년 4월 7일 11시,목요일,전라북도 군산시 소룡동,경상사고,0,0,1,0,차대사람 - 보도통행중,기타,건조,맑음,기타 - 기타,승용,남,71세,상해없음,보행자,남,75세,경상
2022040700100171,2022년 4월 7일 11시,목요일,전라북도 군산시 수송동,경상사고,0,0,2,0,차대차 - 정면충돌,안전운전불이행,건조,맑음,교차로 - 교차로안,승용,여,70세,경상,승용,남,67세,경상
2022040700100239,2022년 4월 7일 13시,목요일,전라북도 전주시 덕진구 금암동,경상사고,0,0,1,0,차대사람 - 횡단중,보행자보호의무위반,건조,맑음,교차로 - 교차로횡단보도내,승용,남,80세,상해없음,보행자,여,29세,경상
2022040700100240,2022년 4월 7일 13시,목요일,전라북도 익산시 함열읍,경상사고,0,0,1,0,차대차 - 측면충돌,직진우회전진행방해,건조,맑음,교차로 - 교차로안,화물,남,45세,상해없음,화물,남,33세,경상
2022040700100241,2022년 4월 7일 13시,목요일,전라북도 정읍시 연지동,중상사고,0,1,3,0,차대차 - 기타,신호위반,건조,맑음,교차로 - 교차로안,승용,남,27세,상해없음,승용,남,49세,경상
2022040700100242,2022년 4월 7일 13시,목요일,전라북도 정읍시 하북동,경상사고,0,0,1,0,차대차 - 추돌,안전운전불이행,건조,맑음,교차로 - 교차로부근,화물,남,75세,상해없음,승용,여,51세,경상
2022040700100284,2022년 4월 7일 15시,목요일,전라북도 전주시 덕진구 송천동2가,경상사고,0,0,1,0,차대차 - 기타,신호위반,건조,맑음,교차로 - 교차로안,승용,남,55세,상해없음,승용,남,54세,경상
2022040700100285,2022년 4월 7일 15시,목요일,전라북도 김제시 검산동,중상사고,0,1,0,0,차대차 - 정면충돌,안전운전불이행,건조,맑음,교차로 - 교차로안,승용,남,46세,상해없음,화물,남,29세,중상
2022040700100286,2022년 4월 7일 15시,목요일,전라북도 순창군 구림면,경상사고,0,0,2,0,차대차 - 측면충돌,안전운전불이행,건조,맑음,교차로 - 교차로안,승용,남,58세,경상,승용,여,56세,경상
2022040700100318,2022년 4월 7일 16시,목요일,전라북도 전주시 완산구 효자동2가,중상사고,0,1,2,0,차대차 - 측면충돌,안전운전불이행,건조,맑음,교차로 - 교차로안,승합,남,62세,상해없음,승용,남,20세,경상
2022040700100319,2022년 4월 7일 16시,목요일,전라북도 군산시 소룡동,경상사고,0,0,1,0,차대차 - 기타,안전운전불이행,건조,맑음,교차로 - 교차로부근,승용,여,61세,상해없음,자전거,남,66세,경상
2022040700100320,2022년 4월 7일 16시,목요일,전라북도 익산시 인화동2가,중상사고,0,1,0,0,차대차 - 측면충돌,차로위반,건조,맑음,단일로 - 기타,승용,남,85세,상해없음,이륜,남,53세,중상
2022040700100321,2022년 4월 7일 16시,목요일,전라북도 익산시 삼기면,경상사고,0,0,1,0,차대차 - 측면충돌,신호위반,건조,맑음,교차로 - 교차로안,화물,남,67세,상해없음,승용,여,41세,경상
2022040700100322,2022년 4월 7일 16시,목요일,전라북도 김제시 황산면,경상사고,0,0,1,0,차대차 - 추돌,안전운전불이행,건조,맑음,단일로 - 교량,승용,남,20세,상해없음,승용,여,71세,경상
2022040700100371,2022년 4월 7일 17시,목요일,전라북도 군산시 지곡동,경상사고,0,0,3,0,차대차 - 기타,안전거리미확보,건조,맑음,단일로 - 기타,승용,남,72세,기타불명,승용,남,70세,경상
2022040700100372,2022년 4월 7일 17시,목요일,전라북도 익산시 창인동2가,중상사고,0,1,0,0,차대사람 - 횡단중,신호위반,건조,맑음,교차로 - 교차로안,승용,남,60세,상해없음,보행자,여,63세,중상
2022040700100373,2022년 4월 7일 17시,목요일,전라북도 남원시 인월면,부상신고사고,0,0,0,1,차대차 - 추돌,안전거리미확보,건조,맑음,단일로 - 기타,화물,남,29세,상해없음,승용,여,58세,부상신고
2022040700100468,2022년 4월 7일 19시,목요일,전라북도 정읍시 수성동,경상사고,0,0,1,0,차대사람 - 횡단중,보행자보호의무위반,건조,맑음,단일로 - 기타,이륜,남,21세,상해없음,보행자,여,30세,경상
2022040700100469,2022년 4월 7일 19시,목요일,전라북도 정읍시 상동,경상사고,0,0,2,0,차대차 - 측면충돌,안전운전불이행,건조,맑음,교차로 - 교차로안,승용,남,57세,경상,승용,남,31세,경상
2022040700100552,2022년 4월 7일 22시,목요일,전라북도 정읍시 수성동,중상사고,0,1,1,0,차대차 - 측면충돌,직진우회전진행방해,건조,맑음,교차로 - 교차로안,승용,남,26세,경상,승용,여,62세,중상
2022040800100027,2022년 4월 8일 03시,금요일,전라북도 김제시 황산면,사망사고,1,0,0,0,차대사람 - 보도통행중,안전운전불이행,건조,맑음,단일로 - 기타,화물,남,52세,상해없음,보행자,남,75세,사망
2022040800100101,2022년 4월 8일 08시,금요일,전라북도 남원시 월락동,경상사고,0,0,1,0,차대차 - 측면충돌,안전운전불이행,건조,맑음,교차로 - 교차로안,개인형이동수단(PM),여,17세,상해없음,자전거,남,14세,경상
2022040800100167,2022년 4월 8일 10시,금요일,전라북도 익산시 함열읍,사망사고,1,0,0,0,차대차 - 측면충돌,안전운전불이행,건조,맑음,교차로 - 교차로안,승용,남,79세,상해없음,자전거,남,82세,사망
2022040800100197,2022년 4월 8일 11시,금요일,전라북도 익산시 주현동,경상사고,0,0,1,0,차대사람 - 차도통행중,안전운전불이행,건조,맑음,단일로 - 기타,화물,남,43세,상해없음,보행자,남,71세,경상
2022040800100288,2022년 4월 8일 14시,금요일,전라북도 전주시 완산구 서신동,경상사고,0,0,1,0,차대차 - 추돌,안전운전불이행,건조,맑음,기타 - 기타,승용,여,64세,상해없음,승용,여,24세,경상
2022040800100338,2022년 4월 8일 15시,금요일,전라북도 익산시 금마면,경상사고,0,0,1,0,차대사람 - 횡단중,안전운전불이행,건조,맑음,교차로 - 교차로부근,승용,남,29세,상해없음,보행자,여,86세,경상
2022040800100428,2022년 4월 8일 17시,금요일,전라북도 김제시 금산면,경상사고,0,0,1,0,차대차 - 측면충돌,중앙선침범,건조,맑음,단일로 - 지하차도(도로)내,화물,남,61세,상해없음,이륜,남,79세,경상
2022040800100546,2022년 4월 8일 19시,금요일,전라북도 전주시 완산구 효자동2가,경상사고,0,0,2,0,차대차 - 추돌,안전운전불이행,건조,맑음,교차로 - 교차로부근,승용,여,51세,상해없음,승용,여,53세,경상
2022040800100638,2022년 4월 8일 21시,금요일,전라북도 익산시 갈산동,경상사고,0,0,2,0,차대차 - 기타,안전거리미확보,건조,맑음,단일로 - 기타,기타불명,기타불명,미분류,기타불명,승용,남,57세,경상