사고번호,사고일시,요일,시군구,사고내용,사망자수,중상자수,경상자수,부상신고자수,사고유형,법규위반,노면상태,기상상태,도로형태,가해운전자 차종,가해운전자 성별,가해운전자 연령,가해운전자 상해정도,피해운전자 차종,피해운전자 성별,피해운전자 연령,피해운전자 상해정도
2022041600100223,2022년 4월 16일 12시,토요일,전라북도 익산시 동산동,중상사고,0,1,0,0,차대사람 - 횡단중,보행자보호의무위반,건조,맑음,단일로 - 기타,화물,남,48세,상해없음,보행자,여,14세,중상
2022041600100224,2022년 4월 16일 12시,토요일,전라북도 김제시 황산동,경상사고,0,0,1,0,차대차 - 측면충돌,중앙선침범,건조,맑음,교차로 - 교차로부근,승용,남,42세,상해없음,화물,남,29세,경상
2022041600100225,2022년 4월 16일 12시,토요일,전라북도 김제시 요촌동,경상사고,0,0,1,0,차대차 - 측면충돌,직진우회전진행방해,건조,맑음,교차로 - 교차로안,승용,여,60세,상해없음,승용,남,43세,경상
2022041600100263,2022년 4월 16일 13시,토요일,전라북도 순창군 순창읍,중상사고,0,1,0,0,차대차 - 측면충돌,기타,건조,맑음,교차로 - 교차로안,이륜,남,28세,중상,승용,남,64세,상해없음
2022041600100365,2022년 4월 16일 15시,토요일,전라북도 익산시 동산동,경상사고,0,0,1,0,차대차 - 측면충돌,안전운전불이행,건조,맑음,단일로 - 기타,이륜,남,80세,상해없음,승용,남,33세,경상
2022041600100411,2022년 4월 16일 16시,토요일,전라북도 전주시 완산구 삼천동1가,경상사고,0,0,1,0,차대차 - 추돌,안전운전불이행,건조,맑음,교차로 - 교차로안,승용,남,59세,상해없음,자전거,남,21세,경상
2022041600100412,2022년 4월 16일 16시,토요일,전라북도 군산시 비응도동,경상사고,0,0,1,0,차대차 - 측면충돌,안전운전불이행,건조,맑음,교차로 - 교차로안,승용,여,22세,상해없음,승용,남,81세,경상
2022041600100459,2022년 4월 16일 17시,토요일,전라북도 고창군 신림면,경상사고,0,0,1,0,차대차 - 정면충돌,안전운전불이행,건조,맑음,교차로 - 교차로안,승용,남,55세,상해없음,승용,남,53세,경상
2022041600100499,2022년 4월 16일 18시,토요일,전라북도 전주시 완산구 서신동,중상사고,0,1,0,0,차대차 - 측면충돌,직진우회전진행방해,건조,맑음,교차로 - 교차로안,승용,여,51세,상해없음,이륜,남,59세,중상
2022041600100585,2022년 4월 16일 21시,토요일,전라북도 전주시 덕진구 금암동,중상사고,0,1,0,0,차대사람 - 횡단중,보행자보호의무위반,건조,맑음,교차로 - 교차로횡단보도내,승용,남,65세,상해없음,보행자,여,69세,중상
2022041600100607,2022년 4월 16일 22시,토요일,전라북도 김제시 금구면,중상사고,0,1,4,0,차대차 - 추돌,안전운전불이행,건조,맑음,단일로 - 기타,승용,남,61세,상해없음,승용,남,33세,경상
2022041600100629,2022년 4월 16일 23시,토요일,전라북도 군산시 수송동,중상사고,0,1,0,0,차대사람 - 횡단중,기타,건조,맑음,교차로 - 교차로부근,승용,남,23세,상해없음,보행자,여,19세,중상
2022041700100070,2022년 4월 17일 07시,일요일,전라북도 군산시 월명동,경상사고,0,0,1,0,차대사람 - 차도통행중,안전운전불이행,건조,맑음,교차로 - 교차로안,승용,남,60세,상해없음,보행자,남,65세,경상
2022041700100179,2022년 4월 17일 12시,일요일,전라북도 남원시 금동,경상사고,0,0,2,0,차대차 - 측면충돌,중앙선침범,건조,맑음,교차로 - 교차로부근,원동기,여,70세,상해없음,승용,남,43세,경상
2022041700100276,2022년 4월 17일 15시,일요일,전라북도 익산시 목천동,경상사고,0,0,1,0,차대차 - 측면충돌,안전운전불이행,건조,맑음,교차로 - 교차로안,승용,남,67세,상해없음,자전거,남,81세,경상
2022041700100373,2022년 4월 17일 18시,일요일,전라북도 김제시 흥사동,경상사고,0,0,4,0,차대차 - 측면충돌,안전운전불이행,건조,맑음,단일로 - 기타,승용,남,62세,상해없음,승용,남,45세,경상
2022041700100403,2022년 4월 17일 19시,일요일,전라북도 익산시 송학동,경상사고,0,0,1,0,차대차 - 기타,불법유턴,건조,맑음,기타 - 기타,승용,남,22세,상해없음,이륜,남,35세,경상
2022041700100427,2022년 4월 17일 20시,일요일,전라북도 전주시 완산구 중화산동2가,경상사고,0,0,3,0,차대차 - 정면충돌,직진우회전진행방해,건조,맑음,교차로 - 교차로안,승용,여,22세,상해없음,승용,여,64세,경상
2022041800100007,2022년 4월 18일 00시,월요일,전라북도 전주시 덕진구 만성동,경상사고,0,0,1,0,차대차 - 측면충돌,신호위반,건조,맑음,교차로 - 교차로안,승용,남,23세,기타불명,승용,여,58세,경상
2022041800100008,2022년 4월 18일 00시,월요일,전라북도 익산시 신동,경상사고,0,0,1,0,차대차 - 측면충돌,안전운전불이행,건조,맑음,교차로 - 교차로부근,승용,남,22세,상해없음,화물,남,48세,경상
2022041800100061,2022년 4월 18일 07시,월요일,전라북도 군산시 산북동,경상사고,0,0,2,0,차대차 - 측면충돌,안전운전불이행,건조,맑음,단일로 - 지하차도(도로)내,승용,남,53세,상해없음,화물,남,51세,경상
2022041800100062,2022년 4월 18일 07시,월요일,전라북도 완주군 봉동읍,경상사고,0,0,1,0,차대차 - 측면충돌,신호위반,건조,맑음,교차로 - 교차로안,승용,여,50세,상해없음,이륜,남,76세,경상
2022041800100099,2022년 4월 18일 08시,월요일,전라북도 군산시 옥도면,경상사고,0,0,1,0,차대차 - 추돌,안전운전불이행,건조,맑음,교차로 - 교차로부근,화물,남,64세,상해없음,화물,남,76세,경상
2022041800100100,2022년 4월 18일 08시,월요일,전라북도 군산시 소룡동,경상사고,0,0,1,0,차대차 - 측면충돌,안전운전불이행,건조,맑음,교차로 - 교차로안,승용,여,27세,상해없음,승용,남,45세,경상
2022041800100131,2022년 4월 18일 09시,월요일,전라북도 군산시 금암동,경상사고,0,0,1,0,차대차 - 측면충돌,안전운전불이행,건조,맑음,단일로 - 기타,승용,남,79세,상해없음,승용,여,25세,경상
2022041800100132,2022년 4월 18일 09시,월요일,전라북도 익산시 망성면,경상사고,0,0,1,0,차대차 - 기타,교차로운행방법위반,건조,맑음,교차로 - 교차로안,화물,남,26세,상해없음,이륜,남,80세,경상
2022041800100154,2022년 4월 18일 10시,월요일,전라북도 정읍시 연지동,경상사고,0,0,1,0,차대차 - 측면충돌,신호위반,건조,맑음,교차로 - 교차로안,자전거,남,77세,경상,화물,남,36세,상해없음
2022041800100155,2022년 4월 18일 10시,월요일,전라북도 완주군 삼례읍,사망사고,1,0,0,0,차대사람 - 횡단중,보행자보호의무위반,건조,맑음,교차로 - 교차로안,화물,남,69세,상해없음,보행자,남,75세,사망
2022041800100215,2022년 4월 18일 12시,월요일,전라북도 전주시 완산구 삼천동1가,중상사고,0,1,0,0,차대차 - 정면충돌,안전운전불이행,건조,맑음,교차로 - 교차로안,화물,남,49세,상해없음,이륜,남,44세,중상
2022041800100216,2022년 4월 18일 12시,월요일,전라북도 익산시 신동,경상사고,0,0,1,0,차대사람 - 횡단중,안전운전불이행,건조,맑음,교차로 - 교차로부근,승용,남,52세,기타불명,보행자,여,18세,경상
2022041800100217,2022년 4월 18일 12시,월요일,전라북도 진안군 백운면,경상사고,0,0,1,1,차대차 - 측면충돌,안전운전불이행,건조,맑음,교차로 - 교차로안,승용,여,66세,상해없음,승용,여,33세,부상신고
2022041800100249,2022년 4월 18일 13시,월요일,전라북도 군산시 수송동,경상사고,0,0,1,0,차대차 - 측면충돌,중앙선침범,건조,맑음,교차로 - 교차로안,승용,남,72세,상해없음,이륜,남,25세,경상
2022041800100363,2022년 4월 18일 16시,월요일,전라북도 군산시 수송동,경상사고,0,0,6,0,차대차 - 추돌,안전운전불이행,건조,맑음,단일로 - 기타,승용,남,56세,상해없음,승용,여,43세,경상
2022041800100409,2022년 4월 18일 17시,월요일,전라북도 전주시 덕진구 우아동3가,경상사고,0,0,1,0,차대차 - 측면충돌,기타,건조,맑음,교차로 - 교차로안,승용,남,58세,상해없음,자전거,남,9세,경상
2022041800100410,2022년 4월 18일 17시,월요일,전라북도 전주시 덕진구 덕진동1가,경상사고,0,0,1,0,차대차 - 측면충돌,안전운전불이행,건조,맑음,교차로 - 교차로안,승용,남,75세,상해없음,승용,남,68세,경상
2022041800100522,2022년 4월 18일 21시,월요일,전라북도 전주시 덕진구 금암동,경상사고,0,0,3,0,차대차 - 측면충돌,신호위반,건조,맑음,교차로 - 교차로안,승용,여,43세,상해없음,승용,남,29세,경상
2022041800100547,2022년 4월 18일 22시,월요일,전라북도 전주시 완산구 서신동,경상사고,0,0,3,0,차대차 - 측면충돌,신호위반,건조,맑음,교차로 - 교차로안,원동기,남,26세,상해없음,승용,남,69세,경상
2022041800100562,2022년 4월 18일 23시,월요일,전라북도 남원시 향교동,경상사고,0,0,4,0,차대차 - 측면충돌,신호위반,건조,맑음,교차로 - 교차로안,승용,남,42세,경상,승합,여,64세,경상
2022041900100057,2022년 4월 19일 06시,화요일,전라북도 익산시 남중동,중상사고,0,1,0,0,차대차 - 기타,기타,건조,맑음,단일로 - 기타,화물,남,46세,상해없음,자전거,남,77세,중상
2022041900100070,2022년 4월 19일 07시,화요일,전라북도 익산시 황등면,중상사고,0,1,0,0,차대차 - 기타,기타,건조,맑음,단일로 - 기타,화물,남,41세,상해없음,이륜,남,72세,중상
2022041900100071,2022년 4월 19일 07시,화요일,전라북도 남원시 대강면,사망사고,1,0,0,0,차량단독 - 도로외이탈 - 추락,안전운전불이행,건조,맑음,단일로 - 기타,이륜,남,67세,사망,,,,
2022041900100110,2022년 4월 19일 08시,화요일,전라북도 전주시 완산구 서노송동,중상사고,0,1,0,0,차대사람 - 차도통행중,안전운전불이행,건조,맑음,단일로 - 기타,승용,여,26세,상해없음,보행자,여,78세,중상
2022041900100111,2022년 4월 19일 08시,화요일,전라북도 전주시 완산구 서노송동,중상사고,0,1,0,0,차대사람 - 차도통행중,안전운전불이행,건조,맑음,단일로 - 기타,승용,여,26세,상해없음,보행자,여,78세,중상
2022041900100112,2022년 4월 19일 08시,화요일,전라북도 전주시 완산구 효자동3가,경상사고,0,0,1,0,차대사람 - 기타,안전운전불이행,건조,맑음,단일로 - 기타,승합,남,58세,상해없음,보행자,남,26세,경상
2022041900100194,2022년 4월 19일 10시,화요일,전라북도 남원시 식정동,경상사고,0,0,1,0,차대차 - 측면충돌,안전운전불이행,건조,맑음,단일로 - 기타,화물,남,54세,상해없음,승용,여,45세,경상
2022041900100220,2022년 4월 19일 11시,화요일,전라북도 전주시 덕진구 금암동,중상사고,0,1,0,0,차대사람 - 기타,안전운전불이행,건조,맑음,교차로 - 교차로부근,승용,여,27세,상해없음,보행자,여,75세,중상
2022041900100221,2022년 4월 19일 11시,화요일,전라북도 군산시 미장동,중상사고,0,1,2,0,차대차 - 추돌,안전운전불이행,건조,맑음,단일로 - 기타,이륜,남,28세,중상,승합,여,38세,경상
2022041900100222,2022년 4월 19일 11시,화요일,전라북도 김제시 청하면,경상사고,0,0,2,0,차대차 - 측면충돌,안전운전불이행,건조,맑음,단일로 - 기타,화물,남,70세,상해없음,승용,여,62세,경상
2022041900100298,2022년 4월 19일 13시,화요일,전라북도 전주시 완산구 효자동1가,경상사고,0,0,2,0,차대차 - 기타,직진우회전진행방해,건조,맑음,교차로 - 교차로안,이륜,남,24세,상해없음,승용,남,72세,경상
2022041900100299,2022년 4월 19일 13시,화요일,전라북도 군산시 대명동,경상사고,0,0,2,0,차대차 - 측면충돌,안전운전불이행,건조,맑음,교차로 - 교차로부근,승용,남,71세,상해없음,승용,남,51세,경상
2022041900100333,2022년 4월 19일 14시,화요일,전라북도 전주시 완산구 평화동2가,중상사고,0,1,0,0,차대사람 - 횡단중,보행자보호의무위반,건조,맑음,단일로 - 기타,승용,여,57세,상해없음,보행자,여,7세,중상
2022041900100334,2022년 4월 19일 14시,화요일,전라북도 군산시 성산면,중상사고,0,1,0,0,차대차 - 기타,교차로운행방법위반,건조,맑음,교차로 - 교차로안,화물,남,65세,상해없음,자전거,남,62세,중상
2022041900100364,2022년 4월 19일 15시,화요일,전라북도 군산시 사정동,중상사고,0,1,0,0,차대차 - 정면충돌,교차로운행방법위반,건조,맑음,교차로 - 교차로안,승용,여,44세,상해없음,자전거,남,56세,중상
2022041900100365,2022년 4월 19일 15시,화요일,전라북도 고창군 아산면,경상사고,0,0,1,0,차대차 - 정면충돌,신호위반,건조,맑음,교차로 - 교차로안,승용,남,67세,상해없음,화물,남,51세,경상
2022041900100406,2022년 4월 19일 16시,화요일,전라북도 정읍시 농소동,경상사고,0,0,1,0,차대차 - 측면충돌,안전거리미확보,건조,맑음,교차로 - 교차로안,승용,여,52세,상해없음,승용,남,44세,경상
2022041900100449,2022년 4월 19일 17시,화요일,전라북도 전주시 완산구 효자동2가,중상사고,0,1,0,0,차대차 - 측면충돌,안전운전불이행,건조,맑음,단일로 - 기타,승용,남,62세,상해없음,승용,남,32세,중상
2022041900100450,2022년 4월 19일 17시,화요일,전라북도 전주시 완산구 효자동1가,경상사고,0,0,1,0,차대차 - 기타,안전운전불이행,건조,맑음,단일로 - 기타,승용,여,68세,상해없음,자전거,남,78세,경상
2022041900100500,2022년 4월 19일 18시,화요일,전라북도 정읍시 수성동,사망사고,1,0,1,0,차대차 - 측면충돌,신호위반,건조,맑음,교차로 - 교차로부근,승용,여,55세,경상,승용,남,37세,상해없음
2022041900100542,2022년 4월 19일 19시,화요일,전라북도 전주시 완산구 효자동1가,중상사고,0,1,0,0,차대차 - 측면충돌,신호위반,건조,맑음,교차로 - 교차로안,승용,남,37세,상해없음,이륜,남,34세,중상
2022041900100543,2022년 4월 19일 19시,화요일,전라북도 익산시 춘포면,경상사고,0,0,1,0,차량단독 - 기타,안전운전불이행,건조,맑음,단일로 - 기타,이륜,남,81세,경상,,,,
2022041900100602,2022년 4월 19일 21시,화요일,전라북도 전주시 완산구 중화산동2가,경상사고,0,0,1,0,차대사람 - 횡단중,보행자보호의무위반,건조,맑음,교차로 - 교차로횡단보도내,승용,남,35세,상해없음,보행자,여,44세,경상
2022041900100603,2022년 4월 19일 21시,화요일,전라북도 전주시 완산구 중화산동2가,경상사고,0,0,1,0,차대사람 - 횡단중,보행자보호의무위반,건조,맑음,단일로 - 기타,승용,여,71세,상해없음,보행자,여,28세,경상
2022042000100009,2022년 4월 20일 00시,수요일,전라북도 전주시 완산구 서서학동,경상사고,0,0,1,0,차대차 - 추돌,안전운전불이행,건조,맑음,단일로 - 기타,승용,남,41세,상해없음,승용,남,34세,경상
2022042000100052,2022년 4월 20일 06시,수요일,전라북도 군산시 나운동,경상사고,0,0,1,0,차대차 - 측면충돌,안전운전불이행,건조,맑음,교차로 - 교차로안,화물,남,70세,상해없음,승용,남,72세,경상
2022042000100070,2022년 4월 20일 07시,수요일,전라북도 전주시 덕진구 도도동,경상사고,0,0,1,0,차대차 - 추돌,기타,건조,맑음,교차로 - 교차로부근,승용,남,33세,상해없음,승용,남,33세,경상
2022042000100071,2022년 4월 20일 07시,수요일,전라북도 군산시 문화동,경상사고,0,0,1,0,차대사람 - 기타,안전운전불이행,건조,맑음,단일로 - 기타,승용,여,50세,기타불명,보행자,남,44세,경상
2022042000100116,2022년 4월 20일 08시,수요일,전라북도 군산시 성산면,경상사고,0,0,1,0,차대차 - 기타,안전거리미확보,건조,맑음,단일로 - 기타,건설기계,남,63세,상해없음,승용,남,24세,경상
2022042000100227,2022년 4월 20일 11시,수요일,전라북도 김제시 황산동,경상사고,0,0,1,0,차대차 - 추돌,안전운전불이행,건조,맑음,단일로 - 기타,화물,남,68세,상해없음,승용,여,53세,경상
2022042000100262,2022년 4월 20일 12시,수요일,전라북도 전주시 덕진구 송천동2가,경상사고,0,0,1,0,차대차 - 기타,안전운전불이행,건조,맑음,교차로 - 교차로안,승용,남,64세,상해없음,승용,여,42세,경상
2022042000100295,2022년 4월 20일 13시,수요일,전라북도 군산시 미룡동,중상사고,0,1,0,0,차대차 - 측면충돌,신호위반,건조,맑음,교차로 - 교차로안,승용,여,71세,상해없음,승용,여,66세,중상
2022042000100329,2022년 4월 20일 14시,수요일,전라북도 정읍시 금붕동,경상사고,0,0,2,0,차대차 - 기타,안전운전불이행,건조,맑음,단일로 - 기타,자전거,남,55세,경상,자전거,남,87세,경상
2022042000100330,2022년 4월 20일 14시,수요일,전라북도 정읍시 상동,부상신고사고,0,0,0,3,차대차 - 측면충돌,교차로운행방법위반,건조,맑음,교차로 - 교차로안,승용,남,83세,부상신고,승용,남,55세,상해없음
2022042000100368,2022년 4월 20일 15시,수요일,전라북도 전주시 완산구 효자동3가,경상사고,0,0,2,0,차대차 - 추돌,안전운전불이행,건조,맑음,단일로 - 기타,승용,여,34세,상해없음,승용,여,44세,경상
2022042000100369,2022년 4월 20일 15시,수요일,전라북도 정읍시 농소동,중상사고,0,1,3,0,차대차 - 측면충돌,신호위반,건조,맑음,교차로 - 교차로안,화물,남,72세,상해없음,승용,여,56세,경상
2022042000100403,2022년 4월 20일 16시,수요일,전라북도 전주시 덕진구 만성동,경상사고,0,0,1,0,차대사람 - 횡단중,보행자보호의무위반,건조,맑음,교차로 - 교차로횡단보도내,승용,남,59세,상해없음,보행자,남,11세,경상
2022042000100404,2022년 4월 20일 16시,수요일,전라북도 전주시 덕진구 송천동1가,경상사고,0,0,1,0,차대사람 - 기타,안전운전불이행,건조,맑음,단일로 - 기타,승합,남,54세,상해없음,보행자,여,73세,경상
2022042000100405,2022년 4월 20일 16시,수요일,전라북도 김제시 금구면,중상사고,0,1,0,0,차대사람 - 횡단중,신호위반,건조,맑음,교차로 - 교차로부근,승용,여,58세,상해없음,보행자,여,82세,중상
2022042000100435,2022년 4월 20일 17시,수요일,전라북도 남원시 운봉읍,경상사고,0,0,1,0,차대차 - 측면충돌,교차로운행방법위반,건조,맑음,교차로 - 교차로안,원동기,남,64세,경상,화물,남,69세,상해없음
2022042000100469,2022년 4월 20일 18시,수요일,전라북도 정읍시 송산동,중상사고,0,3,0,0,차대차 - 측면충돌,신호위반,건조,맑음,교차로 - 교차로안,승용,남,67세,중상,승용,남,27세,중상
2022042000100470,2022년 4월 20일 18시,수요일,전라북도 장수군 계남면,경상사고,0,0,2,0,차대차 - 측면충돌,직진우회전진행방해,건조,맑음,교차로 - 교차로안,화물,남,33세,경상,승용,여,62세,경상
2022042000100617,2022년 4월 20일 23시,수요일,전라북도 익산시 송학동,중상사고,0,1,1,0,차대차 - 측면충돌,안전운전불이행,건조,맑음,단일로 - 기타,승용,남,57세,상해없음,개인형이동수단(PM),남,20세,중상
2022042100100007,2022년 4월 21일 00시,목요일,전라북도 전주시 덕진구 금암동,경상사고,0,0,1,0,차대차 - 측면충돌,신호위반,건조,맑음,교차로 - 교차로안,승용,남,23세,상해없음,승용,남,25세,경상
2022042100100086,2022년 4월 21일 08시,목요일,전라북도 전주시 덕진구 진북동,경상사고,0,0,1,0,차대차 - 측면충돌,중앙선침범,건조,맑음,단일로 - 기타,승용,여,45세,상해없음,승용,남,47세,경상
2022042100100234,2022년 4월 21일 13시,목요일,전라북도 무주군 무주읍,사망사고,1,0,0,0,차대사람 - 길가장자리구역통행중,안전운전불이행,건조,맑음,단일로 - 지하차도(도로)내,승용,남,70세,상해없음,보행자,남,65세,사망
2022042100100261,2022년 4월 21일 14시,목요일,전라북도 완주군 삼례읍,중상사고,0,1,0,0,차대차 - 측면충돌,신호위반,건조,맑음,교차로 - 교차로안,화물,남,49세,상해없음,이륜,남,65세,중상
2022042100100331,2022년 4월 21일 16시,목요일,전라북도 군산시 소룡동,부상신고사고,0,0,0,1,차대차 - 추돌,직진우회전진행방해,건조,맑음,교차로 - 교차로안,승용,여,58세,상해없음,자전거,남,12세,부상신고
2022042100100478,2022년 4월 21일 20시,목요일,전라북도 전주시 완산구 효자동2가,중상사고,0,1,1,0,차대차 - 측면충돌,신호위반,건조,맑음,교차로 - 교차로안,이륜,남,31세,경상,이륜,남,23세,중상
2022042100100479,2022년 4월 21일 20시,목요일,전라북도 전주시 완산구 삼천동1가,경상사고,0,0,1,0,차대차 - 측면충돌,신호위반,건조,맑음,교차로 - 교차로안,이륜,남,20세,상해없음,이륜,남,72세,경상
2022042100100480,2022년 4월 21일 20시,목요일,전라북도 고창군 고창읍,경상사고,0,0,1,0,차대차 - 측면충돌,교차로운행방법위반,건조,맑음,교차로 - 교차로안,승용,남,67세,상해없음,승용,남,44세,경상
2022042100100561,2022년 4월 21일 23시,목요일,전라북도 정읍시 시기동,중상사고,0,1,0,0,차대차 - 기타,직진우회전진행방해,건조,맑음,교차로 - 교차로안,승용,남,28세,상해없음,승용,여,57세,중상
2022042200100068,2022년 4월 22일 07시,금요일,전라북도 군산시 옥산면,경상사고,0,0,2,0,차대차 - 추돌,안전운전불이행,건조,맑음,단일로 - 지하차도(도로)내,승용,남,34세,상해없음,승용,남,41세,경상
2022042200100069,2022년 4월 22일 07시,금요일,전라북도 익산시 오산면,경상사고,0,0,2,0,차대차 - 측면충돌,신호위반,건조,맑음,교차로 - 교차로안,승용,여,68세,상해없음,승용,남,33세,경상
2022042200100070,2022년 4월 22일 07시,금요일,전라북도 남원시 죽항동,경상사고,0,0,1,0,차대차 - 측면충돌,직진우회전진행방해,건조,맑음,교차로 - 교차로안,이륜,남,82세,경상,화물,남,63세,상해없음
2022042200100101,2022년 4월 22일 08시,금요일,전라북도 군산시 나운동,중상사고,0,1,0,0,차대사람 - 보도통행중,보행자보호의무위반,건조,맑음,교차로 - 교차로횡단보도내,승용,여,39세,상해없음,보행자,여,65세,중상
2022042200100102,2022년 4월 22일 08시,금요일,전라북도 군산시 옥산면,경상사고,0,0,5,0,차대차 - 추돌,안전운전불이행,건조,맑음,단일로 - 기타,승용,남,64세,경상,승용,남,28세,경상
2022042200100103,2022년 4월 22일 08시,금요일,전라북도 완주군 이서면,경상사고,0,0,1,0,차대차 - 측면충돌,불법유턴,건조,맑음,교차로 - 교차로안,화물,남,40세,상해없음,건설기계,남,39세,경상
2022042200100179,2022년 4월 22일 11시,금요일,전라북도 전주시 완산구 효자동3가,중상사고,0,1,1,0,차대차 - 측면충돌,교차로운행방법위반,건조,맑음,교차로 - 교차로안,승용,남,66세,경상,승용,남,69세,중상
2022042200100180,2022년 4월 22일 11시,금요일,전라북도 군산시 옥산면,경상사고,0,0,2,0,차대차 - 측면충돌,안전운전불이행,건조,맑음,교차로 - 교차로부근,승용,남,61세,경상,승용,여,38세,경상
2022042200100210,2022년 4월 22일 12시,금요일,전라북도 익산시 용제동,경상사고,0,0,1,0,차대차 - 측면충돌,안전운전불이행,건조,맑음,단일로 - 기타,승용,여,67세,상해없음,승용,여,45세,경상
2022042200100306,2022년 4월 22일 15시,금요일,전라북도 고창군 대산면,중상사고,0,1,0,0,차대사람 - 기타,안전운전불이행,건조,맑음,기타 - 기타,화물,남,73세,상해없음,보행자,남,56세,중상
2022042200100342,2022년 4월 22일 16시,금요일,전라북도 전주시 완산구 태평동,경상사고,0,0,2,0,차대차 - 기타,안전운전불이행,건조,맑음,단일로 - 기타,승용,남,66세,상해없음,화물,남,52세,경상
2022042200100343,2022년 4월 22일 16시,금요일,전라북도 김제시 금구면,경상사고,0,0,3,0,차대차 - 추돌,안전운전불이행,건조,맑음,단일로 - 기타,승용,남,42세,상해없음,승합,남,23세,경상
2022042200100433,2022년 4월 22일 18시,금요일,전라북도 군산시 조촌동,중상사고,0,1,0,0,차대사람 - 횡단중,보행자보호의무위반,건조,맑음,교차로 - 교차로횡단보도내,승용,여,61세,상해없음,보행자,남,66세,중상
2022042200100480,2022년 4월 22일 19시,금요일,전라북도 전주시 덕진구 송천동2가,중상사고,0,1,0,0,차대차 - 측면충돌,중앙선침범,건조,맑음,단일로 - 기타,승용,남,59세,상해없음,이륜,남,53세,중상
2022042200100481,2022년 4월 22일 19시,금요일,전라북도 남원시 금동,경상사고,0,0,1,0,차대차 - 기타,안전운전불이행,건조,맑음,교차로 - 교차로안,승용,남,52세,상해없음,승용,남,51세,상해없음
2022042200100509,2022년 4월 22일 20시,금요일,전라북도 익산시 오산면,사망사고,1,0,0,0,차대사람 - 횡단중,안전운전불이행,건조,맑음,단일로 - 기타,승용,여,27세,상해없음,보행자,여,70세,사망
2022042300100049,2022년 4월 23일 04시,토요일,전라북도 군산시 나운동,중상사고,0,1,3,1,차대차 - 측면충돌,신호위반,건조,맑음,교차로 - 교차로안,승용,남,71세,경상,승용,남,57세,경상
2022042300100058,2022년 4월 23일 05시,토요일,전라북도 전주시 완산구 태평동,경상사고,0,0,2,0,차대차 - 기타,안전운전불이행,건조,맑음,단일로 - 기타,화물,남,57세,상해없음,화물,남,60세,경상
2022042300100073,2022년 4월 23일 07시,토요일,전라북도 전주시 완산구 전동3가,경상사고,0,0,2,0,차대차 - 기타,안전운전불이행,건조,맑음,단일로 - 기타,승용,남,50세,기타불명,승용,여,44세,경상
2022042300100074,2022년 4월 23일 07시,토요일,전라북도 정읍시 하북동,중상사고,0,1,0,0,차대차 - 측면충돌,안전운전불이행,건조,맑음,교차로 - 교차로안,승용,남,47세,상해없음,승용,남,60세,중상
2022042300100100,2022년 4월 23일 09시,토요일,전라북도 군산시 신관동,부상신고사고,0,0,0,1,차대차 - 기타,안전거리미확보,건조,맑음,단일로 - 기타,건설기계,남,62세,상해없음,승용,남,26세,부상신고
2022042300100131,2022년 4월 23일 10시,토요일,전라북도 익산시 함열읍,중상사고,0,1,1,0,차대차 - 측면충돌,신호위반,건조,맑음,교차로 - 교차로안,화물,남,64세,상해없음,승용,여,78세,중상
2022042300100132,2022년 4월 23일 10시,토요일,전라북도 정읍시 시기동,중상사고,0,1,0,0,차대사람 - 기타,안전운전불이행,건조,맑음,교차로 - 교차로안,화물,남,53세,상해없음,보행자,여,59세,중상
2022042300100163,2022년 4월 23일 11시,토요일,전라북도 전주시 덕진구 송천동2가,경상사고,0,0,5,0,차대차 - 추돌,안전운전불이행,건조,맑음,단일로 - 기타,승용,남,26세,상해없음,승용,남,32세,경상
2022042300100193,2022년 4월 23일 12시,토요일,전라북도 전주시 완산구 중화산동2가,경상사고,0,0,2,0,차대차 - 측면충돌,안전운전불이행,건조,맑음,교차로 - 교차로부근,승용,남,57세,상해없음,승용,남,52세,경상
2022042300100194,2022년 4월 23일 12시,토요일,전라북도 무주군 적상면,경상사고,0,0,2,0,차대차 - 정면충돌,중앙선침범,건조,맑음,단일로 - 지하차도(도로)내,자전거,남,25세,경상,승용,여,52세,경상
2022042300100224,2022년 4월 23일 13시,토요일,전라북도 전주시 완산구 서신동,경상사고,0,0,2,0,차대차 - 측면충돌,안전운전불이행,건조,맑음,교차로 - 교차로안,승용,남,77세,상해없음,승용,남,25세,경상
2022042300100225,2022년 4월 23일 13시,토요일,전라북도 익산시 함열읍,중상사고,0,1,1,0,차대차 - 측면충돌,차로위반,건조,맑음,교차로 - 교차로부근,승용,여,34세,상해없음,승용,남,28세,경상
2022042300100266,2022년 4월 23일 14시,토요일,전라북도 전주시 완산구 삼천동1가,경상사고,0,0,1,0,차대사람 - 횡단중,안전운전불이행,건조,맑음,단일로 - 기타,승용,여,35세,상해없음,보행자,남,16세,경상
2022042300100267,2022년 4월 23일 14시,토요일,전라북도 전주시 완산구 중앙동2가,경상사고,0,0,1,0,차대차 - 기타,안전운전불이행,건조,맑음,교차로 - 교차로부근,승용,여,57세,상해없음,이륜,남,39세,경상
2022042300100268,2022년 4월 23일 14시,토요일,전라북도 전주시 덕진구 덕진동2가,경상사고,0,0,2,0,차대차 - 추돌,안전거리미확보,건조,맑음,단일로 - 기타,승용,남,25세,상해없음,승용,여,24세,경상