사고번호,사고일시,요일,시군구,사고내용,사망자수,중상자수,경상자수,부상신고자수,사고유형,법규위반,노면상태,기상상태,도로형태,가해운전자 차종,가해운전자 성별,가해운전자 연령,가해운전자 상해정도,피해운전자 차종,피해운전자 성별,피해운전자 연령,피해운전자 상해정도
2022050100100160,2022년 5월 1일 12시,일요일,전라북도 익산시 모현동2가,경상사고,0,0,1,0,차대차 - 측면충돌,안전운전불이행,건조,맑음,단일로 - 기타,승용,여,25세,상해없음,화물,남,60세,경상
2022050100100200,2022년 5월 1일 13시,일요일,전라북도 익산시 동산동,경상사고,0,0,1,0,차대차 - 추돌,안전거리미확보,건조,맑음,단일로 - 기타,이륜,남,30세,상해없음,승용,남,67세,경상
2022050100100256,2022년 5월 1일 15시,일요일,전라북도 전주시 덕진구 호성동2가,경상사고,0,0,4,0,차대차 - 측면충돌,신호위반,건조,맑음,교차로 - 교차로안,승용,남,72세,상해없음,승용,여,35세,경상
2022050100100332,2022년 5월 1일 17시,일요일,전라북도 군산시 대야면,경상사고,0,0,1,0,차대차 - 추돌,안전운전불이행,건조,맑음,단일로 - 기타,화물,남,48세,상해없음,승용,여,44세,경상
2022050100100355,2022년 5월 1일 18시,일요일,전라북도 익산시 창인동1가,중상사고,0,1,0,0,차대차 - 측면충돌,신호위반,건조,맑음,교차로 - 교차로안,자전거,여,52세,중상,승용,남,32세,상해없음
2022050100100356,2022년 5월 1일 18시,일요일,전라북도 정읍시 시기동,경상사고,0,0,1,0,차대사람 - 횡단중,보행자보호의무위반,건조,맑음,단일로 - 기타,화물,남,66세,상해없음,보행자,여,74세,경상
2022050100100383,2022년 5월 1일 19시,일요일,전라북도 익산시 동산동,경상사고,0,0,1,0,차대사람 - 횡단중,안전운전불이행,건조,맑음,교차로 - 교차로안,화물,남,40세,상해없음,보행자,남,22세,경상
2022050100100445,2022년 5월 1일 22시,일요일,전라북도 무주군 무주읍,중상사고,0,1,0,0,차대사람 - 횡단중,안전운전불이행,건조,맑음,단일로 - 교량,승용,여,37세,상해없음,보행자,남,65세,중상
2022050200100038,2022년 5월 2일 06시,월요일,전라북도 완주군 삼례읍,중상사고,0,1,0,0,차대차 - 기타,안전운전불이행,건조,맑음,교차로 - 교차로안,건설기계,남,55세,상해없음,화물,남,63세,중상
2022050200100064,2022년 5월 2일 07시,월요일,전라북도 부안군 변산면,경상사고,0,0,1,0,차대차 - 측면충돌,신호위반,건조,맑음,교차로 - 교차로안,이륜,남,71세,경상,화물,남,55세,상해없음
2022050200100140,2022년 5월 2일 09시,월요일,전라북도 김제시 금구면,경상사고,0,0,1,0,차대차 - 추돌,안전운전불이행,건조,맑음,단일로 - 기타,이륜,남,69세,상해없음,승용,여,59세,경상
2022050200100178,2022년 5월 2일 10시,월요일,전라북도 전주시 완산구 효자동1가,경상사고,0,0,1,0,차대차 - 추돌,안전운전불이행,건조,맑음,단일로 - 기타,승용,남,41세,상해없음,승용,남,31세,경상
2022050200100249,2022년 5월 2일 12시,월요일,전라북도 전주시 덕진구 인후동2가,경상사고,0,0,1,0,차대차 - 측면충돌,안전운전불이행,건조,맑음,단일로 - 기타,승용,남,72세,상해없음,승용,남,43세,경상
2022050200100250,2022년 5월 2일 12시,월요일,전라북도 군산시 옥산면,경상사고,0,0,3,0,차대차 - 추돌,안전운전불이행,건조,맑음,단일로 - 기타,승용,여,33세,상해없음,승용,남,73세,경상
2022050200100301,2022년 5월 2일 14시,월요일,전라북도 군산시 중앙로3가,경상사고,0,0,2,0,차대차 - 기타,신호위반,건조,맑음,교차로 - 교차로안,승용,남,75세,상해없음,승합,남,61세,경상
2022050200100302,2022년 5월 2일 14시,월요일,전라북도 정읍시 수성동,경상사고,0,0,1,0,차대사람 - 횡단중,보행자보호의무위반,건조,맑음,교차로 - 교차로횡단보도내,이륜,남,27세,상해없음,보행자,여,25세,경상
2022050200100303,2022년 5월 2일 14시,월요일,전라북도 김제시 부량면,중상사고,0,1,1,0,차대차 - 측면충돌,신호위반,건조,맑음,교차로 - 교차로부근,승용,남,75세,상해없음,승용,남,48세,경상
2022050200100304,2022년 5월 2일 14시,월요일,전라북도 완주군 소양면,경상사고,0,0,1,0,차대차 - 측면충돌,안전운전불이행,건조,맑음,교차로 - 교차로부근,승용,여,70세,상해없음,이륜,남,80세,경상
2022050200100345,2022년 5월 2일 15시,월요일,전라북도 전주시 완산구 평화동1가,중상사고,0,1,0,0,차량단독 - 기타,기타,건조,맑음,단일로 - 기타,승합,남,51세,상해없음,,,,
2022050200100346,2022년 5월 2일 15시,월요일,전라북도 익산시 영등동,경상사고,0,0,1,0,차대차 - 추돌,안전운전불이행,건조,맑음,교차로 - 교차로부근,화물,남,61세,상해없음,화물,남,36세,경상
2022050200100347,2022년 5월 2일 15시,월요일,전라북도 정읍시 북면,경상사고,0,0,2,0,차대차 - 측면충돌,안전운전불이행,건조,맑음,단일로 - 기타,승용,여,25세,상해없음,승합,남,42세,경상
2022050200100389,2022년 5월 2일 16시,월요일,전라북도 전주시 완산구 서신동,부상신고사고,0,0,0,1,차대차 - 추돌,안전운전불이행,건조,맑음,교차로 - 교차로부근,승용,남,73세,상해없음,승용,여,47세,부상신고
2022050200100390,2022년 5월 2일 16시,월요일,전라북도 전주시 완산구 효자동2가,경상사고,0,0,1,0,차대차 - 추돌,불법유턴,건조,맑음,단일로 - 기타,승용,남,67세,상해없음,승용,여,49세,경상
2022050200100391,2022년 5월 2일 16시,월요일,전라북도 남원시 인월면,중상사고,0,1,0,0,차대사람 - 기타,안전운전불이행,건조,맑음,교차로 - 교차로안,승용,여,80세,상해없음,보행자,여,58세,중상
2022050200100439,2022년 5월 2일 17시,월요일,전라북도 전주시 완산구 중화산동1가,경상사고,0,0,1,0,차대차 - 추돌,안전운전불이행,건조,맑음,단일로 - 기타,승합,남,73세,상해없음,승용,여,31세,경상
2022050200100510,2022년 5월 2일 19시,월요일,전라북도 전주시 완산구 효자동1가,경상사고,0,0,1,0,차대차 - 추돌,안전운전불이행,건조,맑음,교차로 - 교차로부근,승용,남,72세,상해없음,승용,남,28세,경상
2022050200100511,2022년 5월 2일 19시,월요일,전라북도 군산시 소룡동,경상사고,0,0,1,0,차대차 - 측면충돌,안전운전불이행,건조,맑음,교차로 - 교차로부근,승용,남,69세,상해없음,이륜,남,49세,경상
2022050200100512,2022년 5월 2일 19시,월요일,전라북도 군산시 수송동,경상사고,0,0,1,0,차대차 - 측면충돌,신호위반,건조,맑음,교차로 - 교차로부근,이륜,남,41세,상해없음,승용,여,26세,경상
2022050200100543,2022년 5월 2일 20시,월요일,전라북도 전주시 완산구 효자동1가,경상사고,0,0,1,0,차대차 - 정면충돌,신호위반,건조,맑음,교차로 - 교차로횡단보도내,승용,남,58세,상해없음,자전거,여,22세,경상
2022050200100544,2022년 5월 2일 20시,월요일,전라북도 전주시 완산구 동서학동,경상사고,0,0,2,0,차대차 - 측면충돌,직진우회전진행방해,건조,맑음,교차로 - 교차로안,승용,남,66세,상해없음,승용,여,24세,경상
2022050300100092,2022년 5월 3일 08시,화요일,전라북도 군산시 조촌동,경상사고,0,0,1,0,차대사람 - 차도통행중,안전운전불이행,건조,맑음,단일로 - 지하차도(도로)내,승용,남,33세,상해없음,보행자,여,37세,경상
2022050300100093,2022년 5월 3일 08시,화요일,전라북도 군산시 소룡동,경상사고,0,0,1,0,차대차 - 추돌,안전운전불이행,건조,맑음,단일로 - 지하차도(도로)내,승용,여,53세,상해없음,승용,남,31세,경상
2022050300100094,2022년 5월 3일 08시,화요일,전라북도 남원시 주생면,경상사고,0,0,1,0,차대차 - 정면충돌,중앙선침범,건조,맑음,교차로 - 교차로부근,승용,남,22세,상해없음,이륜,남,84세,경상
2022050300100172,2022년 5월 3일 10시,화요일,전라북도 전주시 덕진구 인후동1가,경상사고,0,0,1,0,차대차 - 측면충돌,안전거리미확보,건조,맑음,단일로 - 기타,승용,여,30세,상해없음,승용,남,36세,경상
2022050300100212,2022년 5월 3일 11시,화요일,전라북도 전주시 완산구 서신동,사망사고,1,0,0,0,차대차 - 측면충돌,안전운전불이행,건조,맑음,기타 - 기타,자전거,남,87세,사망,승용,남,75세,상해없음
2022050300100309,2022년 5월 3일 14시,화요일,전라북도 군산시 지곡동,경상사고,0,0,2,0,차대차 - 측면충돌,안전운전불이행,건조,맑음,단일로 - 지하차도(도로)내,승합,남,25세,상해없음,승용,여,50세,경상
2022050300100310,2022년 5월 3일 14시,화요일,전라북도 군산시 대명동,중상사고,0,1,0,0,차대차 - 추돌,중앙선침범,건조,맑음,단일로 - 지하차도(도로)내,승용,남,63세,상해없음,자전거,남,73세,중상
2022050300100311,2022년 5월 3일 14시,화요일,전라북도 정읍시 상동,경상사고,0,0,1,0,차대차 - 측면충돌,신호위반,건조,맑음,교차로 - 교차로안,승용,여,54세,상해없음,승용,남,54세,상해없음
2022050300100348,2022년 5월 3일 15시,화요일,전라북도 익산시 모현동2가,경상사고,0,0,4,0,차대차 - 측면충돌,신호위반,건조,맑음,교차로 - 교차로안,승용,여,51세,경상,승용,남,34세,경상
2022050300100392,2022년 5월 3일 16시,화요일,전라북도 전주시 덕진구 금암동,경상사고,0,0,1,0,차대차 - 측면충돌,신호위반,건조,맑음,교차로 - 교차로안,승용,여,51세,상해없음,화물,남,22세,경상
2022050300100393,2022년 5월 3일 16시,화요일,전라북도 무주군 안성면,중상사고,0,1,0,0,차대차 - 기타,기타,건조,맑음,단일로 - 지하차도(도로)내,건설기계,남,49세,상해없음,사륜오토바이(ATV),여,55세,중상
2022050300100437,2022년 5월 3일 17시,화요일,전라북도 익산시 삼기면,중상사고,0,1,0,0,차대차 - 후진중충돌,중앙선침범,건조,맑음,단일로 - 기타,화물,남,61세,상해없음,이륜,남,75세,중상
2022050300100493,2022년 5월 3일 18시,화요일,전라북도 군산시 수송동,경상사고,0,0,1,0,차대차 - 추돌,안전운전불이행,건조,맑음,단일로 - 지하차도(도로)내,승용,여,55세,상해없음,승용,여,37세,경상
2022050300100559,2022년 5월 3일 20시,화요일,전라북도 군산시 나운동,경상사고,0,0,1,0,차대차 - 측면충돌,안전운전불이행,건조,맑음,단일로 - 지하차도(도로)내,이륜,남,39세,경상,이륜,남,31세,상해없음
2022050300100560,2022년 5월 3일 20시,화요일,전라북도 완주군 용진읍,경상사고,0,0,1,0,차대차 - 기타,안전운전불이행,건조,맑음,교차로 - 교차로안,기타불명,기타불명,미분류,기타불명,승용,남,62세,상해없음
2022050300100599,2022년 5월 3일 22시,화요일,전라북도 군산시 지곡동,경상사고,0,0,2,0,차량단독 - 공작물충돌,안전운전불이행,건조,맑음,단일로 - 지하차도(도로)내,승용,남,26세,상해없음,,,,
2022050300100600,2022년 5월 3일 22시,화요일,전라북도 완주군 봉동읍,사망사고,1,0,0,0,차대사람 - 기타,안전운전불이행,건조,맑음,단일로 - 기타,승용,남,35세,상해없음,보행자,남,66세,사망
2022050400100013,2022년 5월 4일 00시,수요일,전라북도 익산시 동산동,경상사고,0,0,2,0,차대차 - 측면충돌,교차로운행방법위반,건조,맑음,교차로 - 교차로안,승용,여,26세,상해없음,승용,남,62세,경상
2022050400100061,2022년 5월 4일 06시,수요일,전라북도 남원시 운봉읍,경상사고,0,0,1,0,차대차 - 기타,기타,건조,맑음,단일로 - 기타,화물,남,44세,상해없음,이륜,남,76세,경상
2022050400100088,2022년 5월 4일 07시,수요일,전라북도 김제시 공덕면,중상사고,0,1,0,0,차대사람 - 기타,안전운전불이행,건조,맑음,단일로 - 기타,화물,남,72세,상해없음,보행자,여,61세,중상
2022050400100126,2022년 5월 4일 08시,수요일,전라북도 전주시 완산구 서신동,경상사고,0,0,1,0,차대차 - 후진중충돌,안전운전불이행,건조,맑음,단일로 - 기타,승용,여,33세,상해없음,승용,남,29세,경상
2022050400100127,2022년 5월 4일 08시,수요일,전라북도 군산시 지곡동,부상신고사고,0,0,0,1,차대차 - 측면충돌,안전운전불이행,건조,맑음,교차로 - 교차로안,승용,여,41세,상해없음,승용,여,34세,부상신고
2022050400100128,2022년 5월 4일 08시,수요일,전라북도 익산시 남중동,경상사고,0,0,1,0,차대사람 - 횡단중,안전운전불이행,건조,맑음,단일로 - 기타,승용,여,59세,상해없음,보행자,남,9세,경상
2022050400100129,2022년 5월 4일 08시,수요일,전라북도 익산시 영등동,중상사고,0,1,0,0,차량단독 - 공작물충돌,안전운전불이행,건조,맑음,교차로 - 교차로부근,승용,여,55세,중상,,,,
2022050400100182,2022년 5월 4일 09시,수요일,전라북도 정읍시 감곡면,중상사고,0,1,3,0,차대차 - 기타,직진우회전진행방해,건조,맑음,교차로 - 교차로안,건설기계,남,62세,상해없음,승용,남,78세,경상
2022050400100183,2022년 5월 4일 09시,수요일,전라북도 남원시 덕과면,중상사고,0,1,0,0,차대차 - 추돌,안전운전불이행,건조,맑음,단일로 - 기타,화물,여,66세,상해없음,이륜,여,63세,중상
2022050400100227,2022년 5월 4일 10시,수요일,전라북도 전주시 완산구 서신동,경상사고,0,0,1,0,차대차 - 추돌,안전운전불이행,건조,맑음,교차로 - 교차로안,승용,남,22세,상해없음,승용,여,57세,경상
2022050400100228,2022년 5월 4일 10시,수요일,전라북도 전주시 덕진구 송천동1가,사망사고,1,0,0,0,차대차 - 측면충돌,안전운전불이행,건조,맑음,교차로 - 교차로안,이륜,남,83세,사망,승용,남,82세,상해없음
2022050400100229,2022년 5월 4일 10시,수요일,전라북도 군산시 나운동,사망사고,1,0,0,0,차대사람 - 기타,안전운전불이행,건조,맑음,단일로 - 기타,화물,남,31세,상해없음,보행자,남,80세,사망
2022050400100261,2022년 5월 4일 11시,수요일,전라북도 전주시 완산구 효자동1가,중상사고,0,1,0,0,차대사람 - 횡단중,보행자보호의무위반,건조,맑음,교차로 - 교차로안,승용,여,70세,상해없음,보행자,여,69세,중상
2022050400100303,2022년 5월 4일 12시,수요일,전라북도 군산시 수송동,부상신고사고,0,0,0,1,차대차 - 측면충돌,안전거리미확보,건조,맑음,교차로 - 교차로횡단보도내,자전거,여,76세,부상신고,승용,여,31세,상해없음
2022050400100304,2022년 5월 4일 12시,수요일,전라북도 익산시 남중동,중상사고,0,1,0,0,차대차 - 기타,안전운전불이행,건조,맑음,교차로 - 교차로안,승용,여,39세,상해없음,자전거,남,79세,중상
2022050400100331,2022년 5월 4일 13시,수요일,전라북도 정읍시 이평면,중상사고,0,1,0,0,차량단독 - 도로외이탈 - 기타,안전운전불이행,건조,맑음,단일로 - 기타,원동기,남,81세,중상,,,,
2022050400100361,2022년 5월 4일 14시,수요일,전라북도 전주시 완산구 효자동1가,경상사고,0,0,1,0,차대차 - 추돌,안전운전불이행,건조,맑음,단일로 - 기타,화물,남,42세,상해없음,승용,여,54세,경상
2022050400100362,2022년 5월 4일 14시,수요일,전라북도 익산시 신동,경상사고,0,0,1,0,차대사람 - 기타,안전운전불이행,건조,맑음,단일로 - 기타,승용,남,83세,상해없음,보행자,남,37세,경상
2022050400100433,2022년 5월 4일 16시,수요일,전라북도 전주시 완산구 대성동,경상사고,0,0,1,0,차대차 - 측면충돌,안전운전불이행,건조,맑음,교차로 - 교차로안,화물,남,69세,상해없음,자전거,남,80세,경상
2022050400100485,2022년 5월 4일 17시,수요일,전라북도 전주시 완산구 대성동,경상사고,0,0,1,0,차대차 - 추돌,안전운전불이행,건조,맑음,교차로 - 교차로안,이륜,남,74세,상해없음,승용,여,21세,경상
2022050400100486,2022년 5월 4일 17시,수요일,전라북도 전주시 완산구 효자동3가,경상사고,0,0,2,0,차대차 - 측면충돌,안전운전불이행,건조,맑음,교차로 - 교차로안,승용,남,61세,상해없음,승용,남,78세,경상
2022050400100553,2022년 5월 4일 18시,수요일,전라북도 전주시 덕진구 우아동2가,경상사고,0,0,1,0,차대차 - 측면충돌,교차로운행방법위반,건조,맑음,교차로 - 교차로안,승용,여,22세,상해없음,이륜,남,17세,경상
2022050400100554,2022년 5월 4일 18시,수요일,전라북도 익산시 중앙동1가,경상사고,0,0,2,0,차대차 - 측면충돌,신호위반,건조,맑음,교차로 - 교차로안,승용,남,66세,상해없음,승용,여,60세,경상
2022050400100611,2022년 5월 4일 19시,수요일,전라북도 익산시 영등동,경상사고,0,0,2,0,차대차 - 기타,신호위반,건조,맑음,교차로 - 교차로안,승용,여,45세,상해없음,승용,여,45세,경상
2022050400100678,2022년 5월 4일 21시,수요일,전라북도 김제시 요촌동,중상사고,0,1,0,0,차대차 - 측면충돌,중앙선침범,건조,맑음,교차로 - 교차로부근,승용,남,62세,상해없음,승용,여,47세,중상
2022050500100053,2022년 5월 5일 04시,목요일,전라북도 전주시 완산구 서신동,경상사고,0,0,1,0,차대차 - 기타,안전운전불이행,건조,맑음,기타 - 기타,기타불명,기타불명,미분류,기타불명,이륜,남,62세,경상
2022050500100076,2022년 5월 5일 07시,목요일,전라북도 전주시 덕진구 호성동1가,중상사고,0,1,0,0,차대차 - 측면충돌,신호위반,건조,맑음,교차로 - 교차로횡단보도내,화물,남,63세,상해없음,자전거,남,69세,중상
2022050500100089,2022년 5월 5일 08시,목요일,전라북도 전주시 덕진구 덕진동2가,중상사고,0,1,0,0,차대사람 - 횡단중,보행자보호의무위반,건조,맑음,교차로 - 교차로횡단보도내,승용,남,64세,상해없음,보행자,여,72세,중상
2022050500100104,2022년 5월 5일 09시,목요일,전라북도 익산시 오산면,중상사고,0,2,1,0,차대차 - 정면충돌,신호위반,건조,맑음,교차로 - 교차로안,화물,남,92세,중상,건설기계,남,53세,경상
2022050500100157,2022년 5월 5일 11시,목요일,전라북도 군산시 성산면,중상사고,0,1,1,0,차대차 - 기타,차로위반,건조,맑음,기타 - 기타,화물,남,45세,상해없음,승용,여,53세,경상
2022050500100189,2022년 5월 5일 12시,목요일,전라북도 전주시 완산구 중화산동2가,경상사고,0,0,1,0,차대차 - 추돌,안전운전불이행,건조,맑음,단일로 - 기타,승용,남,29세,상해없음,승용,남,74세,경상
2022050500100190,2022년 5월 5일 12시,목요일,전라북도 전주시 덕진구 반월동,경상사고,0,0,3,0,차대차 - 추돌,안전운전불이행,건조,맑음,교차로 - 교차로부근,승용,남,54세,상해없음,승용,남,39세,경상
2022050500100191,2022년 5월 5일 12시,목요일,전라북도 남원시 하정동,중상사고,0,1,0,0,차대사람 - 차도통행중,안전운전불이행,건조,맑음,단일로 - 기타,승용,여,29세,상해없음,보행자,남,73세,중상
2022050500100220,2022년 5월 5일 13시,목요일,전라북도 전주시 완산구 효자동2가,경상사고,0,0,1,0,차대사람 - 횡단중,보행자보호의무위반,건조,맑음,교차로 - 교차로부근,승용,여,25세,상해없음,보행자,여,23세,경상
2022050500100221,2022년 5월 5일 13시,목요일,전라북도 전주시 완산구 전동,경상사고,0,0,1,0,차대차 - 기타,안전운전불이행,건조,맑음,주차장 - 주차장,화물,남,70세,상해없음,승용,남,52세,경상
2022050500100222,2022년 5월 5일 13시,목요일,전라북도 부안군 부안읍,경상사고,0,0,4,0,차대차 - 추돌,안전운전불이행,건조,맑음,기타 - 기타,화물,남,61세,상해없음,승용,남,59세,경상
2022050500100268,2022년 5월 5일 14시,목요일,전라북도 전주시 완산구 서완산동1가,경상사고,0,0,1,0,차대차 - 측면충돌,신호위반,건조,맑음,교차로 - 교차로안,승용,남,38세,상해없음,승용,남,53세,경상
2022050500100269,2022년 5월 5일 14시,목요일,전라북도 고창군 상하면,중상사고,0,1,0,0,차대사람 - 횡단중,안전운전불이행,건조,맑음,단일로 - 기타,원동기,남,30세,상해없음,보행자,여,40세,중상
2022050500100416,2022년 5월 5일 18시,목요일,전라북도 김제시 죽산면,경상사고,0,0,1,0,차대차 - 측면충돌,신호위반,건조,맑음,교차로 - 교차로안,승용,여,25세,상해없음,이륜,남,75세,경상
2022050500100446,2022년 5월 5일 19시,목요일,전라북도 고창군 고창읍,경상사고,0,0,2,0,차대차 - 측면충돌,안전거리미확보,건조,맑음,교차로 - 교차로안,승용,여,40세,상해없음,승용,남,25세,경상
2022050500100473,2022년 5월 5일 20시,목요일,전라북도 전주시 완산구 서완산동1가,중상사고,0,1,0,0,차대사람 - 기타,안전운전불이행,건조,맑음,교차로 - 교차로안,승합,남,57세,상해없음,보행자,여,75세,중상
2022050500100474,2022년 5월 5일 20시,목요일,전라북도 남원시 금동,경상사고,0,0,1,0,차대사람 - 기타,안전운전불이행,건조,맑음,주차장 - 주차장,승용,남,42세,상해없음,보행자,남,41세,경상
2022050500100501,2022년 5월 5일 21시,목요일,전라북도 군산시 수송동,중상사고,0,1,0,0,차대차 - 추돌,안전운전불이행,건조,맑음,교차로 - 교차로부근,승용,남,26세,상해없음,이륜,남,52세,중상
2022050500100502,2022년 5월 5일 21시,목요일,전라북도 군산시 미장동,경상사고,0,0,1,0,차대차 - 측면충돌,신호위반,건조,맑음,교차로 - 교차로안,승용,남,31세,상해없음,승용,여,57세,경상
2022050500100503,2022년 5월 5일 21시,목요일,전라북도 정읍시 상동,중상사고,0,1,0,0,차대사람 - 기타,보행자보호의무위반,건조,맑음,교차로 - 교차로횡단보도내,승용,남,59세,상해없음,보행자,여,18세,중상
2022050500100539,2022년 5월 5일 23시,목요일,전라북도 정읍시 칠보면,경상사고,0,0,2,0,차대차 - 추돌,안전운전불이행,건조,맑음,단일로 - 기타,승용,남,51세,상해없음,승용,남,40세,경상
2022050600100008,2022년 5월 6일 00시,금요일,전라북도 전주시 완산구 중노송동,경상사고,0,0,4,0,차대차 - 추돌,안전운전불이행,건조,맑음,단일로 - 기타,승용,남,27세,상해없음,승용,남,19세,경상
2022050600100057,2022년 5월 6일 07시,금요일,전라북도 완주군 삼례읍,중상사고,0,1,0,0,차대사람 - 횡단중,신호위반,건조,맑음,교차로 - 교차로안,화물,남,63세,상해없음,보행자,여,56세,중상
2022050600100113,2022년 5월 6일 09시,금요일,전라북도 전주시 완산구 평화동2가,경상사고,0,0,1,0,차대차 - 기타,교차로운행방법위반,건조,맑음,교차로 - 교차로안,승용,남,80세,상해없음,승합,남,60세,상해없음
2022050600100114,2022년 5월 6일 09시,금요일,전라북도 김제시 입석동,중상사고,0,1,0,0,차대차 - 측면충돌,신호위반,건조,맑음,교차로 - 교차로횡단보도내,승용,여,30세,상해없음,개인형이동수단(PM),남,26세,중상
2022050600100115,2022년 5월 6일 09시,금요일,전라북도 장수군 장수읍,중상사고,0,1,1,0,차대차 - 정면충돌,중앙선침범,건조,맑음,단일로 - 기타,승용,남,64세,중상,승용,남,50세,경상
2022050600100148,2022년 5월 6일 10시,금요일,전라북도 군산시 수송동,경상사고,0,0,2,0,차대차 - 추돌,안전운전불이행,건조,맑음,교차로 - 교차로부근,승용,남,62세,상해없음,승용,남,68세,경상
2022050600100149,2022년 5월 6일 10시,금요일,전라북도 김제시 금구면,경상사고,0,0,1,0,차대차 - 측면충돌,안전운전불이행,건조,맑음,단일로 - 기타,화물,남,46세,상해없음,자전거,남,69세,경상
2022050600100193,2022년 5월 6일 11시,금요일,전라북도 전주시 완산구 평화동2가,중상사고,0,1,0,0,차대사람 - 기타,보행자보호의무위반,건조,맑음,기타 - 기타,승용,여,56세,기타불명,보행자,여,52세,중상
2022050600100194,2022년 5월 6일 11시,금요일,전라북도 남원시 운봉읍,중상사고,0,1,1,0,차대차 - 측면충돌,신호위반,건조,맑음,교차로 - 교차로안,승용,남,45세,상해없음,승용,여,40세,상해없음
2022050600100238,2022년 5월 6일 12시,금요일,전라북도 정읍시 농소동,중상사고,0,1,0,0,차대차 - 측면충돌,안전운전불이행,건조,맑음,교차로 - 교차로안,승용,여,63세,상해없음,자전거,남,44세,중상
2022050600100239,2022년 5월 6일 12시,금요일,전라북도 남원시 대산면,경상사고,0,0,1,0,차대차 - 측면충돌,교차로운행방법위반,건조,맑음,교차로 - 교차로부근,이륜,남,73세,경상,승용,남,63세,상해없음
2022050600100240,2022년 5월 6일 12시,금요일,전라북도 남원시 송동면,경상사고,0,0,2,0,차대차 - 측면충돌,신호위반,건조,맑음,교차로 - 교차로안,승용,여,66세,경상,승용,남,76세,경상
2022050600100273,2022년 5월 6일 13시,금요일,전라북도 익산시 동산동,경상사고,0,0,1,0,차대차 - 기타,안전운전불이행,건조,맑음,교차로 - 교차로안,승용,남,75세,상해없음,이륜,남,28세,경상
2022050600100274,2022년 5월 6일 13시,금요일,전라북도 남원시 주천면,중상사고,0,1,2,0,차대차 - 측면충돌,기타,건조,맑음,단일로 - 터널,승용,남,74세,경상,승용,여,58세,중상
2022050600100414,2022년 5월 6일 16시,금요일,전라북도 남원시 도통동,경상사고,0,0,1,0,차대차 - 정면충돌,중앙선침범,건조,맑음,교차로 - 교차로안,자전거,남,21세,경상,이륜,남,79세,상해없음
2022050600100460,2022년 5월 6일 17시,금요일,전라북도 전주시 덕진구 인후동2가,중상사고,0,2,0,0,차대차 - 기타,신호위반,건조,맑음,교차로 - 교차로부근,승용,남,32세,상해없음,승용,남,64세,중상
2022050600100461,2022년 5월 6일 17시,금요일,전라북도 익산시 남중동,중상사고,0,1,0,0,차대사람 - 기타,보행자보호의무위반,건조,맑음,교차로 - 교차로안,이륜,남,40세,상해없음,보행자,여,25세,중상
2022050600100462,2022년 5월 6일 17시,금요일,전라북도 정읍시 태인면,경상사고,0,0,1,0,차대사람 - 기타,안전운전불이행,건조,맑음,주차장 - 주차장,승용,남,72세,상해없음,보행자,남,15세,경상
2022050600100518,2022년 5월 6일 18시,금요일,전라북도 전주시 완산구 중화산동2가,중상사고,0,1,1,0,차대차 - 측면충돌,안전운전불이행,건조,맑음,단일로 - 기타,승용,남,60세,상해없음,자전거,남,15세,중상
2022050600100519,2022년 5월 6일 18시,금요일,전라북도 전주시 완산구 서완산동2가,경상사고,0,0,1,0,차대차 - 추돌,안전운전불이행,건조,맑음,단일로 - 기타,승용,여,61세,상해없음,승용,남,25세,경상
2022050600100520,2022년 5월 6일 18시,금요일,전라북도 전주시 덕진구 진북동,중상사고,0,1,0,0,차대사람 - 횡단중,보행자보호의무위반,건조,맑음,단일로 - 기타,승용,남,35세,상해없음,보행자,여,76세,중상
2022050600100521,2022년 5월 6일 18시,금요일,전라북도 익산시 팔봉동,경상사고,0,0,4,0,차대차 - 측면충돌,안전운전불이행,건조,맑음,단일로 - 기타,승용,남,32세,경상,승용,남,24세,경상
2022050600100566,2022년 5월 6일 19시,금요일,전라북도 전주시 완산구 효자동1가,경상사고,0,0,2,0,차대차 - 정면충돌,안전운전불이행,건조,맑음,주차장 - 주차장,이륜,남,22세,경상,승용,여,29세,경상
2022050600100567,2022년 5월 6일 19시,금요일,전라북도 전주시 완산구 삼천동1가,경상사고,0,0,2,0,차대차 - 추돌,안전운전불이행,건조,맑음,단일로 - 기타,승용,남,69세,상해없음,승용,남,27세,경상
2022050600100592,2022년 5월 6일 20시,금요일,전라북도 전주시 완산구 효자동3가,경상사고,0,0,3,0,차대차 - 정면충돌,중앙선침범,건조,맑음,단일로 - 기타,승용,남,60세,경상,승용,남,23세,경상
2022050600100620,2022년 5월 6일 21시,금요일,전라북도 군산시 수송동,경상사고,0,0,1,0,차대사람 - 기타,안전운전불이행,건조,맑음,주차장 - 주차장,승용,여,41세,상해없음,보행자,여,5세,경상
2022050600100648,2022년 5월 6일 22시,금요일,전라북도 전주시 완산구 중화산동1가,경상사고,0,0,1,0,차대사람 - 차도통행중,안전운전불이행,건조,맑음,단일로 - 기타,승용,남,30세,상해없음,보행자,남,54세,경상
2022050600100664,2022년 5월 6일 23시,금요일,전라북도 정읍시 시기동,경상사고,0,0,2,0,차대차 - 기타,직진우회전진행방해,건조,맑음,교차로 - 교차로안,승용,남,50세,상해없음,승용,남,60세,상해없음
2022050700100021,2022년 5월 7일 02시,토요일,전라북도 전주시 덕진구 고랑동,사망사고,1,1,0,0,차량단독 - 도로외이탈 - 추락,안전운전불이행,건조,맑음,단일로 - 기타,승용,남,28세,사망,,,,
2022050700100049,2022년 5월 7일 06시,토요일,전라북도 익산시 황등면,경상사고,0,0,1,0,차량단독 - 공작물충돌,안전운전불이행,건조,맑음,단일로 - 기타,화물,남,62세,경상,,,,