사고번호,사고일시,요일,시군구,사고내용,사망자수,중상자수,경상자수,부상신고자수,사고유형,법규위반,노면상태,기상상태,도로형태,가해운전자 차종,가해운전자 성별,가해운전자 연령,가해운전자 상해정도,피해운전자 차종,피해운전자 성별,피해운전자 연령,피해운전자 상해정도
2022050700100087,2022년 5월 7일 09시,토요일,전라북도 전주시 덕진구 금암동,경상사고,0,0,2,0,차대차 - 추돌,안전운전불이행,건조,맑음,교차로 - 교차로안,기타불명,기타불명,미분류,기타불명,승용,여,57세,경상
2022050700100113,2022년 5월 7일 10시,토요일,전라북도 남원시 고죽동,경상사고,0,0,2,0,차대차 - 측면충돌,안전거리미확보,건조,맑음,단일로 - 기타,승용,남,83세,경상,승합,남,52세,경상
2022050700100178,2022년 5월 7일 12시,토요일,전라북도 전주시 완산구 평화동1가,경상사고,0,0,1,0,차대사람 - 횡단중,안전운전불이행,건조,맑음,단일로 - 기타,원동기,남,27세,상해없음,보행자,남,16세,경상
2022050700100228,2022년 5월 7일 13시,토요일,전라북도 군산시 나운동,경상사고,0,0,2,0,차대차 - 후진중충돌,안전운전불이행,건조,맑음,단일로 - 기타,승용,남,28세,상해없음,승용,여,40세,기타불명
2022050700100270,2022년 5월 7일 14시,토요일,전라북도 김제시 공덕면,경상사고,0,0,4,0,차대차 - 측면충돌,안전운전불이행,건조,맑음,단일로 - 기타,승용,남,24세,상해없음,승용,여,39세,경상
2022050700100385,2022년 5월 7일 17시,토요일,전라북도 익산시 동산동,중상사고,0,1,0,0,차대사람 - 횡단중,신호위반,건조,맑음,교차로 - 교차로안,승용,남,71세,상해없음,보행자,여,55세,중상
2022050700100419,2022년 5월 7일 18시,토요일,전라북도 정읍시 북면,중상사고,0,1,0,0,차대차 - 측면충돌,안전거리미확보,건조,맑음,단일로 - 기타,승용,남,79세,상해없음,이륜,남,72세,중상
2022050700100420,2022년 5월 7일 18시,토요일,전라북도 고창군 대산면,경상사고,0,0,2,0,차대차 - 측면충돌,신호위반,건조,맑음,교차로 - 교차로안,화물,남,62세,상해없음,승용,남,41세,경상
2022050700100454,2022년 5월 7일 19시,토요일,전라북도 군산시 신관동,경상사고,0,0,1,0,차대차 - 측면충돌,안전거리미확보,건조,맑음,기타 - 기타,승용,여,43세,상해없음,승용,여,26세,경상
2022050800100047,2022년 5월 8일 05시,일요일,전라북도 전주시 완산구 효자동3가,중상사고,0,2,1,0,차량단독 - 기타,안전운전불이행,건조,맑음,교차로 - 교차로안,이륜,남,19세,중상,,,,
2022050800100096,2022년 5월 8일 10시,일요일,전라북도 전주시 완산구 삼천동1가,중상사고,0,1,0,0,차대사람 - 횡단중,보행자보호의무위반,건조,맑음,교차로 - 교차로횡단보도내,이륜,남,26세,상해없음,보행자,남,66세,중상
2022050800100194,2022년 5월 8일 13시,일요일,전라북도 익산시 주현동,중상사고,0,1,0,0,차대차 - 추돌,안전거리미확보,건조,맑음,단일로 - 기타,승용,남,30세,상해없음,이륜,남,56세,중상
2022050800100287,2022년 5월 8일 16시,일요일,전라북도 익산시 영등동,중상사고,0,1,0,0,차대사람 - 횡단중,안전운전불이행,건조,맑음,교차로 - 교차로부근,승용,여,41세,상해없음,보행자,남,54세,중상
2022050800100380,2022년 5월 8일 19시,일요일,전라북도 김제시 금산면,경상사고,0,0,2,0,차대차 - 정면충돌,중앙선침범,건조,맑음,교차로 - 교차로부근,승용,남,56세,상해없음,승용,남,38세,경상
2022050800100411,2022년 5월 8일 20시,일요일,전라북도 군산시 수송동,경상사고,0,0,1,0,차대사람 - 보도통행중,기타,건조,맑음,기타 - 기타,이륜,남,16세,상해없음,보행자,여,27세,경상
2022050800100449,2022년 5월 8일 21시,일요일,전라북도 전주시 덕진구 용정동,경상사고,0,0,3,0,차대차 - 추돌,안전운전불이행,건조,맑음,단일로 - 기타,승용,남,51세,상해없음,화물,남,52세,경상
2022050900100009,2022년 5월 9일 00시,월요일,전라북도 군산시 소룡동,경상사고,0,0,1,0,차대차 - 측면충돌,신호위반,건조,맑음,교차로 - 교차로안,승용,남,49세,상해없음,승용,남,40세,경상
2022050900100104,2022년 5월 9일 08시,월요일,전라북도 군산시 미장동,경상사고,0,0,2,0,차대차 - 추돌,안전운전불이행,건조,맑음,단일로 - 기타,승용,남,68세,상해없음,승용,남,28세,경상
2022050900100142,2022년 5월 9일 09시,월요일,전라북도 전주시 완산구 중노송동,경상사고,0,0,1,0,차대사람 - 횡단중,신호위반,건조,맑음,교차로 - 교차로횡단보도내,승합,남,50세,상해없음,보행자,여,64세,경상
2022050900100176,2022년 5월 9일 10시,월요일,전라북도 군산시 대명동,부상신고사고,0,0,0,1,차대차 - 기타,불법유턴,건조,맑음,교차로 - 교차로안,자전거,남,81세,부상신고,승용,여,44세,상해없음
2022050900100212,2022년 5월 9일 11시,월요일,전라북도 남원시 금동,중상사고,0,1,0,0,차대차 - 기타,안전운전불이행,건조,맑음,주차장 - 주차장,자전거,여,77세,중상,승용,남,69세,상해없음
2022050900100240,2022년 5월 9일 12시,월요일,전라북도 익산시 영등동,중상사고,0,1,0,0,차대사람 - 횡단중,안전운전불이행,건조,맑음,단일로 - 기타,승용,남,49세,상해없음,보행자,남,51세,중상
2022050900100274,2022년 5월 9일 13시,월요일,전라북도 군산시 중동,경상사고,0,0,1,0,차대사람 - 횡단중,안전운전불이행,건조,맑음,교차로 - 교차로부근,승용,남,74세,상해없음,보행자,남,66세,경상
2022050900100319,2022년 5월 9일 14시,월요일,전라북도 군산시 소룡동,부상신고사고,0,0,0,1,차대차 - 기타,안전거리미확보,건조,맑음,교차로 - 교차로부근,이륜,남,48세,부상신고,화물,남,45세,상해없음
2022050900100451,2022년 5월 9일 17시,월요일,전라북도 군산시 옥산면,부상신고사고,0,0,0,1,차대차 - 측면충돌,안전운전불이행,건조,맑음,교차로 - 교차로안,이륜,남,26세,부상신고,승용,여,48세,상해없음
2022050900100498,2022년 5월 9일 18시,월요일,전라북도 전주시 완산구 중화산동2가,경상사고,0,0,2,0,차대차 - 추돌,안전운전불이행,건조,맑음,교차로 - 교차로안,승용,남,42세,상해없음,승용,여,27세,경상
2022050900100533,2022년 5월 9일 19시,월요일,전라북도 전주시 완산구 평화동2가,중상사고,0,1,0,0,차대사람 - 횡단중,신호위반,건조,맑음,교차로 - 교차로횡단보도내,화물,남,66세,상해없음,보행자,여,60세,중상
2022050900100534,2022년 5월 9일 19시,월요일,전라북도 군산시 소룡동,경상사고,0,0,1,0,차대차 - 정면충돌,안전운전불이행,건조,맑음,교차로 - 교차로안,승용,여,54세,상해없음,승용,남,51세,경상
2022050900100535,2022년 5월 9일 19시,월요일,전라북도 군산시 수송동,경상사고,0,0,1,0,차대차 - 기타,안전운전불이행,건조,맑음,교차로 - 교차로부근,승용,남,15세,상해없음,승용,여,60세,경상
2022050900100583,2022년 5월 9일 21시,월요일,전라북도 전주시 완산구 남노송동,경상사고,0,0,2,0,차대차 - 추돌,안전운전불이행,건조,맑음,교차로 - 교차로부근,승용,남,69세,상해없음,승용,남,52세,경상
2022050900100584,2022년 5월 9일 21시,월요일,전라북도 전주시 완산구 효자동1가,경상사고,0,0,2,0,차대차 - 측면충돌,신호위반,건조,맑음,교차로 - 교차로부근,승용,남,45세,기타불명,승용,여,52세,경상
2022051000100030,2022년 5월 10일 03시,화요일,전라북도 전주시 완산구 효자동3가,경상사고,0,0,1,0,차대사람 - 횡단중,보행자보호의무위반,건조,맑음,교차로 - 교차로횡단보도내,승용,남,25세,상해없음,보행자,남,42세,경상
2022051000100107,2022년 5월 10일 08시,화요일,전라북도 군산시 나운동,부상신고사고,0,0,0,1,차대차 - 기타,교차로운행방법위반,건조,맑음,단일로 - 기타,승용,남,47세,상해없음,자전거,남,12세,부상신고
2022051000100108,2022년 5월 10일 08시,화요일,전라북도 정읍시 시기동,경상사고,0,0,1,0,차대차 - 기타,안전운전불이행,건조,맑음,단일로 - 기타,자전거,남,61세,경상,승용,여,37세,상해없음
2022051000100109,2022년 5월 10일 08시,화요일,전라북도 남원시 송동면,경상사고,0,0,1,0,차대차 - 측면충돌,신호위반,건조,맑음,교차로 - 교차로안,승용,여,25세,상해없음,화물,남,63세,경상
2022051000100158,2022년 5월 10일 09시,화요일,전라북도 전주시 완산구 평화동1가,경상사고,0,0,1,0,차대사람 - 횡단중,보행자보호의무위반,건조,맑음,교차로 - 교차로횡단보도내,승합,남,36세,상해없음,보행자,여,81세,경상
2022051000100159,2022년 5월 10일 09시,화요일,전라북도 전주시 완산구 삼천동1가,중상사고,0,1,0,0,차대사람 - 횡단중,안전운전불이행,건조,맑음,교차로 - 교차로안,승용,남,68세,상해없음,보행자,여,53세,중상
2022051000100160,2022년 5월 10일 09시,화요일,전라북도 군산시 옥산면,경상사고,0,0,1,0,차대차 - 기타,안전운전불이행,건조,맑음,단일로 - 기타,승용,남,50세,상해없음,화물,남,38세,경상
2022051000100190,2022년 5월 10일 10시,화요일,전라북도 군산시 삼학동,경상사고,0,0,1,0,차대차 - 기타,기타,건조,맑음,단일로 - 기타,화물,남,63세,상해없음,자전거,여,74세,경상
2022051000100191,2022년 5월 10일 10시,화요일,전라북도 익산시 영등동,중상사고,0,1,0,0,차대사람 - 횡단중,보행자보호의무위반,건조,맑음,교차로 - 교차로횡단보도내,승용,남,35세,상해없음,보행자,여,79세,중상
2022051000100260,2022년 5월 10일 12시,화요일,전라북도 전주시 덕진구 장동,중상사고,0,1,0,0,차대차 - 정면충돌,안전운전불이행,건조,맑음,교차로 - 교차로안,승용,여,71세,상해없음,승용,여,31세,중상
2022051000100360,2022년 5월 10일 15시,화요일,전라북도 군산시 명산동,경상사고,0,0,1,0,차대차 - 추돌,안전운전불이행,건조,맑음,단일로 - 기타,기타불명,기타불명,미분류,기타불명,자전거,여,38세,경상
2022051000100361,2022년 5월 10일 15시,화요일,전라북도 익산시 황등면,경상사고,0,0,1,0,차대차 - 추돌,차로위반,건조,맑음,단일로 - 기타,화물,남,53세,기타불명,승용,남,38세,경상
2022051000100362,2022년 5월 10일 15시,화요일,전라북도 남원시 산내면,중상사고,0,1,0,0,차대차 - 측면충돌,기타,건조,맑음,교차로 - 교차로안,이륜,남,74세,중상,승용,남,61세,상해없음
2022051000100412,2022년 5월 10일 16시,화요일,전라북도 전주시 완산구 삼천동1가,중상사고,0,1,0,0,차대사람 - 횡단중,보행자보호의무위반,건조,맑음,교차로 - 교차로횡단보도내,승용,여,71세,상해없음,보행자,남,6세,중상
2022051000100413,2022년 5월 10일 16시,화요일,전라북도 전주시 덕진구 팔복동1가,경상사고,0,0,1,0,차대차 - 측면충돌,안전운전불이행,건조,맑음,교차로 - 교차로안,화물,남,27세,상해없음,승용,남,66세,경상
2022051000100414,2022년 5월 10일 16시,화요일,전라북도 무주군 안성면,중상사고,0,1,0,0,차대차 - 후진중충돌,안전운전불이행,건조,맑음,교차로 - 교차로안,화물,남,73세,상해없음,승합,남,32세,중상
2022051000100458,2022년 5월 10일 17시,화요일,전라북도 완주군 상관면,사망사고,1,0,0,0,차량단독 - 전도전복 - 전복,안전운전불이행,건조,맑음,기타 - 기타,승용,남,80세,기타불명,,,,
2022051000100492,2022년 5월 10일 18시,화요일,전라북도 군산시 옥산면,경상사고,0,0,3,0,차대차 - 추돌,안전운전불이행,건조,맑음,단일로 - 기타,승용,남,36세,상해없음,승용,여,56세,경상
2022051000100493,2022년 5월 10일 18시,화요일,전라북도 익산시 마동,경상사고,0,0,1,0,차대차 - 추돌,안전거리미확보,건조,맑음,단일로 - 기타,승용,여,57세,상해없음,승용,남,64세,경상
2022051000100494,2022년 5월 10일 18시,화요일,전라북도 익산시 부송동,경상사고,0,0,4,0,차대차 - 측면충돌,안전운전불이행,건조,맑음,교차로 - 교차로부근,승용,여,31세,상해없음,승용,여,39세,경상
2022051000100583,2022년 5월 10일 21시,화요일,전라북도 익산시 신동,경상사고,0,0,1,0,차대차 - 측면충돌,차로위반,건조,맑음,단일로 - 기타,승용,여,24세,상해없음,승용,여,34세,경상
2022051000100612,2022년 5월 10일 23시,화요일,전라북도 전주시 덕진구 금암동,경상사고,0,0,1,0,차대사람 - 횡단중,안전운전불이행,건조,맑음,교차로 - 교차로안,승용,남,20세,상해없음,보행자,남,46세,경상
2022051100100012,2022년 5월 11일 01시,수요일,전라북도 전주시 덕진구 송천동2가,경상사고,0,0,1,0,차대사람 - 기타,안전운전불이행,건조,맑음,단일로 - 기타,승용,남,57세,상해없음,보행자,남,25세,경상
2022051100100013,2022년 5월 11일 01시,수요일,전라북도 남원시 주천면,경상사고,0,0,1,0,차대차 - 측면충돌,중앙선침범,건조,맑음,단일로 - 기타,화물,남,72세,상해없음,승용,여,58세,경상
2022051100100096,2022년 5월 11일 08시,수요일,전라북도 군산시 조촌동,경상사고,0,0,1,0,차대차 - 기타,안전운전불이행,건조,맑음,단일로 - 기타,승용,여,43세,상해없음,이륜,남,33세,경상
2022051100100097,2022년 5월 11일 08시,수요일,전라북도 군산시 수송동,경상사고,0,0,1,0,차대차 - 측면충돌,안전운전불이행,건조,맑음,단일로 - 지하차도(도로)내,승용,남,60세,상해없음,자전거,남,80세,경상
2022051100100164,2022년 5월 11일 10시,수요일,전라북도 전주시 완산구 경원동1가,경상사고,0,0,1,0,차량단독 - 기타,기타,건조,맑음,기타 - 기타,승합,남,47세,상해없음,,,,
2022051100100186,2022년 5월 11일 11시,수요일,전라북도 전주시 완산구 효자동2가,경상사고,0,0,2,0,차대사람 - 횡단중,보행자보호의무위반,건조,맑음,기타 - 기타,승합,남,52세,상해없음,보행자,여,20세,경상
2022051100100187,2022년 5월 11일 11시,수요일,전라북도 전주시 완산구 평화동2가,경상사고,0,0,3,0,차대차 - 측면충돌,안전운전불이행,건조,맑음,교차로 - 교차로안,이륜,남,46세,경상,승용,남,34세,경상
2022051100100249,2022년 5월 11일 13시,수요일,전라북도 임실군 신덕면,경상사고,0,0,1,0,차대사람 - 차도통행중,안전운전불이행,건조,맑음,단일로 - 지하차도(도로)내,승용,여,54세,상해없음,보행자,여,80세,경상
2022051100100345,2022년 5월 11일 16시,수요일,전라북도 군산시 사정동,경상사고,0,0,1,0,차대차 - 측면충돌,안전운전불이행,건조,맑음,단일로 - 지하차도(도로)내,승용,여,44세,상해없음,승용,여,50세,경상
2022051100100402,2022년 5월 11일 17시,수요일,전라북도 전주시 완산구 삼천동1가,중상사고,0,1,0,0,차대사람 - 횡단중,보행자보호의무위반,건조,맑음,교차로 - 교차로횡단보도내,승용,남,33세,상해없음,보행자,여,7세,중상
2022051100100442,2022년 5월 11일 18시,수요일,전라북도 전주시 덕진구 진북동,경상사고,0,0,1,0,차대차 - 측면충돌,안전운전불이행,건조,맑음,단일로 - 기타,승용,남,66세,상해없음,승용,남,32세,경상
2022051100100443,2022년 5월 11일 18시,수요일,전라북도 정읍시 신정동,경상사고,0,0,3,0,차대차 - 추돌,안전운전불이행,건조,맑음,교차로 - 교차로부근,농기계,남,63세,경상,승용,여,35세,경상
2022051100100484,2022년 5월 11일 19시,수요일,전라북도 전주시 덕진구 인후동2가,경상사고,0,0,1,0,차대차 - 측면충돌,차로위반,건조,맑음,단일로 - 기타,승합,남,47세,상해없음,승용,여,28세,경상
2022051100100512,2022년 5월 11일 20시,수요일,전라북도 군산시 수송동,경상사고,0,0,3,0,차대차 - 측면충돌,안전운전불이행,건조,맑음,교차로 - 교차로안,승용,여,56세,상해없음,승용,남,56세,경상
2022051200100047,2022년 5월 12일 05시,목요일,전라북도 군산시 소룡동,경상사고,0,0,1,0,차대차 - 측면충돌,안전운전불이행,젖음/습기,흐림,단일로 - 지하차도(도로)내,승용,남,66세,상해없음,자전거,남,59세,경상
2022051200100048,2022년 5월 12일 05시,목요일,전라북도 군산시 금동,경상사고,0,0,1,0,차대차 - 추돌,안전운전불이행,건조,맑음,단일로 - 지하차도(도로)내,승용,남,68세,상해없음,승용,남,67세,경상
2022051200100060,2022년 5월 12일 06시,목요일,전라북도 전주시 덕진구 송천동2가,경상사고,0,0,1,0,차대차 - 정면충돌,신호위반,건조,맑음,단일로 - 기타,승용,여,25세,상해없음,승용,여,28세,경상
2022051200100076,2022년 5월 12일 07시,목요일,전라북도 전주시 완산구 중인동,경상사고,0,0,1,0,차대차 - 기타,중앙선침범,건조,맑음,단일로 - 기타,승용,남,61세,상해없음,화물,남,73세,경상
2022051200100109,2022년 5월 12일 08시,목요일,전라북도 순창군 쌍치면,사망사고,1,0,0,0,차대사람 - 기타,안전운전불이행,건조,맑음,단일로 - 기타,화물,남,62세,상해없음,보행자,여,58세,사망
2022051200100229,2022년 5월 12일 12시,목요일,전라북도 익산시 금마면,경상사고,0,0,5,0,차대차 - 기타,중앙선침범,건조,맑음,단일로 - 기타,승용,남,66세,상해없음,승용,여,45세,경상
2022051200100263,2022년 5월 12일 13시,목요일,전라북도 전주시 완산구 중노송동,경상사고,0,0,1,0,차대차 - 측면충돌,안전운전불이행,건조,맑음,단일로 - 기타,승용,남,54세,상해없음,승용,남,39세,경상
2022051200100264,2022년 5월 12일 13시,목요일,전라북도 전주시 덕진구 금암동,경상사고,0,0,1,0,차대차 - 측면충돌,안전운전불이행,건조,맑음,교차로 - 교차로부근,승용,남,68세,상해없음,승용,남,64세,경상
2022051200100265,2022년 5월 12일 13시,목요일,전라북도 김제시 요촌동,경상사고,0,0,1,0,차대사람 - 차도통행중,안전운전불이행,건조,맑음,교차로 - 교차로안,승용,남,56세,상해없음,보행자,여,76세,경상
2022051200100296,2022년 5월 12일 14시,목요일,전라북도 전주시 덕진구 산정동,경상사고,0,0,1,0,차대차 - 측면충돌,안전운전불이행,건조,맑음,단일로 - 기타,승용,여,49세,상해없음,승용,여,34세,경상
2022051200100297,2022년 5월 12일 14시,목요일,전라북도 진안군 진안읍,경상사고,0,0,1,0,차량단독 - 공작물충돌,안전운전불이행,건조,맑음,단일로 - 기타,사륜오토바이(ATV),남,85세,경상,,,,
2022051200100327,2022년 5월 12일 15시,목요일,전라북도 익산시 신동,경상사고,0,0,1,0,차대차 - 기타,안전운전불이행,건조,맑음,교차로 - 교차로안,승용,남,20세,상해없음,승용,남,34세,경상
2022051200100328,2022년 5월 12일 15시,목요일,전라북도 완주군 이서면,경상사고,0,0,1,0,차대차 - 기타,안전운전불이행,건조,맑음,단일로 - 기타,승용,남,54세,상해없음,승합,남,66세,경상
2022051200100413,2022년 5월 12일 17시,목요일,전라북도 군산시 선양동,중상사고,0,1,0,0,차대사람 - 횡단중,안전운전불이행,건조,맑음,교차로 - 교차로안,승용,남,30세,상해없음,보행자,여,64세,중상
2022051200100507,2022년 5월 12일 19시,목요일,전라북도 익산시 성당면,경상사고,0,0,1,0,차대차 - 측면충돌,직진우회전진행방해,건조,맑음,교차로 - 교차로안,화물,남,63세,상해없음,원동기,남,49세,경상
2022051200100543,2022년 5월 12일 20시,목요일,전라북도 완주군 이서면,경상사고,0,0,3,0,차대차 - 후진중충돌,안전운전불이행,건조,맑음,단일로 - 기타,승합,기타불명,미분류,기타불명,승용,남,26세,경상
2022051200100584,2022년 5월 12일 22시,목요일,전라북도 전주시 완산구 중화산동2가,경상사고,0,0,1,0,차대차 - 추돌,안전운전불이행,건조,맑음,기타 - 기타,승용,여,50세,상해없음,승용,여,41세,경상
2022051200100585,2022년 5월 12일 22시,목요일,전라북도 군산시 수송동,경상사고,0,0,1,0,차대차 - 측면충돌,중앙선침범,건조,맑음,교차로 - 교차로안,승용,남,31세,상해없음,승용,여,34세,경상
2022051300100109,2022년 5월 13일 08시,금요일,전라북도 군산시 옥산면,경상사고,0,0,2,1,차대차 - 측면충돌,신호위반,건조,맑음,교차로 - 교차로안,승용,여,69세,경상,승용,여,45세,경상
2022051300100149,2022년 5월 13일 09시,금요일,전라북도 정읍시 상평동,중상사고,0,1,0,0,차대사람 - 횡단중,안전운전불이행,건조,맑음,주차장 - 주차장,화물,남,56세,상해없음,보행자,여,81세,중상
2022051300100178,2022년 5월 13일 10시,금요일,전라북도 군산시 금동,경상사고,0,0,1,0,차대사람 - 길가장자리구역통행중,안전운전불이행,건조,맑음,단일로 - 기타,화물,남,26세,상해없음,보행자,여,52세,경상
2022051300100179,2022년 5월 13일 10시,금요일,전라북도 완주군 봉동읍,경상사고,0,0,1,0,차대차 - 측면충돌,신호위반,건조,맑음,교차로 - 교차로안,승용,여,53세,상해없음,승용,여,39세,경상
2022051300100219,2022년 5월 13일 11시,금요일,전라북도 순창군 팔덕면,중상사고,0,1,0,0,차대차 - 측면충돌,안전운전불이행,건조,흐림,교차로 - 교차로안,이륜,남,81세,중상,화물,남,60세,상해없음
2022051300100290,2022년 5월 13일 13시,금요일,전라북도 부안군 보안면,사망사고,1,0,0,0,차량단독 - 공작물충돌,안전운전불이행,건조,맑음,단일로 - 기타,농기계,남,77세,사망,,,,
2022051300100360,2022년 5월 13일 15시,금요일,전라북도 전주시 덕진구 팔복동1가,경상사고,0,0,1,0,차대차 - 측면충돌,안전운전불이행,건조,맑음,단일로 - 기타,승용,여,63세,상해없음,자전거,남,25세,경상
2022051300100434,2022년 5월 13일 17시,금요일,전라북도 전주시 완산구 중화산동2가,경상사고,0,0,2,0,차대차 - 측면충돌,신호위반,건조,맑음,단일로 - 기타,화물,여,52세,상해없음,승용,남,28세,경상
2022051300100435,2022년 5월 13일 17시,금요일,전라북도 전주시 완산구 효자동3가,경상사고,0,0,1,0,차대사람 - 횡단중,안전운전불이행,건조,맑음,단일로 - 기타,승용,남,55세,상해없음,보행자,남,6세,경상
2022051300100436,2022년 5월 13일 17시,금요일,전라북도 부안군 행안면,중상사고,0,1,0,0,차대차 - 후진중충돌,안전운전불이행,건조,맑음,단일로 - 지하차도(도로)내,건설기계,남,72세,상해없음,이륜,남,80세,중상
2022051300100490,2022년 5월 13일 18시,금요일,전라북도 전주시 완산구 효자동1가,경상사고,0,0,1,0,차대사람 - 기타,안전운전불이행,건조,맑음,교차로 - 교차로안,승용,남,65세,상해없음,보행자,여,71세,경상
2022051300100491,2022년 5월 13일 18시,금요일,전라북도 익산시 영등동,경상사고,0,0,2,0,차대차 - 기타,교차로운행방법위반,건조,맑음,교차로 - 교차로부근,화물,남,47세,상해없음,승용,남,63세,상해없음
2022051300100589,2022년 5월 13일 20시,금요일,전라북도 전주시 덕진구 송천동2가,경상사고,0,0,1,0,차대차 - 측면충돌,신호위반,건조,맑음,교차로 - 교차로안,이륜,남,40세,기타불명,승용,남,57세,경상
2022051300100590,2022년 5월 13일 20시,금요일,전라북도 익산시 낭산면,경상사고,0,0,5,0,차대차 - 기타,중앙선침범,건조,맑음,단일로 - 기타,승용,남,58세,경상,승용,남,69세,경상
2022051300100621,2022년 5월 13일 21시,금요일,전라북도 전주시 완산구 평화동1가,중상사고,0,1,0,0,차대사람 - 기타,안전운전불이행,건조,맑음,단일로 - 기타,승합,남,56세,상해없음,보행자,여,67세,중상
2022051300100622,2022년 5월 13일 21시,금요일,전라북도 군산시 나운동,경상사고,0,0,2,0,차대차 - 후진중충돌,안전운전불이행,건조,맑음,기타 - 기타,승용,여,57세,상해없음,승용,남,22세,경상
2022051300100672,2022년 5월 13일 23시,금요일,전라북도 전주시 완산구 삼천동1가,경상사고,0,0,1,0,차대차 - 후진중충돌,안전운전불이행,건조,맑음,단일로 - 기타,승용,남,44세,상해없음,승용,여,30세,경상
2022051300100673,2022년 5월 13일 23시,금요일,전라북도 김제시 옥산동,경상사고,0,0,1,0,차대사람 - 차도통행중,안전운전불이행,건조,맑음,단일로 - 기타,화물,남,68세,상해없음,보행자,남,52세,경상
2022051400100018,2022년 5월 14일 01시,토요일,전라북도 전주시 완산구 효자동1가,중상사고,0,1,1,0,차대차 - 측면충돌,신호위반,건조,맑음,교차로 - 교차로안,이륜,남,55세,중상,승용,남,50세,경상
2022051400100049,2022년 5월 14일 03시,토요일,전라북도 군산시 비응도동,경상사고,0,0,3,0,차대차 - 측면충돌,안전운전불이행,건조,맑음,교차로 - 교차로안,화물,남,55세,상해없음,승용,남,39세,경상
2022051400100159,2022년 5월 14일 10시,토요일,전라북도 군산시 임피면,중상사고,0,1,0,0,차대차 - 측면충돌,안전운전불이행,건조,맑음,교차로 - 교차로부근,승용,남,57세,상해없음,이륜,남,66세,중상
2022051400100160,2022년 5월 14일 10시,토요일,전라북도 군산시 소룡동,중상사고,0,1,0,0,차대차 - 측면충돌,직진우회전진행방해,건조,맑음,교차로 - 교차로안,특수,남,27세,상해없음,화물,남,44세,중상
2022051400100235,2022년 5월 14일 12시,토요일,전라북도 전주시 완산구 효자동2가,경상사고,0,0,1,0,차대차 - 측면충돌,안전운전불이행,건조,맑음,단일로 - 기타,승용,여,58세,상해없음,승용,남,31세,경상
2022051400100236,2022년 5월 14일 12시,토요일,전라북도 전주시 덕진구 덕진동1가,경상사고,0,0,2,0,차대차 - 측면충돌,교차로운행방법위반,건조,맑음,교차로 - 교차로안,승용,남,64세,상해없음,승용,남,44세,경상
2022051400100368,2022년 5월 14일 15시,토요일,전라북도 전주시 덕진구 송천동2가,경상사고,0,0,1,0,차대차 - 기타,안전운전불이행,건조,맑음,교차로 - 교차로안,승용,남,51세,상해없음,승용,남,55세,경상
2022051400100413,2022년 5월 14일 16시,토요일,전라북도 전주시 덕진구 송천동2가,경상사고,0,0,1,0,차대차 - 측면충돌,안전운전불이행,건조,맑음,단일로 - 기타,승합,남,64세,기타불명,승용,여,33세,경상
2022051400100534,2022년 5월 14일 19시,토요일,전라북도 전주시 완산구 서신동,경상사고,0,0,1,0,차대차 - 측면충돌,안전운전불이행,건조,맑음,교차로 - 교차로안,승용,남,32세,상해없음,이륜,남,24세,경상
2022051400100535,2022년 5월 14일 19시,토요일,전라북도 군산시 서수면,경상사고,0,0,1,0,차대사람 - 기타,안전운전불이행,건조,맑음,단일로 - 기타,화물,남,21세,상해없음,보행자,남,30세,경상
2022051500100010,2022년 5월 15일 00시,일요일,전라북도 정읍시 수성동,경상사고,0,0,1,0,차대사람 - 횡단중,안전운전불이행,건조,맑음,교차로 - 교차로안,승용,남,25세,상해없음,보행자,남,51세,경상
2022051500100011,2022년 5월 15일 00시,일요일,전라북도 완주군 삼례읍,중상사고,0,1,0,0,차대사람 - 횡단중,기타,건조,맑음,단일로 - 기타,승용,남,27세,상해없음,보행자,남,58세,중상
2022051500100076,2022년 5월 15일 05시,일요일,전라북도 전주시 완산구 중화산동2가,부상신고사고,0,0,0,1,차대차 - 기타,안전운전불이행,건조,맑음,단일로 - 기타,승용,남,26세,부상신고,승용,남,22세,상해없음
2022051500100082,2022년 5월 15일 06시,일요일,전라북도 전주시 완산구 삼천동1가,경상사고,0,0,2,0,차대차 - 측면충돌,안전운전불이행,건조,맑음,단일로 - 기타,승용,남,54세,경상,승용,남,19세,경상
2022051500100092,2022년 5월 15일 07시,일요일,전라북도 군산시 사정동,경상사고,0,0,1,0,차대차 - 측면충돌,안전운전불이행,건조,맑음,교차로 - 교차로부근,승용,남,67세,상해없음,승용,여,68세,경상
2022051500100169,2022년 5월 15일 11시,일요일,전라북도 군산시 나운동,중상사고,0,1,0,0,차대사람 - 차도통행중,안전운전불이행,건조,맑음,교차로 - 교차로안,승용,여,53세,상해없음,보행자,남,67세,중상
2022051500100228,2022년 5월 15일 13시,일요일,전라북도 고창군 고수면,경상사고,0,0,1,0,차대차 - 정면충돌,교차로운행방법위반,건조,맑음,교차로 - 교차로안,승용,여,70세,상해없음,화물,남,66세,경상
2022051500100262,2022년 5월 15일 14시,일요일,전라북도 군산시 나운동,경상사고,0,0,1,0,차대차 - 추돌,안전운전불이행,건조,맑음,단일로 - 지하차도(도로)내,승용,남,25세,상해없음,승용,남,27세,경상