사고번호,사고일시,요일,시군구,사고내용,사망자수,중상자수,경상자수,부상신고자수,사고유형,법규위반,노면상태,기상상태,도로형태,가해운전자 차종,가해운전자 성별,가해운전자 연령,가해운전자 상해정도,피해운전자 차종,피해운전자 성별,피해운전자 연령,피해운전자 상해정도
2022051500100263,2022년 5월 15일 14시,일요일,전라북도 정읍시 내장동,경상사고,0,0,1,0,차대차 - 기타,중앙선침범,건조,맑음,단일로 - 기타,화물,남,68세,상해없음,승용,남,63세,상해없음
2022051500100427,2022년 5월 15일 19시,일요일,전라북도 임실군 오수면,부상신고사고,0,0,0,1,차량단독 - 도로외이탈 - 기타,안전운전불이행,건조,맑음,교차로 - 교차로안,이륜,남,83세,부상신고,,,,
2022051500100471,2022년 5월 15일 21시,일요일,전라북도 군산시 경암동,경상사고,0,0,2,0,차량단독 - 기타,안전운전불이행,건조,맑음,단일로 - 지하차도(도로)내,승용,남,50세,상해없음,,,,
2022051500100504,2022년 5월 15일 23시,일요일,전라북도 정읍시 교암동,중상사고,0,1,0,0,차대차 - 추돌,안전운전불이행,건조,맑음,단일로 - 기타,승용,남,28세,상해없음,농기계,남,61세,중상
2022051600100011,2022년 5월 16일 01시,월요일,전라북도 군산시 개정면,사망사고,1,0,0,0,차량단독 - 공작물충돌,중앙선침범,건조,맑음,단일로 - 지하차도(도로)내,승용,여,40세,사망,,,,
2022051600100105,2022년 5월 16일 08시,월요일,전라북도 전주시 완산구 서신동,경상사고,0,0,1,0,차대사람 - 횡단중,보행자보호의무위반,건조,맑음,교차로 - 교차로횡단보도내,승용,여,56세,상해없음,보행자,여,14세,경상
2022051600100106,2022년 5월 16일 08시,월요일,전라북도 익산시 신동,경상사고,0,0,1,0,차대차 - 기타,안전거리미확보,건조,맑음,단일로 - 기타,승용,여,54세,상해없음,승합,남,56세,상해없음
2022051600100150,2022년 5월 16일 09시,월요일,전라북도 전주시 완산구 효자동1가,중상사고,0,1,0,0,차대사람 - 횡단중,신호위반,건조,맑음,교차로 - 교차로횡단보도내,화물,남,65세,상해없음,보행자,여,76세,중상
2022051600100151,2022년 5월 16일 09시,월요일,전라북도 정읍시 입암면,중상사고,0,1,0,0,차대차 - 기타,안전운전불이행,건조,맑음,기타 - 기타,화물,남,26세,상해없음,자전거,남,45세,중상
2022051600100317,2022년 5월 16일 14시,월요일,전라북도 군산시 사정동,경상사고,0,0,3,0,차대차 - 정면충돌,안전운전불이행,건조,맑음,교차로 - 교차로안,승용,여,27세,경상,이륜,남,35세,경상
2022051600100318,2022년 5월 16일 14시,월요일,전라북도 군산시 조촌동,경상사고,0,0,2,0,차대차 - 측면충돌,안전운전불이행,건조,맑음,교차로 - 교차로부근,승용,남,67세,상해없음,승용,남,48세,경상
2022051600100360,2022년 5월 16일 15시,월요일,전라북도 전주시 완산구 서신동,경상사고,0,0,1,0,차대사람 - 기타,안전운전불이행,건조,맑음,교차로 - 교차로횡단보도내,화물,남,74세,상해없음,보행자,남,76세,경상
2022051600100361,2022년 5월 16일 15시,월요일,전라북도 완주군 봉동읍,경상사고,0,0,1,0,차량단독 - 전도전복 - 전도,기타,건조,맑음,단일로 - 기타,이륜,남,88세,경상,,,,
2022051600100394,2022년 5월 16일 16시,월요일,전라북도 익산시 인화동1가,경상사고,0,0,1,0,차대차 - 측면충돌,직진우회전진행방해,건조,맑음,교차로 - 교차로안,승용,남,71세,상해없음,이륜,남,21세,경상
2022051600100446,2022년 5월 16일 17시,월요일,전라북도 전주시 덕진구 덕진동2가,경상사고,0,0,1,0,차대차 - 측면충돌,신호위반,건조,맑음,교차로 - 교차로안,승용,여,58세,상해없음,이륜,남,32세,경상
2022051600100485,2022년 5월 16일 18시,월요일,전라북도 전주시 덕진구 송천동1가,중상사고,0,1,0,0,차대사람 - 횡단중,보행자보호의무위반,건조,맑음,교차로 - 교차로안,승용,여,45세,상해없음,보행자,남,8세,중상
2022051600100554,2022년 5월 16일 20시,월요일,전라북도 군산시 수송동,중상사고,0,1,4,0,차대차 - 기타,안전운전불이행,건조,맑음,교차로 - 교차로안,승합,남,50세,상해없음,승용,여,35세,중상
2022051600100574,2022년 5월 16일 21시,월요일,전라북도 완주군 봉동읍,부상신고사고,0,0,0,1,차대사람 - 기타,안전운전불이행,건조,맑음,단일로 - 기타,개인형이동수단(PM),남,53세,상해없음,보행자,남,60세,부상신고
2022051600100597,2022년 5월 16일 22시,월요일,전라북도 정읍시 수성동,경상사고,0,0,1,0,차대사람 - 기타,안전운전불이행,건조,맑음,교차로 - 교차로안,승용,여,60세,상해없음,보행자,남,64세,경상
2022051700100044,2022년 5월 17일 06시,화요일,전라북도 익산시 마동,중상사고,0,1,0,0,차량단독 - 기타,안전운전불이행,건조,맑음,교차로 - 교차로부근,이륜,남,44세,중상,,,,
2022051700100098,2022년 5월 17일 08시,화요일,전라북도 전주시 덕진구 팔복동3가,경상사고,0,0,1,0,차대차 - 측면충돌,안전운전불이행,건조,맑음,교차로 - 교차로안,승용,남,53세,상해없음,승용,여,21세,경상
2022051700100099,2022년 5월 17일 08시,화요일,전라북도 익산시 함열읍,중상사고,0,1,0,0,차대사람 - 횡단중,보행자보호의무위반,건조,맑음,교차로 - 교차로횡단보도내,승용,남,41세,상해없음,보행자,남,83세,중상
2022051700100100,2022년 5월 17일 08시,화요일,전라북도 익산시 창인동1가,경상사고,0,0,1,0,차대사람 - 기타,안전운전불이행,건조,맑음,단일로 - 기타,화물,남,50세,상해없음,보행자,여,74세,경상
2022051700100134,2022년 5월 17일 09시,화요일,전라북도 익산시 주현동,경상사고,0,0,1,0,차대차 - 측면충돌,안전운전불이행,건조,맑음,기타 - 기타,건설기계,남,63세,상해없음,승용,여,56세,경상
2022051700100167,2022년 5월 17일 10시,화요일,전라북도 전주시 완산구 효자동2가,경상사고,0,0,1,0,차대차 - 측면충돌,안전운전불이행,건조,맑음,단일로 - 기타,화물,남,63세,상해없음,승용,남,39세,경상
2022051700100168,2022년 5월 17일 10시,화요일,전라북도 전주시 완산구 서서학동,경상사고,0,0,1,0,차대차 - 측면충돌,안전운전불이행,건조,맑음,단일로 - 기타,승합,남,54세,상해없음,승용,남,31세,경상
2022051700100233,2022년 5월 17일 12시,화요일,전라북도 전주시 완산구 효자동3가,경상사고,0,0,1,0,차대사람 - 보도통행중,기타,건조,맑음,단일로 - 기타,승용,남,23세,상해없음,보행자,여,21세,경상
2022051700100234,2022년 5월 17일 12시,화요일,전라북도 군산시 개정면,부상신고사고,0,0,0,1,차량단독 - 공작물충돌,안전운전불이행,건조,맑음,단일로 - 기타,승용,여,23세,부상신고,,,,
2022051700100235,2022년 5월 17일 12시,화요일,전라북도 익산시 금마면,중상사고,0,2,0,0,차대차 - 측면충돌,중앙선침범,건조,맑음,단일로 - 기타,승용,남,48세,상해없음,이륜,남,72세,중상
2022051700100236,2022년 5월 17일 12시,화요일,전라북도 완주군 삼례읍,경상사고,0,0,1,0,차대차 - 추돌,안전운전불이행,건조,맑음,단일로 - 기타,승용,남,58세,상해없음,화물,남,43세,경상
2022051700100304,2022년 5월 17일 14시,화요일,전라북도 전주시 완산구 중화산동2가,중상사고,0,1,0,0,차대차 - 측면충돌,안전운전불이행,건조,맑음,교차로 - 교차로안,승용,여,51세,상해없음,자전거,남,80세,중상
2022051700100305,2022년 5월 17일 14시,화요일,전라북도 군산시 미장동,경상사고,0,0,1,0,차대차 - 측면충돌,안전운전불이행,건조,맑음,교차로 - 교차로안,승용,남,56세,상해없음,자전거,남,19세,경상
2022051700100337,2022년 5월 17일 15시,화요일,전라북도 군산시 대명동,부상신고사고,0,0,0,1,차대차 - 기타,안전운전불이행,건조,맑음,단일로 - 기타,자전거,남,75세,부상신고,승용,남,40세,상해없음
2022051700100338,2022년 5월 17일 15시,화요일,전라북도 정읍시 수성동,경상사고,0,0,2,0,차대차 - 기타,신호위반,건조,맑음,교차로 - 교차로안,승용,남,22세,상해없음,승용,남,65세,경상
2022051700100339,2022년 5월 17일 15시,화요일,전라북도 김제시 죽산면,중상사고,0,1,0,0,차대차 - 측면충돌,안전운전불이행,건조,맑음,교차로 - 교차로부근,화물,남,64세,상해없음,농기계,남,63세,중상
2022051700100340,2022년 5월 17일 15시,화요일,전라북도 고창군 고창읍,중상사고,0,1,1,0,차대차 - 측면충돌,신호위반,건조,맑음,교차로 - 교차로안,건설기계,남,65세,상해없음,승용,남,75세,경상
2022051700100421,2022년 5월 17일 17시,화요일,전라북도 전주시 완산구 경원동1가,중상사고,0,1,0,0,차대사람 - 횡단중,안전운전불이행,건조,맑음,단일로 - 기타,승용,남,52세,상해없음,보행자,남,4세,중상
2022051700100422,2022년 5월 17일 17시,화요일,전라북도 전주시 완산구 중인동,경상사고,0,0,1,0,차대차 - 정면충돌,중앙선침범,건조,맑음,단일로 - 기타,승용,남,42세,상해없음,승용,남,50세,경상
2022051700100423,2022년 5월 17일 17시,화요일,전라북도 군산시 나운동,경상사고,0,0,1,0,차대사람 - 보도통행중,보행자보호의무위반,건조,맑음,교차로 - 교차로안,승용,남,56세,상해없음,보행자,남,9세,경상
2022051700100424,2022년 5월 17일 17시,화요일,전라북도 익산시 황등면,경상사고,0,0,1,0,차대차 - 기타,교차로운행방법위반,건조,맑음,교차로 - 교차로부근,화물,남,37세,상해없음,승용,남,33세,경상
2022051700100425,2022년 5월 17일 17시,화요일,전라북도 익산시 영등동,중상사고,0,1,0,0,차대사람 - 횡단중,보행자보호의무위반,건조,맑음,교차로 - 교차로횡단보도내,승용,여,38세,상해없음,보행자,여,12세,중상
2022051700100426,2022년 5월 17일 17시,화요일,전라북도 고창군 고창읍,중상사고,0,1,1,0,차대차 - 측면충돌,교차로운행방법위반,건조,맑음,교차로 - 교차로안,승합,여,33세,상해없음,승용,여,61세,경상
2022051700100478,2022년 5월 17일 18시,화요일,전라북도 전주시 완산구 고사동,경상사고,0,0,1,0,차대사람 - 횡단중,보행자보호의무위반,건조,맑음,단일로 - 기타,승합,남,50세,상해없음,보행자,여,19세,경상
2022051700100479,2022년 5월 17일 18시,화요일,전라북도 전주시 덕진구 반월동,경상사고,0,0,1,0,차대차 - 측면충돌,신호위반,건조,맑음,교차로 - 교차로안,승용,남,48세,상해없음,승용,남,63세,경상
2022051700100480,2022년 5월 17일 18시,화요일,전라북도 군산시 조촌동,경상사고,0,0,1,0,차대사람 - 차도통행중,안전운전불이행,건조,맑음,교차로 - 교차로안,승용,여,43세,상해없음,보행자,여,18세,경상
2022051700100540,2022년 5월 17일 20시,화요일,전라북도 군산시 수송동,중상사고,0,1,1,0,차대차 - 측면충돌,신호위반,건조,맑음,교차로 - 교차로안,이륜,남,17세,경상,이륜,남,69세,중상
2022051700100541,2022년 5월 17일 20시,화요일,전라북도 정읍시 태인면,경상사고,0,0,1,0,차대차 - 측면충돌,안전거리미확보,건조,맑음,단일로 - 기타,승용,여,23세,상해없음,자전거,여,69세,경상
2022051700100564,2022년 5월 17일 21시,화요일,전라북도 전주시 덕진구 우아동3가,경상사고,0,0,1,0,차대사람 - 차도통행중,안전운전불이행,건조,맑음,단일로 - 기타,승용,남,57세,상해없음,보행자,남,52세,경상
2022051700100587,2022년 5월 17일 22시,화요일,전라북도 완주군 이서면,경상사고,0,0,1,0,차대차 - 기타,안전거리미확보,건조,맑음,단일로 - 기타,승용,남,29세,상해없음,승용,남,25세,경상
2022051800100054,2022년 5월 18일 06시,수요일,전라북도 정읍시 신태인읍,경상사고,0,0,1,0,차대차 - 측면충돌,직진우회전진행방해,건조,맑음,교차로 - 교차로안,화물,남,63세,상해없음,승용,남,67세,경상
2022051800100075,2022년 5월 18일 07시,수요일,전라북도 전주시 덕진구 송천동2가,경상사고,0,0,1,0,차대차 - 측면충돌,신호위반,건조,맑음,교차로 - 교차로안,승용,여,57세,상해없음,승용,남,43세,경상
2022051800100105,2022년 5월 18일 08시,수요일,전라북도 전주시 완산구 효자동1가,경상사고,0,0,1,0,차대사람 - 횡단중,안전운전불이행,건조,맑음,단일로 - 기타,승용,여,60세,상해없음,보행자,남,55세,경상
2022051800100180,2022년 5월 18일 10시,수요일,전라북도 임실군 오수면,중상사고,0,1,0,0,차대사람 - 차도통행중,안전운전불이행,건조,맑음,단일로 - 기타,화물,남,65세,상해없음,보행자,여,79세,중상
2022051800100256,2022년 5월 18일 13시,수요일,전라북도 익산시 춘포면,경상사고,0,0,1,0,차대차 - 후진중충돌,안전운전불이행,건조,맑음,단일로 - 기타,화물,남,61세,상해없음,승용,여,62세,경상
2022051800100287,2022년 5월 18일 14시,수요일,전라북도 전주시 완산구 서신동,중상사고,0,1,0,0,차대차 - 측면충돌,안전운전불이행,건조,맑음,교차로 - 교차로안,승용,여,52세,상해없음,이륜,남,39세,중상
2022051800100433,2022년 5월 18일 17시,수요일,전라북도 익산시 마동,중상사고,0,1,0,0,차대사람 - 횡단중,안전운전불이행,건조,맑음,교차로 - 교차로부근,승용,남,36세,상해없음,보행자,여,80세,중상
2022051800100434,2022년 5월 18일 17시,수요일,전라북도 김제시 공덕면,경상사고,0,0,1,0,차대차 - 측면충돌,안전운전불이행,건조,맑음,단일로 - 기타,승용,여,54세,상해없음,이륜,남,59세,경상
2022051800100481,2022년 5월 18일 18시,수요일,전라북도 전주시 완산구 중화산동2가,경상사고,0,0,1,0,차대차 - 측면충돌,직진우회전진행방해,건조,맑음,교차로 - 교차로안,승용,남,31세,상해없음,이륜,남,25세,경상
2022051800100482,2022년 5월 18일 18시,수요일,전라북도 전주시 완산구 남노송동,경상사고,0,0,1,0,차대차 - 측면충돌,신호위반,건조,맑음,교차로 - 교차로안,승용,남,64세,상해없음,승용,남,62세,경상
2022051800100483,2022년 5월 18일 18시,수요일,전라북도 전주시 완산구 중화산동2가,경상사고,0,0,4,0,차대차 - 기타,안전운전불이행,건조,맑음,교차로 - 교차로안,승용,남,33세,상해없음,승용,남,51세,경상
2022051800100484,2022년 5월 18일 18시,수요일,전라북도 군산시 지곡동,중상사고,0,1,0,0,차대차 - 기타,안전운전불이행,건조,맑음,기타 - 기타,승용,여,39세,상해없음,자전거,남,8세,중상
2022051800100524,2022년 5월 18일 19시,수요일,전라북도 익산시 영등동,경상사고,0,0,1,0,차대차 - 측면충돌,안전운전불이행,건조,맑음,단일로 - 기타,승용,여,44세,상해없음,개인형이동수단(PM),여,27세,경상
2022051800100593,2022년 5월 18일 22시,수요일,전라북도 전주시 완산구 중화산동2가,중상사고,0,1,0,0,차대사람 - 횡단중,안전운전불이행,건조,맑음,교차로 - 교차로안,승용,남,56세,상해없음,보행자,남,44세,중상
2022051900100052,2022년 5월 19일 06시,목요일,전라북도 익산시 남중동,경상사고,0,0,1,0,차대차 - 측면충돌,안전운전불이행,건조,맑음,교차로 - 교차로횡단보도내,승용,남,64세,상해없음,자전거,남,64세,경상
2022051900100053,2022년 5월 19일 06시,목요일,전라북도 익산시 평화동,경상사고,0,0,1,0,차대사람 - 기타,안전운전불이행,건조,맑음,단일로 - 기타,승합,남,58세,상해없음,보행자,여,66세,경상
2022051900100084,2022년 5월 19일 07시,목요일,전라북도 익산시 마동,중상사고,0,1,0,0,차대차 - 측면충돌,안전운전불이행,건조,맑음,교차로 - 교차로안,승용,여,46세,상해없음,자전거,남,75세,중상
2022051900100085,2022년 5월 19일 07시,목요일,전라북도 순창군 팔덕면,경상사고,0,0,1,0,차대차 - 기타,안전운전불이행,건조,맑음,단일로 - 기타,농기계,남,67세,상해없음,화물,여,59세,경상
2022051900100121,2022년 5월 19일 08시,목요일,전라북도 김제시 요촌동,경상사고,0,0,1,0,차대사람 - 횡단중,보행자보호의무위반,건조,맑음,교차로 - 교차로횡단보도내,승용,여,44세,상해없음,보행자,여,50세,경상
2022051900100239,2022년 5월 19일 12시,목요일,전라북도 군산시 수송동,경상사고,0,0,1,0,차대차 - 추돌,안전운전불이행,건조,맑음,교차로 - 교차로안,승용,남,65세,상해없음,승용,여,56세,경상
2022051900100269,2022년 5월 19일 13시,목요일,전라북도 임실군 임실읍,경상사고,0,0,1,0,차대차 - 정면충돌,안전운전불이행,건조,맑음,단일로 - 기타,승용,남,47세,상해없음,이륜,남,26세,경상
2022051900100295,2022년 5월 19일 14시,목요일,전라북도 전주시 덕진구 송천동2가,중상사고,0,1,0,0,차대차 - 측면충돌,신호위반,건조,맑음,교차로 - 교차로안,승용,여,30세,상해없음,이륜,남,17세,중상
2022051900100319,2022년 5월 19일 15시,목요일,전라북도 완주군 상관면,중상사고,0,1,0,0,차대차 - 기타,교차로운행방법위반,건조,맑음,교차로 - 교차로안,승용,남,61세,상해없음,자전거,남,72세,중상
2022051900100501,2022년 5월 19일 20시,목요일,전라북도 군산시 수송동,경상사고,0,0,1,0,차대차 - 측면충돌,안전운전불이행,건조,맑음,단일로 - 지하차도(도로)내,승용,남,66세,상해없음,이륜,여,32세,경상
2022052000100020,2022년 5월 20일 01시,금요일,전라북도 전주시 완산구 효자동1가,경상사고,0,0,3,0,차대차 - 추돌,안전운전불이행,건조,맑음,단일로 - 기타,승용,여,27세,상해없음,승용,남,57세,경상
2022052000100021,2022년 5월 20일 01시,금요일,전라북도 전주시 완산구 석구동,경상사고,0,0,2,0,차량단독 - 기타,기타,건조,맑음,단일로 - 기타,기타불명,기타불명,미분류,기타불명,,,,
2022052000100022,2022년 5월 20일 01시,금요일,전라북도 전주시 덕진구 송천동2가,경상사고,0,0,2,0,차대차 - 추돌,안전운전불이행,건조,맑음,교차로 - 교차로부근,승용,남,51세,상해없음,승용,남,68세,경상
2022052000100054,2022년 5월 20일 06시,금요일,전라북도 익산시 함열읍,경상사고,0,0,1,0,차대차 - 추돌,안전운전불이행,건조,맑음,교차로 - 교차로부근,화물,남,61세,상해없음,승용,남,62세,경상
2022052000100079,2022년 5월 20일 07시,금요일,전라북도 전주시 덕진구 송천동2가,경상사고,0,0,1,0,차대차 - 측면충돌,안전운전불이행,건조,맑음,교차로 - 교차로횡단보도내,승용,여,32세,상해없음,자전거,여,56세,경상
2022052000100122,2022년 5월 20일 08시,금요일,전라북도 전주시 덕진구 팔복동3가,중상사고,0,1,0,0,차대차 - 측면충돌,신호위반,건조,맑음,교차로 - 교차로횡단보도내,승용,남,29세,상해없음,자전거,남,77세,중상
2022052000100123,2022년 5월 20일 08시,금요일,전라북도 정읍시 수성동,중상사고,0,1,0,0,차대사람 - 횡단중,신호위반,건조,맑음,교차로 - 교차로안,승용,여,60세,상해없음,보행자,여,71세,중상
2022052000100156,2022년 5월 20일 09시,금요일,전라북도 정읍시 시기동,중상사고,0,1,0,0,차대차 - 기타,안전운전불이행,건조,맑음,단일로 - 기타,승용,남,75세,상해없음,자전거,여,81세,중상
2022052000100185,2022년 5월 20일 10시,금요일,전라북도 군산시 수송동,경상사고,0,0,2,0,차대차 - 측면충돌,신호위반,건조,맑음,교차로 - 교차로부근,승용,여,66세,상해없음,승용,남,38세,경상
2022052000100208,2022년 5월 20일 11시,금요일,전라북도 순창군 순창읍,경상사고,0,0,1,0,차대차 - 측면충돌,중앙선침범,건조,맑음,교차로 - 교차로부근,승용,여,62세,상해없음,승용,여,56세,경상
2022052000100238,2022년 5월 20일 12시,금요일,전라북도 전주시 덕진구 장동,경상사고,0,0,1,0,차대차 - 후진중충돌,안전운전불이행,건조,맑음,주차장 - 주차장,승용,남,61세,상해없음,승용,여,50세,경상
2022052000100269,2022년 5월 20일 13시,금요일,전라북도 군산시 조촌동,경상사고,0,0,1,0,차대차 - 추돌,안전운전불이행,건조,맑음,교차로 - 교차로부근,승용,여,41세,상해없음,승용,남,47세,경상
2022052000100396,2022년 5월 20일 16시,금요일,전라북도 익산시 함열읍,경상사고,0,0,1,0,차대차 - 기타,신호위반,건조,맑음,교차로 - 교차로안,건설기계,남,67세,상해없음,승용,여,60세,경상
2022052000100451,2022년 5월 20일 17시,금요일,전라북도 전주시 완산구 상림동,경상사고,0,0,1,0,차대차 - 추돌,안전운전불이행,건조,맑음,교차로 - 교차로안,승합,남,63세,상해없음,승용,여,39세,경상
2022052000100452,2022년 5월 20일 17시,금요일,전라북도 김제시 검산동,경상사고,0,0,2,0,차대사람 - 횡단중,보행자보호의무위반,건조,맑음,교차로 - 교차로횡단보도내,승용,남,62세,상해없음,보행자,남,38세,경상
2022052000100593,2022년 5월 20일 20시,금요일,전라북도 김제시 서암동,경상사고,0,0,1,0,차대차 - 추돌,안전운전불이행,건조,흐림,단일로 - 기타,승용,남,80세,상해없음,농기계,남,43세,경상
2022052000100653,2022년 5월 20일 22시,금요일,전라북도 김제시 검산동,경상사고,0,0,1,0,차대차 - 측면충돌,신호위반,건조,맑음,교차로 - 교차로안,승용,남,49세,상해없음,이륜,남,24세,경상
2022052000100674,2022년 5월 20일 23시,금요일,전라북도 익산시 금강동,중상사고,0,1,1,0,차대차 - 측면충돌,신호위반,건조,맑음,교차로 - 교차로안,승용,남,29세,상해없음,승용,남,50세,중상
2022052100100053,2022년 5월 21일 03시,토요일,전라북도 전주시 덕진구 송천동1가,경상사고,0,0,1,0,차대차 - 측면충돌,안전운전불이행,건조,맑음,교차로 - 교차로부근,승용,남,23세,상해없음,승용,남,38세,경상
2022052100100079,2022년 5월 21일 07시,토요일,전라북도 전주시 덕진구 팔복동2가,경상사고,0,0,1,0,차대사람 - 차도통행중,안전운전불이행,건조,맑음,교차로 - 교차로안,승용,남,38세,상해없음,보행자,남,70세,경상
2022052100100097,2022년 5월 21일 08시,토요일,전라북도 군산시 오식도동,경상사고,0,0,1,0,차대차 - 추돌,안전운전불이행,건조,맑음,교차로 - 교차로부근,화물,남,51세,상해없음,승용,여,37세,경상
2022052100100123,2022년 5월 21일 09시,토요일,전라북도 김제시 난봉동,경상사고,0,0,2,0,차대차 - 추돌,안전운전불이행,건조,맑음,단일로 - 지하차도(도로)내,승용,남,48세,상해없음,승용,여,58세,경상
2022052100100157,2022년 5월 21일 10시,토요일,전라북도 전주시 완산구 중화산동2가,경상사고,0,0,1,0,차대사람 - 횡단중,보행자보호의무위반,건조,맑음,교차로 - 교차로횡단보도내,승용,남,61세,상해없음,보행자,남,52세,경상
2022052100100246,2022년 5월 21일 12시,토요일,전라북도 전주시 덕진구 송천동1가,경상사고,0,0,1,0,차대차 - 측면충돌,안전거리미확보,건조,맑음,단일로 - 기타,승용,남,58세,상해없음,원동기,남,38세,경상
2022052100100284,2022년 5월 21일 13시,토요일,전라북도 전주시 완산구 삼천동1가,경상사고,0,0,2,0,차대차 - 추돌,안전운전불이행,건조,맑음,주차장 - 주차장,승용,여,41세,상해없음,승용,남,39세,경상
2022052100100331,2022년 5월 21일 14시,토요일,전라북도 전주시 덕진구 인후동1가,경상사고,0,0,1,0,차대차 - 측면충돌,안전거리미확보,건조,맑음,단일로 - 기타,화물,남,32세,상해없음,원동기,남,24세,경상
2022052100100370,2022년 5월 21일 15시,토요일,전라북도 전주시 덕진구 팔복동3가,경상사고,0,0,2,0,차대차 - 추돌,안전운전불이행,건조,맑음,교차로 - 교차로횡단보도내,승용,남,61세,상해없음,승용,남,76세,경상
2022052100100371,2022년 5월 21일 15시,토요일,전라북도 부안군 줄포면,경상사고,0,0,3,0,차대차 - 측면충돌,안전운전불이행,건조,맑음,교차로 - 교차로안,승합,남,66세,경상,승용,여,52세,경상
2022052100100442,2022년 5월 21일 17시,토요일,전라북도 군산시 옥산면,경상사고,0,0,1,0,차대차 - 측면충돌,안전운전불이행,건조,맑음,교차로 - 교차로안,승용,남,53세,상해없음,자전거,여,79세,경상
2022052100100479,2022년 5월 21일 18시,토요일,전라북도 완주군 봉동읍,중상사고,0,1,0,0,차대차 - 추돌,신호위반,건조,맑음,교차로 - 교차로안,승용,여,24세,상해없음,자전거,남,80세,중상
2022052100100538,2022년 5월 21일 20시,토요일,전라북도 순창군 순창읍,경상사고,0,0,1,0,차대차 - 기타,안전운전불이행,건조,맑음,교차로 - 교차로부근,승용,남,65세,상해없음,자전거,남,67세,경상
2022052100100562,2022년 5월 21일 21시,토요일,전라북도 전주시 덕진구 송천동2가,경상사고,0,0,1,0,차대차 - 측면충돌,안전운전불이행,건조,맑음,기타 - 기타,승용,남,42세,상해없음,승용,여,20세,경상
2022052200100038,2022년 5월 22일 03시,일요일,전라북도 고창군 고창읍,경상사고,0,0,3,0,차대차 - 추돌,안전거리미확보,건조,맑음,단일로 - 교량,승용,남,41세,상해없음,화물,남,58세,경상
2022052200100064,2022년 5월 22일 07시,일요일,전라북도 정읍시 영원면,경상사고,0,0,1,0,차대차 - 측면충돌,신호위반,건조,맑음,교차로 - 교차로안,화물,남,49세,상해없음,승용,여,74세,경상
2022052200100075,2022년 5월 22일 08시,일요일,전라북도 고창군 상하면,중상사고,0,1,0,0,차대사람 - 기타,안전운전불이행,젖음/습기,맑음,기타 - 기타,화물,여,49세,상해없음,보행자,여,68세,중상
2022052200100101,2022년 5월 22일 10시,일요일,전라북도 전주시 완산구 평화동2가,경상사고,0,0,2,0,차대차 - 정면충돌,신호위반,건조,맑음,교차로 - 교차로안,승용,남,75세,상해없음,승용,남,79세,경상
2022052200100133,2022년 5월 22일 11시,일요일,전라북도 군산시 신관동,경상사고,0,0,2,0,차대차 - 기타,안전거리미확보,건조,맑음,기타 - 기타,승용,남,74세,상해없음,승용,여,26세,경상
2022052200100134,2022년 5월 22일 11시,일요일,전라북도 무주군 무주읍,경상사고,0,0,6,0,차대차 - 기타,중앙선침범,건조,맑음,단일로 - 지하차도(도로)내,승용,남,62세,상해없음,승용,남,36세,경상
2022052200100165,2022년 5월 22일 12시,일요일,전라북도 김제시 순동,경상사고,0,0,1,0,차대차 - 측면충돌,불법유턴,건조,맑음,교차로 - 교차로부근,승용,남,68세,상해없음,승용,남,41세,경상
2022052200100234,2022년 5월 22일 14시,일요일,전라북도 순창군 동계면,부상신고사고,0,0,0,1,차대사람 - 기타,안전운전불이행,건조,맑음,단일로 - 기타,기타불명,기타불명,미분류,기타불명,보행자,남,46세,부상신고
2022052200100302,2022년 5월 22일 16시,일요일,전라북도 전주시 덕진구 덕진동2가,경상사고,0,0,1,0,차대차 - 기타,안전운전불이행,건조,맑음,단일로 - 기타,승용,여,28세,상해없음,승용,남,51세,경상
2022052200100349,2022년 5월 22일 17시,일요일,전라북도 부안군 변산면,중상사고,0,1,0,0,차대사람 - 보도통행중,안전운전불이행,건조,맑음,단일로 - 기타,승용,남,71세,상해없음,보행자,여,67세,중상
2022052200100379,2022년 5월 22일 18시,일요일,전라북도 전주시 완산구 효자동1가,중상사고,0,1,1,0,차대차 - 정면충돌,안전운전불이행,건조,맑음,주차장 - 주차장,승용,여,70세,경상,승용,남,81세,기타불명
2022052200100380,2022년 5월 22일 18시,일요일,전라북도 익산시 송학동,경상사고,0,0,4,0,차대차 - 측면충돌,안전운전불이행,건조,맑음,교차로 - 교차로안,승용,남,70세,상해없음,승용,남,61세,경상
2022052200100408,2022년 5월 22일 19시,일요일,전라북도 전주시 덕진구 반월동,경상사고,0,0,1,0,차대사람 - 횡단중,신호위반,건조,맑음,단일로 - 기타,승용,남,37세,상해없음,보행자,여,23세,경상
2022052200100475,2022년 5월 22일 22시,일요일,전라북도 부안군 부안읍,경상사고,0,0,1,0,차대사람 - 횡단중,보행자보호의무위반,건조,맑음,교차로 - 교차로횡단보도내,승용,남,18세,상해없음,보행자,남,59세,경상
2022052300100033,2022년 5월 23일 05시,월요일,전라북도 완주군 봉동읍,경상사고,0,0,2,0,차대차 - 측면충돌,신호위반,건조,맑음,교차로 - 교차로안,승용,남,67세,경상,승용,남,33세,경상