사고번호,사고일시,요일,시군구,사고내용,사망자수,중상자수,경상자수,부상신고자수,사고유형,법규위반,노면상태,기상상태,도로형태,가해운전자 차종,가해운전자 성별,가해운전자 연령,가해운전자 상해정도,피해운전자 차종,피해운전자 성별,피해운전자 연령,피해운전자 상해정도
2022060600100263,2022년 6월 6일 15시,월요일,전라북도 군산시 대야면,경상사고,0,0,1,0,차대사람 - 기타,불법유턴,건조,맑음,기타 - 기타,승용,남,75세,상해없음,보행자,여,66세,경상
2022060600100299,2022년 6월 6일 16시,월요일,전라북도 익산시 신동,경상사고,0,0,1,0,차대사람 - 보도통행중,기타,건조,맑음,단일로 - 기타,승용,여,62세,상해없음,보행자,남,38세,경상
2022060600100300,2022년 6월 6일 16시,월요일,전라북도 정읍시 시기동,경상사고,0,0,1,0,차대차 - 측면충돌,신호위반,건조,맑음,교차로 - 교차로안,화물,남,48세,상해없음,화물,남,66세,경상
2022060600100328,2022년 6월 6일 17시,월요일,전라북도 전주시 완산구 태평동,경상사고,0,0,1,0,차대차 - 측면충돌,안전거리미확보,건조,맑음,단일로 - 기타,승용,남,22세,상해없음,승용,남,44세,상해없음
2022060600100415,2022년 6월 6일 20시,월요일,전라북도 전주시 완산구 효자동2가,중상사고,0,1,0,0,차대차 - 측면충돌,안전운전불이행,건조,맑음,교차로 - 교차로안,승용,여,40세,상해없음,이륜,남,25세,중상
2022060600100416,2022년 6월 6일 20시,월요일,전라북도 군산시 조촌동,중상사고,0,1,0,0,차대차 - 정면충돌,신호위반,건조,맑음,교차로 - 교차로안,승용,남,48세,상해없음,이륜,남,56세,중상
2022060600100417,2022년 6월 6일 20시,월요일,전라북도 군산시 나운동,경상사고,0,0,1,0,차대차 - 측면충돌,교차로운행방법위반,건조,맑음,교차로 - 교차로안,승용,남,32세,상해없음,이륜,남,20세,경상
2022060600100418,2022년 6월 6일 20시,월요일,전라북도 정읍시 시기동,경상사고,0,0,1,0,차대차 - 측면충돌,신호위반,건조,맑음,교차로 - 교차로안,승용,여,58세,상해없음,승합,남,61세,경상
2022060700100034,2022년 6월 7일 06시,화요일,전라북도 부안군 줄포면,경상사고,0,0,1,0,차량단독 - 전도전복 - 전도,안전운전불이행,건조,흐림,단일로 - 지하차도(도로)내,이륜,남,57세,경상,,,,
2022060700100143,2022년 6월 7일 09시,화요일,전라북도 전주시 덕진구 송천동1가,경상사고,0,0,1,0,차대차 - 기타,신호위반,건조,맑음,교차로 - 교차로안,승용,여,30세,상해없음,승용,남,60세,경상
2022060700100144,2022년 6월 7일 09시,화요일,전라북도 임실군 임실읍,사망사고,1,0,0,0,차량단독 - 공작물충돌,안전운전불이행,건조,흐림,단일로 - 지하차도(도로)내,이륜,남,85세,사망,,,,
2022060700100206,2022년 6월 7일 11시,화요일,전라북도 전주시 덕진구 송천동2가,경상사고,0,0,1,0,차대차 - 추돌,안전운전불이행,건조,맑음,교차로 - 교차로부근,승용,남,87세,상해없음,승용,남,56세,경상
2022060700100284,2022년 6월 7일 14시,화요일,전라북도 부안군 행안면,경상사고,0,0,1,0,차대차 - 기타,불법유턴,젖음/습기,비,교차로 - 교차로안,승용,여,33세,상해없음,화물,남,66세,경상
2022060700100439,2022년 6월 7일 18시,화요일,전라북도 전주시 덕진구 송천동2가,경상사고,0,0,2,0,차대차 - 추돌,안전운전불이행,젖음/습기,비,단일로 - 기타,승용,남,57세,상해없음,승용,여,36세,경상
2022060700100495,2022년 6월 7일 20시,화요일,전라북도 익산시 춘포면,경상사고,0,0,1,0,차대차 - 측면충돌,기타,젖음/습기,비,교차로 - 교차로안,승용,남,57세,상해없음,승용,남,62세,경상
2022060700100496,2022년 6월 7일 20시,화요일,전라북도 부안군 부안읍,중상사고,0,1,2,0,차대차 - 측면충돌,교차로운행방법위반,젖음/습기,비,교차로 - 교차로안,화물,남,56세,상해없음,승용,남,29세,경상
2022060700100497,2022년 6월 7일 20시,화요일,전라북도 순창군 쌍치면,부상신고사고,0,0,0,1,차대차 - 추돌,안전운전불이행,젖음/습기,비,단일로 - 기타,화물,남,59세,부상신고,화물,남,39세,상해없음
2022060700100528,2022년 6월 7일 21시,화요일,전라북도 정읍시 연지동,중상사고,0,1,0,0,차대사람 - 횡단중,안전운전불이행,젖음/습기,비,단일로 - 기타,화물,남,64세,상해없음,보행자,남,70세,중상
2022060800100010,2022년 6월 8일 00시,수요일,전라북도 군산시 경암동,경상사고,0,0,1,0,차대차 - 기타,직진우회전진행방해,건조,맑음,교차로 - 교차로안,승용,여,50세,상해없음,승용,남,38세,경상
2022060800100072,2022년 6월 8일 07시,수요일,전라북도 익산시 마동,경상사고,0,0,1,0,차대차 - 측면충돌,안전운전불이행,건조,맑음,단일로 - 기타,승용,여,52세,상해없음,이륜,남,22세,경상
2022060800100101,2022년 6월 8일 08시,수요일,전라북도 군산시 나운동,경상사고,0,0,2,0,차대차 - 측면충돌,교차로운행방법위반,건조,맑음,교차로 - 교차로부근,승합,남,66세,상해없음,개인형이동수단(PM),남,15세,경상
2022060800100137,2022년 6월 8일 09시,수요일,전라북도 전주시 덕진구 우아동1가,경상사고,0,0,1,0,차대사람 - 기타,안전운전불이행,건조,맑음,단일로 - 기타,화물,남,61세,상해없음,보행자,남,61세,경상
2022060800100170,2022년 6월 8일 10시,수요일,전라북도 부안군 부안읍,사망사고,1,0,0,0,차대사람 - 횡단중,보행자보호의무위반,건조,맑음,교차로 - 교차로횡단보도내,화물,남,56세,상해없음,보행자,여,79세,사망
2022060800100200,2022년 6월 8일 11시,수요일,전라북도 전주시 덕진구 우아동3가,경상사고,0,0,1,0,차대차 - 추돌,안전운전불이행,건조,맑음,단일로 - 기타,승용,남,57세,상해없음,승용,여,37세,경상
2022060800100201,2022년 6월 8일 11시,수요일,전라북도 익산시 성당면,중상사고,0,1,2,0,차대차 - 정면충돌,신호위반,건조,맑음,교차로 - 교차로안,승용,여,64세,상해없음,화물,남,74세,경상
2022060800100280,2022년 6월 8일 14시,수요일,전라북도 전주시 완산구 경원동1가,경상사고,0,0,1,0,차량단독 - 기타,안전운전불이행,건조,맑음,단일로 - 기타,승합,남,55세,상해없음,,,,
2022060800100281,2022년 6월 8일 14시,수요일,전라북도 전주시 덕진구 장동,경상사고,0,0,1,0,차대차 - 측면충돌,안전운전불이행,건조,맑음,교차로 - 교차로안,승용,여,36세,상해없음,승용,여,40세,경상
2022060800100282,2022년 6월 8일 14시,수요일,전라북도 완주군 봉동읍,중상사고,0,1,0,0,차대차 - 측면충돌,안전운전불이행,건조,맑음,교차로 - 교차로안,화물,남,69세,상해없음,자전거,여,77세,중상
2022060800100312,2022년 6월 8일 15시,수요일,전라북도 전주시 덕진구 반월동,경상사고,0,0,1,0,차대차 - 측면충돌,차로위반,건조,맑음,교차로 - 교차로부근,승용,여,67세,상해없음,승용,여,50세,경상
2022060800100313,2022년 6월 8일 15시,수요일,전라북도 군산시 소룡동,경상사고,0,0,1,0,차대사람 - 횡단중,안전운전불이행,건조,맑음,단일로 - 지하차도(도로)내,특수,남,42세,상해없음,보행자,남,62세,경상
2022060800100348,2022년 6월 8일 16시,수요일,전라북도 익산시 모현동1가,경상사고,0,0,1,0,차대차 - 측면충돌,신호위반,건조,맑음,교차로 - 교차로안,이륜,남,40세,상해없음,승용,여,41세,상해없음
2022060800100387,2022년 6월 8일 17시,수요일,전라북도 전주시 덕진구 만성동,경상사고,0,0,1,0,차대차 - 측면충돌,안전거리미확보,건조,맑음,교차로 - 교차로안,승용,여,32세,상해없음,승용,남,33세,경상
2022060800100388,2022년 6월 8일 17시,수요일,전라북도 군산시 대야면,중상사고,0,1,0,0,차대차 - 측면충돌,직진우회전진행방해,건조,맑음,교차로 - 교차로안,승용,여,64세,상해없음,이륜,남,27세,중상
2022060800100389,2022년 6월 8일 17시,수요일,전라북도 완주군 봉동읍,경상사고,0,0,1,0,차대차 - 측면충돌,안전운전불이행,건조,맑음,단일로 - 기타,승용,여,41세,상해없음,승용,남,30세,경상
2022060800100437,2022년 6월 8일 18시,수요일,전라북도 군산시 미룡동,경상사고,0,0,3,0,차대차 - 측면충돌,신호위반,건조,맑음,교차로 - 교차로안,승용,여,27세,경상,승용,남,31세,경상
2022060800100500,2022년 6월 8일 20시,수요일,전라북도 전주시 덕진구 금암동,경상사고,0,0,1,0,차대사람 - 기타,안전운전불이행,건조,맑음,단일로 - 기타,승용,남,71세,상해없음,보행자,여,70세,경상
2022060800100525,2022년 6월 8일 21시,수요일,전라북도 진안군 백운면,중상사고,0,1,0,0,차대사람 - 보도통행중,보행자보호의무위반,건조,맑음,교차로 - 교차로횡단보도내,승용,여,47세,상해없음,보행자,남,68세,중상
2022060900100061,2022년 6월 9일 07시,목요일,전라북도 전주시 덕진구 팔복동2가,중상사고,0,1,0,0,차대사람 - 횡단중,안전운전불이행,건조,맑음,교차로 - 교차로횡단보도내,화물,남,61세,상해없음,보행자,여,63세,중상
2022060900100062,2022년 6월 9일 07시,목요일,전라북도 부안군 상서면,중상사고,0,1,0,0,차대차 - 측면충돌,안전운전불이행,건조,맑음,단일로 - 기타,화물,남,33세,상해없음,자전거,남,79세,중상
2022060900100095,2022년 6월 9일 08시,목요일,전라북도 군산시 미장동,경상사고,0,0,1,0,차대차 - 측면충돌,안전운전불이행,건조,맑음,교차로 - 교차로부근,승용,남,65세,경상,승용,남,79세,기타불명
2022060900100096,2022년 6월 9일 08시,목요일,전라북도 군산시 문화동,경상사고,0,0,1,0,차대차 - 추돌,차로위반,건조,맑음,교차로 - 교차로안,승용,여,26세,기타불명,승합,남,62세,경상
2022060900100097,2022년 6월 9일 08시,목요일,전라북도 정읍시 시기동,경상사고,0,0,1,0,차대차 - 측면충돌,안전거리미확보,건조,맑음,기타 - 기타,승용,여,34세,상해없음,승용,여,24세,경상
2022060900100170,2022년 6월 9일 10시,목요일,전라북도 고창군 흥덕면,중상사고,0,1,1,0,차대차 - 정면충돌,신호위반,건조,맑음,교차로 - 교차로안,승용,여,54세,상해없음,승용,남,26세,중상
2022060900100248,2022년 6월 9일 13시,목요일,전라북도 군산시 오식도동,부상신고사고,0,0,0,1,차대사람 - 기타,안전운전불이행,건조,맑음,교차로 - 교차로횡단보도내,특수,남,72세,상해없음,보행자,남,51세,부상신고
2022060900100271,2022년 6월 9일 14시,목요일,전라북도 군산시 대야면,경상사고,0,0,3,0,차대차 - 추돌,안전운전불이행,건조,맑음,단일로 - 기타,승용,남,40세,경상,승용,남,64세,경상
2022060900100272,2022년 6월 9일 14시,목요일,전라북도 익산시 창인동1가,경상사고,0,0,1,0,차대사람 - 길가장자리구역통행중,안전운전불이행,건조,맑음,단일로 - 기타,승용,여,67세,상해없음,보행자,여,64세,경상
2022060900100303,2022년 6월 9일 15시,목요일,전라북도 전주시 완산구 효자동2가,경상사고,0,0,1,0,차대차 - 기타,신호위반,건조,맑음,교차로 - 교차로안,승용,남,66세,상해없음,자전거,남,11세,경상
2022060900100341,2022년 6월 9일 16시,목요일,전라북도 김제시 검산동,중상사고,0,1,1,0,차대차 - 측면충돌,중앙선침범,건조,맑음,교차로 - 교차로부근,승용,남,72세,상해없음,승용,남,79세,경상
2022060900100378,2022년 6월 9일 17시,목요일,전라북도 무주군 무풍면,경상사고,0,0,1,0,차대차 - 측면충돌,직진우회전진행방해,건조,맑음,교차로 - 교차로안,화물,남,72세,상해없음,승합,여,59세,경상
2022060900100419,2022년 6월 9일 18시,목요일,전라북도 전주시 완산구 효자동1가,경상사고,0,0,1,0,차량단독 - 기타,안전운전불이행,건조,맑음,단일로 - 기타,승합,남,50세,상해없음,,,,
2022060900100420,2022년 6월 9일 18시,목요일,전라북도 정읍시 시기동,중상사고,0,1,0,0,차대차 - 측면충돌,교차로운행방법위반,건조,맑음,교차로 - 교차로안,승용,남,65세,상해없음,이륜,남,69세,중상
2022060900100421,2022년 6월 9일 18시,목요일,전라북도 정읍시 수성동,경상사고,0,0,1,0,차대사람 - 횡단중,안전운전불이행,건조,맑음,교차로 - 교차로안,자전거,여,26세,상해없음,보행자,여,8세,경상
2022060900100457,2022년 6월 9일 19시,목요일,전라북도 정읍시 북면,경상사고,0,0,1,0,차대차 - 측면충돌,중앙선침범,건조,맑음,교차로 - 교차로부근,승용,여,61세,상해없음,승용,여,36세,경상
2022060900100509,2022년 6월 9일 21시,목요일,전라북도 전주시 덕진구 인후동1가,경상사고,0,0,1,0,차대사람 - 횡단중,보행자보호의무위반,건조,맑음,교차로 - 교차로횡단보도내,화물,남,54세,상해없음,보행자,남,53세,경상
2022061000100017,2022년 6월 10일 01시,금요일,전라북도 군산시 수송동,경상사고,0,0,2,0,차대차 - 측면충돌,안전운전불이행,건조,맑음,교차로 - 교차로안,승용,남,72세,상해없음,승용,남,48세,상해없음
2022061000100033,2022년 6월 10일 04시,금요일,전라북도 전주시 덕진구 덕진동1가,경상사고,0,0,1,0,차대차 - 추돌,불법유턴,건조,맑음,단일로 - 기타,승용,남,29세,상해없음,승용,남,46세,경상
2022061000100041,2022년 6월 10일 05시,금요일,전라북도 전주시 덕진구 팔복동4가,중상사고,0,1,0,0,차량단독 - 공작물충돌,안전운전불이행,건조,맑음,단일로 - 기타,승용,남,23세,기타불명,,,,
2022061000100101,2022년 6월 10일 08시,금요일,전라북도 완주군 구이면,경상사고,0,0,1,0,차대차 - 추돌,안전운전불이행,건조,맑음,단일로 - 기타,승용,남,29세,상해없음,승용,남,59세,경상
2022061000100151,2022년 6월 10일 09시,금요일,전라북도 익산시 모현동1가,경상사고,0,0,1,0,차대차 - 측면충돌,안전운전불이행,건조,맑음,교차로 - 교차로안,승합,남,73세,상해없음,승용,여,43세,경상
2022061000100152,2022년 6월 10일 09시,금요일,전라북도 정읍시 북면,중상사고,0,1,0,0,차대차 - 측면충돌,신호위반,건조,맑음,교차로 - 교차로안,승용,여,35세,상해없음,이륜,남,77세,중상
2022061000100208,2022년 6월 10일 11시,금요일,전라북도 군산시 대야면,경상사고,0,0,1,0,차량단독 - 도로외이탈 - 기타,안전운전불이행,건조,맑음,단일로 - 기타,농기계,남,78세,상해없음,,,,
2022061000100234,2022년 6월 10일 12시,금요일,전라북도 군산시 개정면,경상사고,0,0,1,0,차대차 - 기타,불법유턴,건조,맑음,교차로 - 교차로부근,화물,남,45세,상해없음,승용,남,54세,경상
2022061000100235,2022년 6월 10일 12시,금요일,전라북도 익산시 인화동1가,중상사고,0,1,0,0,차대차 - 측면충돌,차로위반,건조,맑음,단일로 - 기타,승용,남,71세,상해없음,이륜,여,75세,중상
2022061000100236,2022년 6월 10일 12시,금요일,전라북도 완주군 용진읍,경상사고,0,0,2,0,차대차 - 기타,신호위반,건조,맑음,교차로 - 교차로안,승용,남,48세,상해없음,화물,남,45세,경상
2022061000100298,2022년 6월 10일 14시,금요일,전라북도 남원시 식정동,중상사고,0,1,2,0,차대차 - 추돌,안전운전불이행,건조,맑음,교차로 - 교차로부근,승용,남,79세,상해없음,승용,남,40세,경상
2022061000100338,2022년 6월 10일 15시,금요일,전라북도 군산시 나운동,경상사고,0,0,1,0,차대차 - 측면충돌,신호위반,건조,맑음,교차로 - 교차로안,승용,여,63세,상해없음,승용,여,64세,경상
2022061000100339,2022년 6월 10일 15시,금요일,전라북도 완주군 봉동읍,경상사고,0,0,2,0,차대차 - 측면충돌,신호위반,건조,맑음,교차로 - 교차로안,이륜,남,79세,상해없음,승용,여,48세,경상
2022061000100428,2022년 6월 10일 17시,금요일,전라북도 전주시 완산구 삼천동1가,경상사고,0,0,2,0,차대차 - 측면충돌,안전운전불이행,건조,맑음,교차로 - 교차로부근,승용,여,46세,상해없음,승합,남,54세,경상
2022061000100429,2022년 6월 10일 17시,금요일,전라북도 군산시 옥산면,경상사고,0,0,1,0,차대차 - 측면충돌,안전운전불이행,건조,맑음,교차로 - 교차로부근,농기계,남,72세,상해없음,승용,여,54세,경상
2022061000100430,2022년 6월 10일 17시,금요일,전라북도 군산시 대야면,사망사고,1,0,0,0,차대사람 - 횡단중,보행자보호의무위반,건조,맑음,단일로 - 기타,승용,남,62세,상해없음,보행자,여,75세,사망
2022061000100516,2022년 6월 10일 19시,금요일,전라북도 전주시 덕진구 인후동1가,경상사고,0,0,1,0,차대사람 - 횡단중,신호위반,건조,맑음,교차로 - 교차로안,이륜,남,60세,상해없음,보행자,여,34세,경상
2022061000100517,2022년 6월 10일 19시,금요일,전라북도 군산시 나운동,경상사고,0,0,2,0,차대차 - 추돌,안전운전불이행,건조,맑음,교차로 - 교차로부근,승용,남,19세,상해없음,승용,남,27세,경상
2022061000100542,2022년 6월 10일 20시,금요일,전라북도 전주시 덕진구 팔복동2가,경상사고,0,0,1,0,차대차 - 기타,안전운전불이행,건조,맑음,단일로 - 기타,화물,남,68세,상해없음,자전거,남,61세,경상
2022061000100590,2022년 6월 10일 22시,금요일,전라북도 남원시 도통동,경상사고,0,0,1,0,차대사람 - 횡단중,안전운전불이행,건조,맑음,단일로 - 기타,승용,남,28세,상해없음,보행자,남,47세,경상
2022061100100084,2022년 6월 11일 07시,토요일,전라북도 부안군 하서면,중상사고,0,1,0,0,차량단독 - 도로외이탈 - 추락,안전운전불이행,건조,맑음,단일로 - 기타,화물,여,62세,중상,,,,
2022061100100130,2022년 6월 11일 09시,토요일,전라북도 군산시 지곡동,경상사고,0,0,1,0,차대차 - 측면충돌,신호위반,건조,맑음,교차로 - 교차로안,승용,여,57세,상해없음,승용,남,31세,경상
2022061100100156,2022년 6월 11일 10시,토요일,전라북도 익산시 웅포면,경상사고,0,0,1,0,차대차 - 측면충돌,중앙선침범,건조,맑음,단일로 - 기타,승용,남,74세,상해없음,승용,남,46세,경상
2022061100100316,2022년 6월 11일 14시,토요일,전라북도 정읍시 칠보면,중상사고,0,1,0,0,차대차 - 기타,기타,건조,맑음,교차로 - 교차로안,자전거,여,60세,중상,화물,남,53세,상해없음
2022061100100382,2022년 6월 11일 16시,토요일,전라북도 군산시 오식도동,경상사고,0,0,1,0,차대차 - 기타,안전운전불이행,건조,맑음,단일로 - 기타,승용,남,66세,상해없음,승용,남,60세,경상
2022061100100419,2022년 6월 11일 17시,토요일,전라북도 진안군 정천면,경상사고,0,0,2,0,차대차 - 측면충돌,안전운전불이행,건조,맑음,교차로 - 교차로부근,화물,남,75세,상해없음,승용,남,53세,경상
2022061100100456,2022년 6월 11일 18시,토요일,전라북도 전주시 덕진구 금암동,경상사고,0,0,1,0,차대차 - 측면충돌,신호위반,건조,맑음,교차로 - 교차로안,이륜,남,62세,상해없음,승용,남,52세,경상
2022061100100549,2022년 6월 11일 22시,토요일,전라북도 전주시 완산구 효자동3가,경상사고,0,0,1,0,차대차 - 측면충돌,안전운전불이행,건조,맑음,교차로 - 교차로안,승용,남,30세,상해없음,승용,남,32세,경상
2022061100100550,2022년 6월 11일 22시,토요일,전라북도 익산시 신동,경상사고,0,0,3,0,차대차 - 추돌,안전운전불이행,건조,맑음,교차로 - 교차로부근,승용,여,28세,상해없음,승용,남,55세,경상
2022061100100551,2022년 6월 11일 22시,토요일,전라북도 익산시 모현동1가,경상사고,0,0,2,0,차대차 - 기타,신호위반,건조,맑음,교차로 - 교차로안,기타불명,기타불명,미분류,기타불명,승용,남,67세,경상
2022061200100007,2022년 6월 12일 00시,일요일,전라북도 익산시 송학동,경상사고,0,0,4,0,차대차 - 측면충돌,안전운전불이행,건조,맑음,교차로 - 교차로안,승용,남,69세,상해없음,승용,여,47세,경상
2022061200100008,2022년 6월 12일 00시,일요일,전라북도 부안군 부안읍,경상사고,0,0,1,0,차량단독 - 공작물충돌,안전운전불이행,건조,맑음,단일로 - 지하차도(도로)내,승용,남,45세,상해없음,,,,
2022061200100038,2022년 6월 12일 03시,일요일,전라북도 전주시 덕진구 진북동,경상사고,0,0,1,0,차대차 - 추돌,안전운전불이행,건조,맑음,교차로 - 교차로부근,승용,남,35세,상해없음,승용,여,28세,경상
2022061200100078,2022년 6월 12일 08시,일요일,전라북도 군산시 옥구읍,사망사고,1,0,0,0,차대차 - 측면충돌,교차로운행방법위반,건조,맑음,교차로 - 교차로안,화물,여,61세,상해없음,자전거,남,64세,사망
2022061200100126,2022년 6월 12일 11시,일요일,전라북도 부안군 변산면,중상사고,0,1,0,0,차량단독 - 전도전복 - 전도,안전운전불이행,건조,맑음,단일로 - 지하차도(도로)내,이륜,남,41세,중상,,,,
2022061200100174,2022년 6월 12일 13시,일요일,전라북도 김제시 용지면,중상사고,0,1,4,0,차대차 - 측면충돌,신호위반,건조,맑음,교차로 - 교차로안,화물,여,58세,상해없음,승용,여,36세,경상
2022061200100200,2022년 6월 12일 14시,일요일,전라북도 전주시 덕진구 송천동2가,중상사고,0,1,0,0,차대사람 - 횡단중,보행자보호의무위반,건조,맑음,교차로 - 교차로부근,승용,남,65세,상해없음,보행자,남,58세,중상
2022061200100201,2022년 6월 12일 14시,일요일,전라북도 군산시 대야면,경상사고,0,0,1,0,차대차 - 추돌,안전운전불이행,건조,맑음,단일로 - 지하차도(도로)내,승용,남,46세,상해없음,승용,남,30세,경상
2022061200100328,2022년 6월 12일 19시,일요일,전라북도 완주군 상관면,중상사고,0,1,1,0,차대차 - 기타,안전거리미확보,젖음/습기,비,단일로 - 기타,화물,남,22세,상해없음,승용,남,75세,경상
2022061200100352,2022년 6월 12일 20시,일요일,전라북도 전주시 완산구 서신동,중상사고,0,1,0,0,차대차 - 측면충돌,신호위반,건조,맑음,교차로 - 교차로안,승용,남,63세,상해없음,승용,남,46세,중상
2022061300100034,2022년 6월 13일 06시,월요일,전라북도 익산시 석암동,중상사고,0,1,0,0,차대차 - 기타,직진우회전진행방해,건조,맑음,교차로 - 교차로안,사륜오토바이(ATV),남,86세,중상,승용,남,51세,상해없음
2022061300100049,2022년 6월 13일 07시,월요일,전라북도 군산시 산북동,경상사고,0,0,2,0,차대차 - 측면충돌,안전운전불이행,건조,맑음,교차로 - 교차로안,이륜,남,85세,경상,승용,남,64세,경상
2022061300100050,2022년 6월 13일 07시,월요일,전라북도 부안군 부안읍,경상사고,0,0,4,0,차대차 - 측면충돌,중앙선침범,건조,맑음,단일로 - 지하차도(도로)내,승용,남,72세,상해없음,승합,남,60세,경상
2022061300100086,2022년 6월 13일 08시,월요일,전라북도 익산시 모현동1가,경상사고,0,0,2,0,차대차 - 기타,신호위반,건조,맑음,교차로 - 교차로안,승용,여,47세,상해없음,승용,남,37세,경상
2022061300100126,2022년 6월 13일 09시,월요일,전라북도 군산시 나운동,경상사고,0,0,1,1,차대차 - 추돌,안전운전불이행,건조,맑음,단일로 - 기타,승용,여,66세,상해없음,승용,남,43세,경상
2022061300100127,2022년 6월 13일 09시,월요일,전라북도 익산시 용안면,경상사고,0,0,1,0,차대차 - 기타,교차로운행방법위반,건조,맑음,교차로 - 교차로안,이륜,여,71세,경상,화물,남,54세,상해없음
2022061300100154,2022년 6월 13일 10시,월요일,전라북도 전주시 완산구 효자동1가,경상사고,0,0,1,0,차대차 - 측면충돌,안전운전불이행,건조,맑음,교차로 - 교차로안,승용,남,82세,상해없음,승용,남,29세,경상
2022061300100155,2022년 6월 13일 10시,월요일,전라북도 고창군 고창읍,중상사고,0,1,0,0,차대차 - 측면충돌,중앙선침범,건조,맑음,단일로 - 기타,화물,남,69세,상해없음,이륜,남,66세,중상
2022061300100181,2022년 6월 13일 11시,월요일,전라북도 전주시 완산구 서노송동,경상사고,0,0,1,0,차대차 - 기타,신호위반,건조,맑음,교차로 - 교차로안,승용,남,63세,상해없음,승용,남,28세,경상
2022061300100182,2022년 6월 13일 11시,월요일,전라북도 순창군 적성면,중상사고,0,1,0,0,차대차 - 측면충돌,안전운전불이행,건조,맑음,교차로 - 교차로부근,농기계,남,50세,상해없음,이륜,남,73세,중상
2022061300100290,2022년 6월 13일 15시,월요일,전라북도 군산시 조촌동,경상사고,0,0,1,0,차대차 - 측면충돌,교차로운행방법위반,건조,맑음,교차로 - 교차로안,승용,남,23세,상해없음,승용,여,64세,경상
2022061300100291,2022년 6월 13일 15시,월요일,전라북도 군산시 대야면,경상사고,0,0,1,0,차대사람 - 기타,안전운전불이행,건조,맑음,교차로 - 교차로안,승용,여,73세,상해없음,보행자,여,53세,경상
2022061300100292,2022년 6월 13일 15시,월요일,전라북도 정읍시 상동,경상사고,0,0,1,0,차대사람 - 횡단중,보행자보호의무위반,건조,맑음,교차로 - 교차로횡단보도내,승용,여,74세,상해없음,보행자,남,7세,경상
2022061300100293,2022년 6월 13일 15시,월요일,전라북도 완주군 삼례읍,경상사고,0,0,1,0,차대차 - 기타,안전거리미확보,건조,맑음,단일로 - 기타,화물,남,44세,상해없음,승용,여,48세,경상
2022061300100345,2022년 6월 13일 16시,월요일,전라북도 정읍시 태인면,경상사고,0,0,1,0,차대차 - 기타,중앙선침범,건조,맑음,단일로 - 기타,화물,남,54세,기타불명,원동기,남,45세,경상
2022061300100489,2022년 6월 13일 20시,월요일,전라북도 군산시 미장동,경상사고,0,0,1,0,차대차 - 측면충돌,신호위반,건조,맑음,교차로 - 교차로횡단보도내,승용,여,46세,상해없음,자전거,남,14세,경상
2022061300100532,2022년 6월 13일 22시,월요일,전라북도 군산시 송창동,경상사고,0,0,2,0,차대차 - 측면충돌,중앙선침범,건조,맑음,단일로 - 기타,승용,남,35세,상해없음,승용,여,66세,경상
2022061400100004,2022년 6월 14일 00시,화요일,전라북도 전주시 완산구 효자동2가,경상사고,0,0,1,0,차대차 - 측면충돌,안전운전불이행,건조,맑음,기타 - 기타,기타불명,기타불명,미분류,기타불명,승용,여,55세,경상
2022061400100005,2022년 6월 14일 00시,화요일,전라북도 군산시 신풍동,경상사고,0,0,1,0,차대차 - 정면충돌,중앙선침범,건조,맑음,교차로 - 교차로안,승용,남,31세,상해없음,승용,남,40세,경상
2022061400100253,2022년 6월 14일 12시,화요일,전라북도 전주시 완산구 서신동,경상사고,0,0,2,0,차대차 - 측면충돌,신호위반,젖음/습기,비,교차로 - 교차로안,승용,여,27세,상해없음,승용,여,25세,경상
2022061400100279,2022년 6월 14일 13시,화요일,전라북도 군산시 경암동,경상사고,0,0,2,0,차대차 - 측면충돌,신호위반,건조,맑음,교차로 - 교차로안,승용,남,74세,상해없음,승용,여,67세,경상
2022061400100393,2022년 6월 14일 16시,화요일,전라북도 전주시 완산구 중화산동2가,경상사고,0,0,2,0,차대차 - 정면충돌,신호위반,건조,맑음,교차로 - 교차로안,승용,여,24세,상해없음,승용,남,57세,경상
2022061400100426,2022년 6월 14일 17시,화요일,전라북도 전주시 완산구 삼천동1가,경상사고,0,0,1,0,차대사람 - 기타,안전운전불이행,건조,맑음,주차장 - 주차장,화물,남,31세,상해없음,보행자,여,11세,경상
2022061400100427,2022년 6월 14일 17시,화요일,전라북도 익산시 금마면,중상사고,0,1,0,0,차대차 - 측면충돌,직진우회전진행방해,건조,맑음,교차로 - 교차로안,승용,남,53세,상해없음,이륜,남,69세,중상
2022061400100468,2022년 6월 14일 18시,화요일,전라북도 전주시 완산구 중화산동1가,경상사고,0,0,1,0,차대사람 - 횡단중,보행자보호의무위반,건조,맑음,교차로 - 교차로횡단보도내,승용,여,44세,상해없음,보행자,여,17세,경상
2022061400100469,2022년 6월 14일 18시,화요일,전라북도 전주시 덕진구 호성동2가,경상사고,0,0,2,0,차대차 - 측면충돌,신호위반,건조,맑음,교차로 - 교차로안,화물,남,60세,상해없음,승용,남,67세,경상
2022061400100470,2022년 6월 14일 18시,화요일,전라북도 군산시 수송동,경상사고,0,0,2,0,차대차 - 정면충돌,신호위반,건조,맑음,교차로 - 교차로안,이륜,여,20세,경상,승용,남,51세,경상
2022061400100499,2022년 6월 14일 19시,화요일,전라북도 전주시 완산구 효자동1가,부상신고사고,0,0,0,1,차대차 - 측면충돌,안전운전불이행,건조,맑음,단일로 - 기타,승합,남,63세,상해없음,이륜,남,45세,부상신고