사고번호,사고일시,요일,시군구,사고내용,사망자수,중상자수,경상자수,부상신고자수,사고유형,법규위반,노면상태,기상상태,도로형태,가해운전자 차종,가해운전자 성별,가해운전자 연령,가해운전자 상해정도,피해운전자 차종,피해운전자 성별,피해운전자 연령,피해운전자 상해정도
2022061400100556,2022년 6월 14일 21시,화요일,전라북도 전주시 완산구 효자동3가,경상사고,0,0,1,0,차대차 - 기타,안전운전불이행,건조,맑음,교차로 - 교차로안,승용,남,63세,상해없음,이륜,남,29세,경상
2022061400100578,2022년 6월 14일 22시,화요일,전라북도 전주시 완산구 평화동1가,경상사고,0,0,2,0,차대차 - 기타,안전운전불이행,건조,맑음,교차로 - 교차로안,승용,여,44세,상해없음,승합,남,62세,상해없음
2022061400100596,2022년 6월 14일 23시,화요일,전라북도 익산시 마동,경상사고,0,0,1,0,차대차 - 기타,신호위반,젖음/습기,비,교차로 - 교차로안,이륜,남,27세,상해없음,승용,남,59세,경상
2022061500100046,2022년 6월 15일 06시,수요일,전라북도 정읍시 소성면,중상사고,0,1,2,0,차대차 - 기타,신호위반,젖음/습기,흐림,교차로 - 교차로안,화물,남,71세,경상,승용,남,74세,경상
2022061500100134,2022년 6월 15일 09시,수요일,전라북도 전주시 덕진구 팔복동2가,중상사고,0,1,0,0,차대사람 - 길가장자리구역통행중,안전운전불이행,건조,맑음,교차로 - 교차로안,승용,여,51세,상해없음,보행자,남,82세,중상
2022061500100189,2022년 6월 15일 11시,수요일,전라북도 김제시 만경읍,중상사고,0,1,0,0,차대차 - 후진중충돌,안전운전불이행,건조,맑음,교차로 - 교차로안,승용,남,29세,상해없음,원동기,여,63세,중상
2022061500100190,2022년 6월 15일 11시,수요일,전라북도 남원시 이백면,사망사고,1,0,0,0,차대사람 - 차도통행중,안전운전불이행,젖음/습기,흐림,단일로 - 기타,승합,남,42세,상해없음,보행자,여,79세,사망
2022061500100251,2022년 6월 15일 13시,수요일,전라북도 완주군 용진읍,경상사고,0,0,1,0,차대차 - 정면충돌,중앙선침범,젖음/습기,비,단일로 - 기타,화물,남,57세,상해없음,승용,남,29세,경상
2022061500100400,2022년 6월 15일 17시,수요일,전라북도 전주시 완산구 효자동2가,경상사고,0,0,1,0,차대차 - 측면충돌,안전거리미확보,건조,맑음,단일로 - 기타,승용,남,29세,상해없음,승용,여,37세,경상
2022061500100401,2022년 6월 15일 17시,수요일,전라북도 전주시 완산구 서노송동,경상사고,0,0,2,0,차대차 - 측면충돌,안전운전불이행,건조,맑음,단일로 - 기타,화물,남,47세,상해없음,승용,남,67세,경상
2022061500100402,2022년 6월 15일 17시,수요일,전라북도 남원시 향교동,경상사고,0,0,1,0,차대차 - 추돌,직진우회전진행방해,건조,맑음,교차로 - 교차로안,승용,남,46세,상해없음,이륜,남,45세,경상
2022061500100446,2022년 6월 15일 18시,수요일,전라북도 전주시 덕진구 덕진동1가,경상사고,0,0,1,0,차대사람 - 기타,안전운전불이행,건조,맑음,단일로 - 기타,승용,남,46세,상해없음,보행자,남,34세,경상
2022061500100516,2022년 6월 15일 20시,수요일,전라북도 전주시 완산구 중화산동2가,경상사고,0,0,4,0,차대차 - 측면충돌,안전운전불이행,건조,맑음,단일로 - 기타,승용,여,43세,경상,승용,남,37세,경상
2022061600100018,2022년 6월 16일 01시,목요일,전라북도 전주시 완산구 효자동1가,중상사고,0,1,1,0,차대차 - 정면충돌,중앙선침범,건조,맑음,단일로 - 기타,승용,남,21세,경상,이륜,남,35세,중상
2022061600100019,2022년 6월 16일 01시,목요일,전라북도 익산시 마동,경상사고,0,0,1,0,차대사람 - 기타,안전운전불이행,건조,맑음,단일로 - 기타,승용,남,40세,상해없음,보행자,여,63세,경상
2022061600100043,2022년 6월 16일 06시,목요일,전라북도 완주군 비봉면,중상사고,0,1,0,0,차대사람 - 기타,안전운전불이행,건조,맑음,단일로 - 기타,화물,남,65세,상해없음,보행자,남,69세,중상
2022061600100134,2022년 6월 16일 09시,목요일,전라북도 전주시 완산구 서신동,경상사고,0,0,1,0,차대차 - 기타,교차로운행방법위반,건조,맑음,교차로 - 교차로안,승용,남,48세,상해없음,승용,남,49세,경상
2022061600100223,2022년 6월 16일 12시,목요일,전라북도 군산시 선양동,경상사고,0,0,1,0,차대차 - 측면충돌,안전운전불이행,건조,맑음,교차로 - 교차로안,승용,남,71세,상해없음,자전거,남,76세,경상
2022061600100224,2022년 6월 16일 12시,목요일,전라북도 군산시 소룡동,경상사고,0,0,1,0,차대차 - 측면충돌,신호위반,건조,맑음,교차로 - 교차로안,승용,남,66세,상해없음,자전거,여,60세,경상
2022061600100225,2022년 6월 16일 12시,목요일,전라북도 부안군 부안읍,경상사고,0,0,1,0,차대차 - 측면충돌,교차로운행방법위반,건조,맑음,교차로 - 교차로안,승용,여,40세,상해없음,승용,여,62세,경상
2022061600100262,2022년 6월 16일 13시,목요일,전라북도 군산시 나포면,경상사고,0,0,2,0,차대차 - 측면충돌,직진우회전진행방해,건조,맑음,교차로 - 교차로안,건설기계,남,60세,상해없음,승용,남,42세,경상
2022061600100263,2022년 6월 16일 13시,목요일,전라북도 익산시 영등동,중상사고,0,1,0,0,차대사람 - 보도통행중,기타,건조,맑음,기타 - 기타,이륜,남,35세,상해없음,보행자,여,45세,중상
2022061600100264,2022년 6월 16일 13시,목요일,전라북도 익산시 신흥동,경상사고,0,0,1,0,차대차 - 측면충돌,직진우회전진행방해,건조,맑음,교차로 - 교차로안,승용,여,61세,상해없음,자전거,남,48세,경상
2022061600100265,2022년 6월 16일 13시,목요일,전라북도 진안군 진안읍,사망사고,1,0,0,0,차량단독 - 공작물충돌,안전운전불이행,건조,맑음,단일로 - 기타,이륜,남,66세,사망,,,,
2022061600100417,2022년 6월 16일 17시,목요일,전라북도 정읍시 연지동,중상사고,0,2,0,0,차대차 - 측면충돌,신호위반,건조,맑음,교차로 - 교차로안,화물,남,57세,상해없음,승용,여,26세,중상
2022061600100418,2022년 6월 16일 17시,목요일,전라북도 남원시 보절면,사망사고,1,0,0,0,차대차 - 추돌,안전운전불이행,건조,맑음,단일로 - 기타,화물,남,77세,상해없음,자전거,남,70세,사망
2022061600100419,2022년 6월 16일 17시,목요일,전라북도 완주군 삼례읍,경상사고,0,0,1,0,차대차 - 측면충돌,안전운전불이행,건조,맑음,기타 - 기타,화물,남,61세,상해없음,이륜,여,61세,경상
2022061600100476,2022년 6월 16일 18시,목요일,전라북도 군산시 신창동,경상사고,0,0,1,0,차대차 - 측면충돌,직진우회전진행방해,건조,맑음,교차로 - 교차로안,개인형이동수단(PM),여,76세,경상,승용,남,42세,상해없음
2022061600100477,2022년 6월 16일 18시,목요일,전라북도 임실군 오수면,중상사고,0,1,0,0,차대차 - 측면충돌,안전거리미확보,건조,맑음,단일로 - 지하차도(도로)내,화물,남,64세,상해없음,승용,남,70세,중상
2022061600100520,2022년 6월 16일 19시,목요일,전라북도 전주시 완산구 효자동2가,경상사고,0,0,3,0,차대차 - 측면충돌,중앙선침범,건조,맑음,교차로 - 교차로부근,승용,남,31세,상해없음,승용,남,57세,경상
2022061600100521,2022년 6월 16일 19시,목요일,전라북도 전주시 완산구 효자동2가,경상사고,0,0,1,0,차대차 - 추돌,안전운전불이행,건조,맑음,교차로 - 교차로부근,승용,여,41세,상해없음,승용,여,53세,경상
2022061600100522,2022년 6월 16일 19시,목요일,전라북도 남원시 인월면,중상사고,0,1,0,0,차대사람 - 차도통행중,안전운전불이행,건조,맑음,교차로 - 교차로부근,승용,남,43세,상해없음,보행자,여,73세,중상
2022061600100595,2022년 6월 16일 22시,목요일,전라북도 고창군 흥덕면,사망사고,1,0,0,0,차량단독 - 공작물충돌,안전운전불이행,건조,맑음,단일로 - 기타,화물,남,52세,사망,,,,
2022061600100613,2022년 6월 16일 23시,목요일,전라북도 군산시 경장동,경상사고,0,0,1,0,차대차 - 측면충돌,신호위반,건조,맑음,교차로 - 교차로안,승용,남,25세,상해없음,승용,여,55세,경상
2022061700100131,2022년 6월 17일 09시,금요일,전라북도 전주시 완산구 중화산동2가,경상사고,0,0,1,0,차대사람 - 횡단중,신호위반,건조,맑음,교차로 - 교차로횡단보도내,승용,여,62세,상해없음,보행자,남,29세,경상
2022061700100162,2022년 6월 17일 10시,금요일,전라북도 전주시 덕진구 금암동,경상사고,0,0,1,0,차대사람 - 기타,안전운전불이행,건조,맑음,교차로 - 교차로부근,승용,여,52세,상해없음,보행자,남,48세,경상
2022061700100163,2022년 6월 17일 10시,금요일,전라북도 군산시 성산면,중상사고,0,1,0,0,차대사람 - 횡단중,안전운전불이행,건조,맑음,교차로 - 교차로안,화물,남,23세,상해없음,보행자,여,79세,중상
2022061700100164,2022년 6월 17일 10시,금요일,전라북도 군산시 수송동,경상사고,0,0,1,0,차대차 - 정면충돌,기타,건조,맑음,교차로 - 교차로안,자전거,남,65세,경상,승용,여,40세,상해없음
2022061700100264,2022년 6월 17일 13시,금요일,전라북도 전주시 완산구 중화산동2가,경상사고,0,0,4,0,차대차 - 측면충돌,신호위반,건조,맑음,교차로 - 교차로부근,승용,여,28세,경상,승용,여,47세,경상
2022061700100265,2022년 6월 17일 13시,금요일,전라북도 익산시 평화동,경상사고,0,0,1,0,차대사람 - 차도통행중,안전운전불이행,건조,맑음,단일로 - 기타,승용,남,48세,상해없음,보행자,남,35세,경상
2022061700100266,2022년 6월 17일 13시,금요일,전라북도 남원시 동충동,중상사고,0,1,0,0,차대사람 - 길가장자리구역통행중,기타,젖음/습기,비,단일로 - 기타,이륜,여,69세,상해없음,보행자,여,75세,중상
2022061700100304,2022년 6월 17일 14시,금요일,전라북도 전주시 완산구 경원동3가,경상사고,0,0,2,1,차대차 - 추돌,안전운전불이행,건조,맑음,교차로 - 교차로안,승용,남,64세,상해없음,승용,남,47세,경상
2022061700100305,2022년 6월 17일 14시,금요일,전라북도 전주시 완산구 중화산동2가,경상사고,0,0,2,0,차대차 - 기타,안전운전불이행,건조,맑음,교차로 - 교차로안,승용,여,52세,경상,승용,남,39세,경상
2022061700100337,2022년 6월 17일 15시,금요일,전라북도 전주시 완산구 중화산동2가,중상사고,0,1,2,0,차대차 - 측면충돌,신호위반,건조,맑음,교차로 - 교차로안,승용,남,67세,경상,승용,여,52세,중상
2022061700100338,2022년 6월 17일 15시,금요일,전라북도 김제시 백구면,중상사고,0,2,0,0,차량단독 - 전도전복 - 전도,안전운전불이행,건조,맑음,교차로 - 교차로안,이륜,남,49세,중상,,,,
2022061700100371,2022년 6월 17일 16시,금요일,전라북도 군산시 경암동,경상사고,0,0,1,0,차대차 - 측면충돌,신호위반,건조,맑음,교차로 - 교차로안,승용,여,60세,상해없음,개인형이동수단(PM),남,14세,경상
2022061700100372,2022년 6월 17일 16시,금요일,전라북도 진안군 부귀면,경상사고,0,0,1,0,차대차 - 추돌,안전운전불이행,건조,맑음,단일로 - 기타,승용,남,63세,경상,화물,남,70세,상해없음
2022061700100417,2022년 6월 17일 17시,금요일,전라북도 전주시 완산구 효자동1가,경상사고,0,0,1,0,차대차 - 기타,안전운전불이행,건조,맑음,교차로 - 교차로횡단보도내,승용,여,66세,상해없음,자전거,여,18세,경상
2022061700100418,2022년 6월 17일 17시,금요일,전라북도 전주시 완산구 남노송동,중상사고,0,1,1,0,차량단독 - 공작물충돌,안전운전불이행,건조,맑음,교차로 - 교차로안,화물,남,67세,중상,,,,
2022061700100419,2022년 6월 17일 17시,금요일,전라북도 정읍시 연지동,경상사고,0,0,1,0,차대차 - 측면충돌,신호위반,건조,맑음,교차로 - 교차로안,승용,남,74세,상해없음,승용,남,56세,경상
2022061700100471,2022년 6월 17일 18시,금요일,전라북도 군산시 미장동,부상신고사고,0,0,0,1,차대차 - 추돌,안전운전불이행,건조,맑음,단일로 - 기타,승용,남,27세,상해없음,승용,여,47세,부상신고
2022061700100472,2022년 6월 17일 18시,금요일,전라북도 남원시 향교동,중상사고,0,1,0,0,차대사람 - 차도통행중,안전운전불이행,건조,맑음,단일로 - 기타,승용,남,48세,상해없음,보행자,남,5세,중상
2022061700100473,2022년 6월 17일 18시,금요일,전라북도 부안군 백산면,경상사고,0,0,1,0,차대차 - 추돌,안전운전불이행,건조,맑음,단일로 - 지하차도(도로)내,승용,여,49세,상해없음,승용,남,37세,경상
2022061700100510,2022년 6월 17일 19시,금요일,전라북도 군산시 옥산면,경상사고,0,0,1,0,차대차 - 기타,안전운전불이행,건조,맑음,교차로 - 교차로안,승용,여,64세,상해없음,승용,여,44세,경상
2022061700100551,2022년 6월 17일 20시,금요일,전라북도 익산시 왕궁면,중상사고,0,1,0,0,차대차 - 추돌,기타,건조,맑음,단일로 - 기타,승용,남,29세,상해없음,승용,남,72세,중상
2022061800100021,2022년 6월 18일 01시,토요일,전라북도 전주시 완산구 서신동,경상사고,0,0,1,0,차대차 - 측면충돌,신호위반,건조,맑음,교차로 - 교차로안,승용,남,37세,상해없음,승용,남,72세,경상
2022061800100022,2022년 6월 18일 01시,토요일,전라북도 전주시 완산구 서신동,중상사고,0,1,0,0,차대차 - 기타,신호위반,건조,맑음,단일로 - 기타,승용,남,60세,상해없음,이륜,남,47세,중상
2022061800100064,2022년 6월 18일 05시,토요일,전라북도 전주시 덕진구 인후동1가,중상사고,0,2,0,0,차대차 - 측면충돌,신호위반,건조,맑음,교차로 - 교차로안,승용,남,57세,상해없음,승용,남,56세,중상
2022061800100072,2022년 6월 18일 06시,토요일,전라북도 전주시 덕진구 인후동1가,경상사고,0,0,1,0,차대차 - 추돌,안전운전불이행,건조,맑음,단일로 - 기타,승용,남,56세,상해없음,승용,남,59세,경상
2022061800100088,2022년 6월 18일 07시,토요일,전라북도 익산시 영등동,사망사고,1,0,0,0,차대사람 - 횡단중,기타,건조,맑음,단일로 - 기타,승용,남,58세,상해없음,보행자,여,72세,사망
2022061800100131,2022년 6월 18일 09시,토요일,전라북도 전주시 완산구 효자동3가,경상사고,0,0,1,0,차대차 - 측면충돌,안전운전불이행,건조,맑음,교차로 - 교차로부근,승용,남,21세,상해없음,승용,남,29세,경상
2022061800100132,2022년 6월 18일 09시,토요일,전라북도 남원시 노암동,경상사고,0,0,2,0,차대차 - 기타,안전운전불이행,건조,맑음,교차로 - 교차로안,승용,여,62세,상해없음,이륜,남,74세,경상
2022061800100195,2022년 6월 18일 11시,토요일,전라북도 전주시 덕진구 금암동,중상사고,0,1,0,0,차대사람 - 횡단중,보행자보호의무위반,건조,맑음,교차로 - 교차로횡단보도내,승용,여,37세,상해없음,보행자,남,12세,중상
2022061800100196,2022년 6월 18일 11시,토요일,전라북도 전주시 덕진구 팔복동2가,경상사고,0,0,2,0,차대차 - 측면충돌,신호위반,건조,맑음,교차로 - 교차로안,승용,여,46세,상해없음,승용,남,33세,경상
2022061800100197,2022년 6월 18일 11시,토요일,전라북도 고창군 부안면,경상사고,0,0,2,0,차대차 - 측면충돌,안전거리미확보,건조,맑음,단일로 - 기타,승용,남,49세,상해없음,승용,여,55세,경상
2022061800100233,2022년 6월 18일 12시,토요일,전라북도 익산시 영등동,중상사고,0,1,0,0,차대차 - 측면충돌,안전운전불이행,건조,맑음,단일로 - 기타,승용,여,41세,상해없음,이륜,남,24세,중상
2022061800100303,2022년 6월 18일 14시,토요일,전라북도 익산시 영등동,중상사고,0,1,0,0,차대차 - 측면충돌,안전운전불이행,건조,맑음,교차로 - 교차로부근,승용,남,38세,상해없음,이륜,남,39세,중상
2022061800100304,2022년 6월 18일 14시,토요일,전라북도 정읍시 입암면,경상사고,0,0,2,0,차대차 - 기타,직진우회전진행방해,건조,맑음,교차로 - 교차로안,승용,남,66세,경상,승용,여,47세,경상
2022061800100377,2022년 6월 18일 16시,토요일,전라북도 임실군 관촌면,경상사고,0,0,1,0,차대차 - 기타,안전운전불이행,건조,맑음,교차로 - 교차로안,승용,남,76세,상해없음,승용,남,60세,경상
2022061800100413,2022년 6월 18일 17시,토요일,전라북도 전주시 덕진구 팔복동2가,경상사고,0,0,2,0,차대차 - 측면충돌,신호위반,건조,맑음,교차로 - 교차로안,승용,남,65세,상해없음,승용,남,35세,경상
2022061800100414,2022년 6월 18일 17시,토요일,전라북도 익산시 어양동,경상사고,0,0,1,0,차대차 - 측면충돌,신호위반,건조,맑음,교차로 - 교차로안,승용,여,52세,상해없음,승용,남,47세,경상
2022061800100415,2022년 6월 18일 17시,토요일,전라북도 남원시 대강면,중상사고,0,1,0,0,차량단독 - 기타,안전운전불이행,건조,맑음,단일로 - 기타,이륜,여,63세,중상,,,,
2022061800100478,2022년 6월 18일 19시,토요일,전라북도 전주시 덕진구 우아동3가,중상사고,0,1,1,0,차대차 - 추돌,안전운전불이행,건조,맑음,단일로 - 기타,승용,여,60세,상해없음,승용,남,69세,경상
2022061800100479,2022년 6월 18일 19시,토요일,전라북도 군산시 선양동,경상사고,0,0,1,0,차대차 - 측면충돌,직진우회전진행방해,건조,맑음,교차로 - 교차로안,승용,남,43세,상해없음,이륜,남,22세,경상
2022061800100517,2022년 6월 18일 20시,토요일,전라북도 전주시 덕진구 인후동1가,경상사고,0,0,4,0,차대차 - 측면충돌,중앙선침범,건조,맑음,교차로 - 교차로안,승용,여,62세,상해없음,승용,남,48세,경상
2022061800100518,2022년 6월 18일 20시,토요일,전라북도 전주시 덕진구 진북동,경상사고,0,0,1,0,차대차 - 측면충돌,안전운전불이행,건조,맑음,교차로 - 교차로부근,승용,남,45세,상해없음,승용,남,26세,경상
2022061800100519,2022년 6월 18일 20시,토요일,전라북도 군산시 미장동,중상사고,0,1,0,0,차대차 - 측면충돌,안전운전불이행,젖음/습기,비,교차로 - 교차로부근,화물,남,61세,상해없음,이륜,남,44세,중상
2022061800100544,2022년 6월 18일 21시,토요일,전라북도 전주시 완산구 효자동3가,경상사고,0,0,1,0,차대사람 - 차도통행중,안전운전불이행,건조,맑음,교차로 - 교차로안,승용,남,23세,상해없음,보행자,남,24세,경상
2022061800100565,2022년 6월 18일 22시,토요일,전라북도 완주군 봉동읍,경상사고,0,0,1,0,차대차 - 측면충돌,신호위반,건조,맑음,교차로 - 교차로안,승용,여,46세,상해없음,승용,남,20세,경상
2022061800100590,2022년 6월 18일 23시,토요일,전라북도 김제시 요촌동,중상사고,0,1,0,0,차대사람 - 횡단중,신호위반,젖음/습기,비,교차로 - 교차로안,승용,여,43세,상해없음,보행자,남,64세,중상
2022061800100591,2022년 6월 18일 23시,토요일,전라북도 완주군 삼례읍,경상사고,0,0,1,0,차대차 - 측면충돌,신호위반,건조,맑음,교차로 - 교차로안,승용,남,52세,상해없음,승용,남,23세,경상
2022061900100068,2022년 6월 19일 06시,일요일,전라북도 전주시 완산구 평화동1가,경상사고,0,0,2,0,차대차 - 기타,신호위반,건조,맑음,교차로 - 교차로안,승용,남,32세,상해없음,화물,남,47세,경상
2022061900100117,2022년 6월 19일 10시,일요일,전라북도 부안군 백산면,부상신고사고,0,0,0,1,차량단독 - 기타,안전운전불이행,건조,흐림,단일로 - 기타,이륜,남,75세,부상신고,,,,
2022061900100161,2022년 6월 19일 12시,일요일,전라북도 전주시 완산구 중화산동2가,중상사고,0,1,2,0,차대차 - 정면충돌,신호위반,건조,맑음,교차로 - 교차로안,승용,남,79세,상해없음,승용,여,25세,경상
2022061900100162,2022년 6월 19일 12시,일요일,전라북도 군산시 산북동,경상사고,0,0,2,0,차대차 - 측면충돌,신호위반,건조,맑음,교차로 - 교차로부근,승용,남,60세,상해없음,승용,여,69세,경상
2022061900100208,2022년 6월 19일 14시,일요일,전라북도 완주군 용진읍,경상사고,0,0,1,0,차대차 - 기타,안전거리미확보,건조,맑음,단일로 - 기타,승용,남,59세,상해없음,승용,남,71세,경상
2022061900100235,2022년 6월 19일 15시,일요일,전라북도 익산시 망성면,중상사고,0,1,1,0,차대차 - 추돌,안전운전불이행,건조,맑음,교차로 - 교차로부근,승용,남,56세,상해없음,승용,남,60세,중상
2022061900100264,2022년 6월 19일 16시,일요일,전라북도 군산시 나운동,경상사고,0,0,1,0,차대차 - 측면충돌,중앙선침범,건조,맑음,교차로 - 교차로부근,승용,여,35세,상해없음,이륜,남,30세,경상
2022061900100265,2022년 6월 19일 16시,일요일,전라북도 군산시 조촌동,경상사고,0,0,1,0,차대사람 - 횡단중,신호위반,건조,맑음,교차로 - 교차로횡단보도내,승용,여,23세,상해없음,보행자,여,48세,경상
2022061900100266,2022년 6월 19일 16시,일요일,전라북도 남원시 도통동,경상사고,0,0,2,0,차대차 - 측면충돌,안전거리미확보,건조,맑음,교차로 - 교차로부근,이륜,남,54세,경상,승용,남,49세,경상
2022061900100306,2022년 6월 19일 18시,일요일,전라북도 전주시 덕진구 덕진동1가,중상사고,0,1,0,0,차대차 - 측면충돌,안전운전불이행,건조,맑음,교차로 - 교차로안,승용,남,52세,상해없음,이륜,남,43세,중상
2022061900100333,2022년 6월 19일 19시,일요일,전라북도 군산시 개정면,중상사고,0,1,0,0,차량단독 - 기타,안전운전불이행,건조,흐림,기타 - 기타,이륜,남,74세,중상,,,,
2022061900100334,2022년 6월 19일 19시,일요일,전라북도 남원시 도통동,경상사고,0,0,1,0,차대사람 - 보도통행중,기타,건조,맑음,단일로 - 기타,개인형이동수단(PM),남,16세,상해없음,보행자,남,55세,경상
2022061900100392,2022년 6월 19일 22시,일요일,전라북도 익산시 마동,경상사고,0,0,1,0,차대사람 - 기타,차로위반,건조,맑음,단일로 - 기타,승용,남,50세,상해없음,보행자,남,31세,경상
2022061900100410,2022년 6월 19일 23시,일요일,전라북도 전주시 덕진구 덕진동2가,중상사고,0,1,0,0,차대사람 - 횡단중,기타,건조,맑음,단일로 - 기타,승용,남,29세,상해없음,보행자,여,18세,중상
2022062000100074,2022년 6월 20일 07시,월요일,전라북도 전주시 덕진구 고랑동,사망사고,1,0,2,0,차대차 - 측면충돌,중앙선침범,건조,맑음,단일로 - 기타,승용,남,62세,사망,화물,남,60세,경상
2022062000100075,2022년 6월 20일 07시,월요일,전라북도 군산시 문화동,경상사고,0,0,1,0,차대차 - 측면충돌,직진우회전진행방해,건조,맑음,교차로 - 교차로안,이륜,남,25세,경상,승용,여,35세,상해없음
2022062000100106,2022년 6월 20일 08시,월요일,전라북도 전주시 덕진구 우아동2가,경상사고,0,0,2,0,차대차 - 측면충돌,안전운전불이행,건조,맑음,교차로 - 교차로안,화물,남,59세,상해없음,승용,여,45세,경상
2022062000100107,2022년 6월 20일 08시,월요일,전라북도 군산시 소룡동,경상사고,0,0,4,0,차대차 - 추돌,안전운전불이행,건조,맑음,단일로 - 지하차도(도로)내,화물,남,48세,상해없음,승합,남,52세,경상
2022062000100108,2022년 6월 20일 08시,월요일,전라북도 군산시 미장동,부상신고사고,0,0,0,1,차대차 - 측면충돌,안전운전불이행,건조,맑음,교차로 - 교차로안,승용,남,45세,상해없음,자전거,남,86세,부상신고
2022062000100110,2022년 6월 20일 08시,월요일,전라북도 군산시 지곡동,경상사고,0,0,4,0,차대차 - 측면충돌,안전운전불이행,건조,맑음,단일로 - 지하차도(도로)내,화물,남,59세,상해없음,승용,남,44세,경상
2022062000100111,2022년 6월 20일 08시,월요일,전라북도 완주군 고산면,중상사고,0,1,2,0,차대차 - 기타,중앙선침범,건조,맑음,단일로 - 기타,농기계,남,67세,경상,화물,남,52세,중상
2022062000100168,2022년 6월 20일 09시,월요일,전라북도 군산시 나운동,경상사고,0,0,1,0,차대차 - 측면충돌,안전거리미확보,건조,맑음,단일로 - 지하차도(도로)내,승용,남,47세,상해없음,승용,여,49세,경상
2022062000100221,2022년 6월 20일 11시,월요일,전라북도 전주시 덕진구 만성동,경상사고,0,0,1,0,차대차 - 측면충돌,교차로운행방법위반,건조,맑음,교차로 - 교차로안,승용,여,41세,상해없음,승용,여,60세,경상
2022062000100222,2022년 6월 20일 11시,월요일,전라북도 군산시 경장동,경상사고,0,0,2,0,차대차 - 기타,신호위반,건조,맑음,교차로 - 교차로부근,승용,남,80세,상해없음,승용,여,53세,경상
2022062000100223,2022년 6월 20일 11시,월요일,전라북도 부안군 줄포면,사망사고,1,0,0,0,차대차 - 측면충돌,안전운전불이행,건조,맑음,교차로 - 교차로안,이륜,여,72세,사망,승용,남,72세,상해없음
2022062000100250,2022년 6월 20일 12시,월요일,전라북도 전주시 완산구 효자동1가,경상사고,0,0,1,0,차대차 - 추돌,안전운전불이행,건조,맑음,교차로 - 교차로부근,승용,남,38세,상해없음,승용,여,65세,경상
2022062000100251,2022년 6월 20일 12시,월요일,전라북도 군산시 비응도동,경상사고,0,0,1,0,차대차 - 측면충돌,신호위반,건조,맑음,교차로 - 교차로안,승용,남,67세,상해없음,승용,남,44세,경상
2022062000100252,2022년 6월 20일 12시,월요일,전라북도 정읍시 시기동,경상사고,0,0,2,0,차대차 - 측면충돌,신호위반,건조,맑음,교차로 - 교차로안,승용,남,51세,상해없음,승용,남,48세,경상
2022062000100253,2022년 6월 20일 12시,월요일,전라북도 임실군 지사면,경상사고,0,0,3,0,차대차 - 측면충돌,중앙선침범,건조,맑음,단일로 - 기타,화물,남,73세,상해없음,승용,여,32세,경상
2022062000100340,2022년 6월 20일 14시,월요일,전라북도 군산시 신창동,중상사고,0,1,0,0,차대사람 - 길가장자리구역통행중,안전운전불이행,건조,맑음,단일로 - 지하차도(도로)내,승용,남,62세,상해없음,보행자,여,65세,중상
2022062000100380,2022년 6월 20일 15시,월요일,전라북도 전주시 덕진구 여의동,경상사고,0,0,3,0,차대차 - 측면충돌,교차로운행방법위반,건조,맑음,교차로 - 교차로안,승용,남,60세,상해없음,승용,남,41세,경상
2022062000100381,2022년 6월 20일 15시,월요일,전라북도 완주군 봉동읍,중상사고,0,1,0,0,차대차 - 측면충돌,신호위반,건조,맑음,교차로 - 교차로안,승용,남,41세,상해없음,이륜,남,57세,중상
2022062000100424,2022년 6월 20일 16시,월요일,전라북도 군산시 서흥남동,경상사고,0,0,1,0,차대사람 - 기타,안전운전불이행,건조,맑음,단일로 - 지하차도(도로)내,승용,여,59세,상해없음,보행자,여,82세,경상
2022062000100425,2022년 6월 20일 16시,월요일,전라북도 군산시 신영동,사망사고,1,0,0,0,차대사람 - 길가장자리구역통행중,안전운전불이행,건조,맑음,단일로 - 지하차도(도로)내,승용,남,61세,상해없음,보행자,여,74세,사망
2022062000100426,2022년 6월 20일 16시,월요일,전라북도 익산시 부송동,경상사고,0,0,1,0,차대사람 - 횡단중,안전운전불이행,건조,맑음,교차로 - 교차로안,승용,남,65세,상해없음,보행자,남,6세,경상
2022062000100427,2022년 6월 20일 16시,월요일,전라북도 김제시 공덕면,경상사고,0,0,1,0,차대차 - 측면충돌,중앙선침범,건조,맑음,단일로 - 기타,이륜,남,71세,상해없음,화물,여,47세,상해없음
2022062000100458,2022년 6월 20일 17시,월요일,전라북도 정읍시 하북동,중상사고,0,1,3,0,차대차 - 추돌,안전운전불이행,건조,맑음,단일로 - 기타,승용,남,47세,상해없음,화물,남,64세,경상
2022062000100490,2022년 6월 20일 18시,월요일,전라북도 남원시 조산동,중상사고,0,1,0,0,차대차 - 기타,안전운전불이행,건조,맑음,교차로 - 교차로안,승용,여,74세,상해없음,자전거,여,61세,중상
2022062000100491,2022년 6월 20일 18시,월요일,전라북도 남원시 이백면,경상사고,0,0,1,0,차대차 - 후진중충돌,안전운전불이행,젖음/습기,비,교차로 - 교차로안,화물,남,62세,상해없음,농기계,남,33세,경상
2022062000100596,2022년 6월 20일 22시,월요일,전라북도 전주시 완산구 효자동2가,중상사고,0,1,0,0,차대사람 - 횡단중,신호위반,건조,맑음,교차로 - 교차로횡단보도내,승용,여,67세,상해없음,보행자,남,67세,중상