사고번호,사고일시,요일,시군구,사고내용,사망자수,중상자수,경상자수,부상신고자수,사고유형,법규위반,노면상태,기상상태,도로형태,가해운전자 차종,가해운전자 성별,가해운전자 연령,가해운전자 상해정도,피해운전자 차종,피해운전자 성별,피해운전자 연령,피해운전자 상해정도
2022062000100597,2022년 6월 20일 22시,월요일,전라북도 군산시 임피면,사망사고,1,2,1,0,차대차 - 추돌,안전운전불이행,건조,맑음,단일로 - 기타,화물,남,41세,경상,화물,남,59세,중상
2022062100100011,2022년 6월 21일 02시,화요일,전라북도 군산시 미룡동,경상사고,0,0,1,0,차대차 - 추돌,안전운전불이행,건조,맑음,단일로 - 지하차도(도로)내,승용,남,56세,상해없음,승용,남,43세,경상
2022062100100055,2022년 6월 21일 07시,화요일,전라북도 전주시 덕진구 여의동,경상사고,0,0,1,0,차대차 - 추돌,안전운전불이행,건조,맑음,단일로 - 기타,승용,여,40세,상해없음,승용,남,61세,경상
2022062100100056,2022년 6월 21일 07시,화요일,전라북도 순창군 금과면,경상사고,0,0,1,0,차대사람 - 기타,안전운전불이행,건조,맑음,단일로 - 기타,화물,남,62세,상해없음,보행자,남,64세,경상
2022062100100088,2022년 6월 21일 08시,화요일,전라북도 익산시 팔봉동,경상사고,0,0,2,0,차대차 - 추돌,안전운전불이행,건조,맑음,단일로 - 기타,승용,여,48세,경상,승용,여,61세,경상
2022062100100128,2022년 6월 21일 09시,화요일,전라북도 전주시 완산구 서신동,경상사고,0,0,1,0,차대차 - 추돌,신호위반,건조,맑음,교차로 - 교차로안,승용,여,66세,상해없음,승용,여,59세,상해없음
2022062100100129,2022년 6월 21일 09시,화요일,전라북도 전주시 완산구 서신동,중상사고,0,1,2,0,차대차 - 추돌,안전운전불이행,건조,맑음,단일로 - 기타,승용,남,26세,상해없음,승용,남,74세,경상
2022062100100130,2022년 6월 21일 09시,화요일,전라북도 부안군 행안면,중상사고,0,1,1,0,차대차 - 측면충돌,신호위반,건조,맑음,교차로 - 교차로안,화물,남,80세,경상,화물,여,49세,중상
2022062100100191,2022년 6월 21일 11시,화요일,전라북도 군산시 삼학동,경상사고,0,0,1,0,차대차 - 측면충돌,중앙선침범,건조,맑음,단일로 - 기타,승용,남,47세,상해없음,이륜,남,59세,경상
2022062100100192,2022년 6월 21일 11시,화요일,전라북도 익산시 인화동1가,경상사고,0,0,1,0,차대차 - 기타,차로위반,건조,맑음,교차로 - 교차로안,화물,남,54세,상해없음,승용,여,42세,경상
2022062100100193,2022년 6월 21일 11시,화요일,전라북도 정읍시 신태인읍,경상사고,0,0,1,0,차대차 - 측면충돌,안전거리미확보,건조,맑음,교차로 - 교차로안,승용,여,58세,상해없음,승용,남,73세,경상
2022062100100219,2022년 6월 21일 12시,화요일,전라북도 전주시 완산구 중앙동1가,경상사고,0,0,1,0,차대사람 - 횡단중,보행자보호의무위반,건조,맑음,단일로 - 기타,승용,남,68세,상해없음,보행자,남,67세,경상
2022062100100249,2022년 6월 21일 13시,화요일,전라북도 전주시 완산구 서신동,경상사고,0,0,6,0,차대차 - 측면충돌,차로위반,건조,맑음,교차로 - 교차로부근,승용,여,57세,상해없음,승합,여,21세,경상
2022062100100250,2022년 6월 21일 13시,화요일,전라북도 익산시 신흥동,경상사고,0,0,3,0,차대차 - 기타,교차로운행방법위반,건조,맑음,교차로 - 교차로안,승용,남,42세,경상,승용,남,24세,경상
2022062100100289,2022년 6월 21일 14시,화요일,전라북도 전주시 완산구 중노송동,중상사고,0,1,0,0,차대차 - 측면충돌,안전운전불이행,건조,맑음,교차로 - 교차로안,승용,여,30세,상해없음,이륜,남,45세,중상
2022062100100290,2022년 6월 21일 14시,화요일,전라북도 김제시 봉남면,경상사고,0,0,1,0,차대사람 - 기타,안전운전불이행,건조,맑음,단일로 - 기타,화물,남,29세,상해없음,보행자,여,79세,경상
2022062100100337,2022년 6월 21일 15시,화요일,전라북도 전주시 완산구 삼천동1가,경상사고,0,0,1,0,차대차 - 추돌,안전운전불이행,건조,맑음,교차로 - 교차로안,승용,여,67세,상해없음,화물,남,32세,경상
2022062100100338,2022년 6월 21일 15시,화요일,전라북도 전주시 덕진구 우아동2가,경상사고,0,0,1,0,차대차 - 추돌,안전운전불이행,건조,맑음,교차로 - 교차로부근,화물,남,63세,상해없음,승용,남,63세,경상
2022062100100371,2022년 6월 21일 16시,화요일,전라북도 군산시 조촌동,경상사고,0,0,1,0,차대차 - 측면충돌,신호위반,건조,맑음,교차로 - 교차로안,승용,남,72세,상해없음,이륜,남,33세,경상
2022062100100372,2022년 6월 21일 16시,화요일,전라북도 익산시 부송동,경상사고,0,0,1,0,차대사람 - 횡단중,안전운전불이행,건조,맑음,교차로 - 교차로안,승용,남,38세,상해없음,보행자,남,73세,경상
2022062100100532,2022년 6월 21일 20시,화요일,전라북도 전주시 완산구 중화산동2가,경상사고,0,0,1,0,차대차 - 후진중충돌,안전운전불이행,건조,맑음,기타 - 기타,승용,남,66세,상해없음,승용,남,39세,경상
2022062100100533,2022년 6월 21일 20시,화요일,전라북도 군산시 미룡동,부상신고사고,0,0,0,1,차대사람 - 기타,안전운전불이행,건조,맑음,단일로 - 기타,승용,남,51세,상해없음,보행자,남,19세,부상신고
2022062100100585,2022년 6월 21일 22시,화요일,전라북도 익산시 여산면,중상사고,0,1,0,0,차대사람 - 차도통행중,안전운전불이행,건조,맑음,단일로 - 기타,승용,남,54세,상해없음,보행자,남,61세,중상
2022062200100031,2022년 6월 22일 04시,수요일,전라북도 전주시 완산구 중화산동2가,중상사고,0,1,0,0,차대사람 - 횡단중,안전운전불이행,건조,맑음,교차로 - 교차로부근,승용,남,75세,상해없음,보행자,남,53세,중상
2022062200100049,2022년 6월 22일 06시,수요일,전라북도 전주시 완산구 효자동1가,사망사고,1,1,3,0,차대차 - 측면충돌,안전운전불이행,건조,맑음,교차로 - 교차로안,승용,남,37세,경상,승용,남,54세,경상
2022062200100069,2022년 6월 22일 07시,수요일,전라북도 전주시 완산구 용복동,중상사고,0,1,0,0,차대사람 - 차도통행중,중앙선침범,건조,맑음,단일로 - 기타,화물,남,61세,상해없음,보행자,여,65세,중상
2022062200100113,2022년 6월 22일 08시,수요일,전라북도 전주시 완산구 효자동2가,경상사고,0,0,1,0,차대차 - 정면충돌,안전운전불이행,건조,맑음,주차장 - 주차장,화물,남,40세,상해없음,자전거,남,56세,경상
2022062200100114,2022년 6월 22일 08시,수요일,전라북도 전주시 덕진구 인후동2가,경상사고,0,0,1,0,차대사람 - 횡단중,안전운전불이행,건조,맑음,단일로 - 기타,승용,여,38세,상해없음,보행자,남,72세,경상
2022062200100115,2022년 6월 22일 08시,수요일,전라북도 익산시 모현동1가,경상사고,0,0,1,0,차대차 - 추돌,안전운전불이행,건조,맑음,단일로 - 기타,승용,여,27세,상해없음,승용,남,77세,경상
2022062200100116,2022년 6월 22일 08시,수요일,전라북도 정읍시 정우면,중상사고,0,1,0,0,차대사람 - 기타,안전운전불이행,건조,맑음,교차로 - 교차로안,승용,남,76세,상해없음,보행자,남,87세,중상
2022062200100117,2022년 6월 22일 08시,수요일,전라북도 고창군 고창읍,경상사고,0,0,1,0,차대사람 - 횡단중,보행자보호의무위반,건조,맑음,기타 - 기타,승용,여,43세,상해없음,보행자,여,11세,경상
2022062200100156,2022년 6월 22일 09시,수요일,전라북도 완주군 이서면,중상사고,0,1,0,0,차대차 - 측면충돌,신호위반,건조,맑음,교차로 - 교차로안,화물,남,57세,상해없음,승용,여,61세,중상
2022062200100186,2022년 6월 22일 10시,수요일,전라북도 전주시 완산구 평화동1가,경상사고,0,0,2,0,차대사람 - 보도통행중,기타,건조,맑음,단일로 - 기타,이륜,남,20세,상해없음,보행자,여,36세,경상
2022062200100187,2022년 6월 22일 10시,수요일,전라북도 전주시 덕진구 송천동2가,경상사고,0,0,1,0,차대차 - 추돌,안전운전불이행,건조,맑음,교차로 - 교차로안,화물,남,26세,상해없음,승용,여,41세,경상
2022062200100188,2022년 6월 22일 10시,수요일,전라북도 전주시 덕진구 금암동,중상사고,0,1,0,0,차대차 - 측면충돌,안전운전불이행,건조,맑음,단일로 - 기타,승용,남,67세,상해없음,자전거,남,66세,중상
2022062200100189,2022년 6월 22일 10시,수요일,전라북도 남원시 도통동,중상사고,0,1,1,0,차대차 - 측면충돌,안전운전불이행,건조,맑음,교차로 - 교차로안,승용,여,54세,상해없음,화물,남,30세,경상
2022062200100215,2022년 6월 22일 11시,수요일,전라북도 전주시 완산구 평화동2가,경상사고,0,0,3,0,차대차 - 정면충돌,신호위반,건조,맑음,교차로 - 교차로안,승용,여,53세,경상,승용,남,63세,경상
2022062200100216,2022년 6월 22일 11시,수요일,전라북도 군산시 나운동,경상사고,0,0,1,0,차대차 - 측면충돌,신호위반,건조,맑음,교차로 - 교차로안,승용,남,81세,상해없음,이륜,남,82세,경상
2022062200100217,2022년 6월 22일 11시,수요일,전라북도 익산시 낭산면,중상사고,0,1,0,0,차대차 - 측면충돌,기타,건조,맑음,교차로 - 교차로안,이륜,남,74세,중상,승용,남,51세,상해없음
2022062200100275,2022년 6월 22일 13시,수요일,전라북도 전주시 완산구 중화산동1가,중상사고,0,1,0,0,차대사람 - 기타,안전운전불이행,건조,맑음,교차로 - 교차로부근,승용,남,64세,상해없음,보행자,남,9세,중상
2022062200100276,2022년 6월 22일 13시,수요일,전라북도 전주시 완산구 평화동3가,경상사고,0,0,1,0,차대차 - 추돌,안전운전불이행,건조,맑음,주차장 - 주차장,승용,여,26세,상해없음,승용,여,40세,경상
2022062200100358,2022년 6월 22일 15시,수요일,전라북도 전주시 덕진구 인후동1가,경상사고,0,0,1,0,차대차 - 후진중충돌,안전운전불이행,건조,맑음,단일로 - 기타,승용,여,40세,상해없음,원동기,남,20세,경상
2022062200100443,2022년 6월 22일 17시,수요일,전라북도 군산시 문화동,경상사고,0,0,1,0,차대차 - 정면충돌,안전운전불이행,건조,흐림,교차로 - 교차로안,승용,여,70세,상해없음,승용,남,70세,경상
2022062200100493,2022년 6월 22일 18시,수요일,전라북도 전주시 완산구 중화산동2가,중상사고,0,1,0,0,차대차 - 측면충돌,안전운전불이행,건조,맑음,교차로 - 교차로안,승용,남,29세,상해없음,개인형이동수단(PM),남,16세,중상
2022062200100531,2022년 6월 22일 19시,수요일,전라북도 군산시 미룡동,중상사고,0,1,1,0,차대차 - 측면충돌,기타,건조,흐림,교차로 - 교차로안,승용,남,46세,경상,승용,남,48세,상해없음
2022062200100557,2022년 6월 22일 20시,수요일,전라북도 익산시 영등동,중상사고,0,1,1,0,차대차 - 기타,교차로운행방법위반,건조,맑음,교차로 - 교차로안,이륜,남,34세,경상,승용,남,30세,중상
2022062200100558,2022년 6월 22일 20시,수요일,전라북도 정읍시 시기동,중상사고,0,1,0,0,차대사람 - 횡단중,보행자보호의무위반,건조,맑음,교차로 - 교차로안,화물,남,41세,상해없음,보행자,여,72세,중상
2022062200100617,2022년 6월 22일 22시,수요일,전라북도 부안군 부안읍,중상사고,0,1,0,0,차대차 - 기타,안전거리미확보,건조,맑음,교차로 - 교차로안,이륜,남,17세,중상,승용,남,66세,상해없음
2022062200100631,2022년 6월 22일 23시,수요일,전라북도 군산시 수송동,경상사고,0,0,1,0,차대차 - 정면충돌,신호위반,건조,흐림,교차로 - 교차로안,승용,여,51세,기타불명,승용,남,42세,경상
2022062300100043,2022년 6월 23일 04시,목요일,전라북도 정읍시 태인면,경상사고,0,0,2,0,차대차 - 추돌,안전운전불이행,건조,맑음,단일로 - 기타,화물,남,26세,경상,승용,남,60세,상해없음
2022062300100122,2022년 6월 23일 08시,목요일,전라북도 전주시 덕진구 덕진동1가,경상사고,0,0,1,0,차대차 - 추돌,안전운전불이행,건조,맑음,교차로 - 교차로부근,승용,여,30세,상해없음,승용,여,25세,경상
2022062300100123,2022년 6월 23일 08시,목요일,전라북도 익산시 모현동1가,중상사고,0,1,0,0,차대차 - 측면충돌,안전운전불이행,건조,맑음,교차로 - 교차로안,자전거,여,65세,중상,승용,남,43세,상해없음
2022062300100181,2022년 6월 23일 10시,목요일,전라북도 정읍시 상동,중상사고,0,2,0,0,차대차 - 측면충돌,신호위반,젖음/습기,비,교차로 - 교차로안,화물,남,59세,상해없음,승용,남,72세,중상
2022062300100182,2022년 6월 23일 10시,목요일,전라북도 남원시 하정동,경상사고,0,0,1,0,차대차 - 측면충돌,안전운전불이행,건조,맑음,단일로 - 기타,자전거,남,82세,경상,승용,여,66세,상해없음
2022062300100183,2022년 6월 23일 10시,목요일,전라북도 완주군 용진읍,경상사고,0,0,1,0,차대차 - 기타,안전운전불이행,건조,맑음,기타 - 기타,승용,남,37세,상해없음,승용,남,64세,경상
2022062300100206,2022년 6월 23일 11시,목요일,전라북도 정읍시 공평동,중상사고,0,4,0,0,차대차 - 추돌,안전운전불이행,젖음/습기,비,교차로 - 교차로안,화물,남,65세,상해없음,승용,남,66세,상해없음
2022062300100207,2022년 6월 23일 11시,목요일,전라북도 김제시 신풍동,경상사고,0,0,2,0,차대차 - 측면충돌,안전운전불이행,젖음/습기,비,단일로 - 기타,승용,남,55세,기타불명,화물,여,56세,경상
2022062300100208,2022년 6월 23일 11시,목요일,전라북도 임실군 오수면,경상사고,0,0,2,0,차대차 - 추돌,안전운전불이행,건조,맑음,교차로 - 교차로안,화물,남,59세,상해없음,승합,남,65세,상해없음
2022062300100238,2022년 6월 23일 12시,목요일,전라북도 전주시 완산구 서신동,경상사고,0,0,1,0,차대차 - 측면충돌,안전운전불이행,젖음/습기,비,교차로 - 교차로안,화물,남,59세,상해없음,승용,여,56세,경상
2022062300100307,2022년 6월 23일 14시,목요일,전라북도 전주시 완산구 효자동3가,경상사고,0,0,3,0,차대차 - 측면충돌,신호위반,젖음/습기,비,교차로 - 교차로안,승용,남,49세,상해없음,승용,남,57세,경상
2022062300100308,2022년 6월 23일 14시,목요일,전라북도 군산시 대명동,경상사고,0,0,1,0,차대차 - 기타,안전운전불이행,건조,맑음,단일로 - 기타,승용,남,67세,상해없음,원동기,남,21세,경상
2022062300100309,2022년 6월 23일 14시,목요일,전라북도 완주군 구이면,경상사고,0,0,1,0,차대차 - 기타,안전운전불이행,젖음/습기,비,교차로 - 교차로안,화물,남,60세,상해없음,승용,남,45세,경상
2022062300100330,2022년 6월 23일 15시,목요일,전라북도 전주시 완산구 서노송동,경상사고,0,0,1,0,차대사람 - 기타,기타,건조,맑음,기타 - 기타,승합,남,70세,기타불명,보행자,여,63세,경상
2022062300100331,2022년 6월 23일 15시,목요일,전라북도 군산시 내흥동,경상사고,0,0,1,0,차대차 - 측면충돌,중앙선침범,건조,맑음,단일로 - 기타,화물,남,72세,상해없음,승용,여,41세,경상
2022062300100363,2022년 6월 23일 16시,목요일,전라북도 익산시 부송동,경상사고,0,0,3,0,차대차 - 측면충돌,직진우회전진행방해,건조,맑음,교차로 - 교차로안,승합,남,61세,경상,승용,여,24세,경상
2022062300100455,2022년 6월 23일 18시,목요일,전라북도 전주시 완산구 평화동2가,경상사고,0,0,2,0,차대차 - 측면충돌,안전운전불이행,건조,맑음,교차로 - 교차로부근,승용,남,70세,경상,승용,여,31세,경상
2022062300100456,2022년 6월 23일 18시,목요일,전라북도 부안군 부안읍,경상사고,0,0,1,0,차대차 - 기타,안전운전불이행,젖음/습기,비,교차로 - 교차로안,승용,여,52세,상해없음,이륜,남,37세,경상
2022062300100502,2022년 6월 23일 19시,목요일,전라북도 전주시 완산구 경원동1가,경상사고,0,0,1,0,차대차 - 추돌,안전운전불이행,젖음/습기,비,교차로 - 교차로부근,화물,남,56세,상해없음,승용,남,33세,경상
2022062300100503,2022년 6월 23일 19시,목요일,전라북도 전주시 덕진구 덕진동2가,경상사고,0,0,1,0,차대차 - 측면충돌,안전거리미확보,젖음/습기,비,단일로 - 기타,화물,남,61세,상해없음,승용,남,39세,경상
2022062300100504,2022년 6월 23일 19시,목요일,전라북도 부안군 부안읍,경상사고,0,0,1,0,차대차 - 기타,안전운전불이행,젖음/습기,비,교차로 - 교차로안,승합,남,52세,상해없음,이륜,남,38세,경상
2022062300100542,2022년 6월 23일 20시,목요일,전라북도 전주시 덕진구 우아동2가,중상사고,0,1,0,0,차대사람 - 횡단중,안전운전불이행,젖음/습기,비,교차로 - 교차로횡단보도내,이륜,남,37세,상해없음,보행자,남,50세,중상
2022062300100653,2022년 6월 23일 23시,목요일,전라북도 전주시 완산구 대성동,경상사고,0,0,1,0,차량단독 - 공작물충돌,안전운전불이행,젖음/습기,비,기타 - 기타,승용,남,50세,경상,,,,
2022062300100654,2022년 6월 23일 23시,목요일,전라북도 전주시 덕진구 우아동3가,경상사고,0,0,1,0,차대사람 - 횡단중,보행자보호의무위반,젖음/습기,비,교차로 - 교차로횡단보도내,승용,남,39세,상해없음,보행자,여,28세,경상
2022062400100016,2022년 6월 24일 00시,금요일,전라북도 익산시 모현동1가,경상사고,0,0,2,0,차대차 - 측면충돌,안전운전불이행,젖음/습기,비,교차로 - 교차로부근,승용,남,67세,상해없음,승용,남,28세,경상
2022062400100029,2022년 6월 24일 01시,금요일,전라북도 전주시 완산구 중화산동2가,경상사고,0,0,2,0,차대차 - 기타,안전운전불이행,젖음/습기,비,교차로 - 교차로안,승용,남,23세,경상,승용,여,27세,경상
2022062400100030,2022년 6월 24일 01시,금요일,전라북도 익산시 삼기면,경상사고,0,0,1,0,차대차 - 추돌,안전운전불이행,젖음/습기,비,단일로 - 기타,승용,남,59세,상해없음,화물,남,62세,경상
2022062400100078,2022년 6월 24일 06시,금요일,전라북도 전주시 완산구 서신동,경상사고,0,0,1,0,차대차 - 측면충돌,안전운전불이행,건조,흐림,교차로 - 교차로횡단보도내,승용,여,56세,상해없음,자전거,남,73세,경상
2022062400100120,2022년 6월 24일 08시,금요일,전라북도 전주시 덕진구 반월동,경상사고,0,0,1,0,차대차 - 추돌,안전거리미확보,젖음/습기,흐림,단일로 - 기타,승용,여,36세,상해없음,승용,남,29세,경상
2022062400100164,2022년 6월 24일 09시,금요일,전라북도 익산시 송학동,경상사고,0,0,1,0,차대차 - 측면충돌,안전운전불이행,건조,맑음,교차로 - 교차로안,화물,남,54세,상해없음,승용,여,61세,경상
2022062400100235,2022년 6월 24일 12시,금요일,전라북도 전주시 덕진구 덕진동2가,경상사고,0,0,4,0,차대차 - 측면충돌,직진우회전진행방해,건조,맑음,교차로 - 교차로안,화물,남,30세,상해없음,승용,남,69세,경상
2022062400100265,2022년 6월 24일 13시,금요일,전라북도 전주시 덕진구 금암동,경상사고,0,0,2,0,차대차 - 측면충돌,안전운전불이행,건조,맑음,교차로 - 교차로안,승용,남,64세,상해없음,승용,여,70세,경상
2022062400100266,2022년 6월 24일 13시,금요일,전라북도 완주군 소양면,경상사고,0,0,1,0,차대차 - 후진중충돌,안전운전불이행,건조,맑음,주차장 - 주차장,승용,남,71세,상해없음,승용,여,27세,경상
2022062400100302,2022년 6월 24일 14시,금요일,전라북도 익산시 중앙동1가,경상사고,0,0,1,0,차대차 - 측면충돌,중앙선침범,건조,맑음,단일로 - 기타,승용,여,55세,상해없음,자전거,남,69세,경상
2022062400100303,2022년 6월 24일 14시,금요일,전라북도 정읍시 정우면,중상사고,0,1,0,0,차량단독 - 공작물충돌,안전운전불이행,건조,맑음,단일로 - 기타,화물,남,65세,중상,,,,
2022062400100378,2022년 6월 24일 16시,금요일,전라북도 남원시 향교동,중상사고,0,1,0,0,차대차 - 측면충돌,신호위반,건조,맑음,교차로 - 교차로안,개인형이동수단(PM),남,15세,중상,화물,남,48세,상해없음
2022062400100439,2022년 6월 24일 17시,금요일,전라북도 익산시 영등동,경상사고,0,0,1,0,차대차 - 측면충돌,교차로운행방법위반,건조,맑음,교차로 - 교차로안,승용,여,33세,상해없음,승합,남,48세,경상
2022062400100440,2022년 6월 24일 17시,금요일,전라북도 완주군 삼례읍,중상사고,0,1,0,0,차대차 - 기타,중앙선침범,건조,맑음,단일로 - 기타,자전거,여,76세,중상,이륜,남,74세,상해없음
2022062400100482,2022년 6월 24일 18시,금요일,전라북도 전주시 완산구 평화동1가,경상사고,0,0,1,0,차대차 - 추돌,안전운전불이행,건조,맑음,교차로 - 교차로부근,승용,여,56세,상해없음,승용,여,40세,경상
2022062400100483,2022년 6월 24일 18시,금요일,전라북도 정읍시 수성동,사망사고,1,0,0,0,차대사람 - 횡단중,보행자보호의무위반,건조,맑음,교차로 - 교차로횡단보도내,이륜,남,21세,상해없음,보행자,여,54세,사망
2022062400100554,2022년 6월 24일 20시,금요일,전라북도 전주시 완산구 중화산동2가,중상사고,0,1,0,0,차대사람 - 기타,안전운전불이행,건조,맑음,기타 - 기타,승용,여,56세,상해없음,보행자,남,65세,중상
2022062400100584,2022년 6월 24일 21시,금요일,전라북도 군산시 나운동,부상신고사고,0,0,0,1,차대사람 - 보도통행중,기타,건조,맑음,기타 - 기타,이륜,남,56세,상해없음,보행자,남,24세,부상신고
2022062400100585,2022년 6월 24일 21시,금요일,전라북도 익산시 어양동,경상사고,0,0,2,0,차대차 - 측면충돌,직진우회전진행방해,건조,맑음,교차로 - 교차로안,이륜,남,42세,경상,승용,남,55세,경상
2022062500100027,2022년 6월 25일 02시,토요일,전라북도 남원시 쌍교동,중상사고,0,1,0,0,차대차 - 정면충돌,교차로운행방법위반,건조,맑음,교차로 - 교차로안,승용,여,42세,상해없음,자전거,남,43세,중상
2022062500100039,2022년 6월 25일 03시,토요일,전라북도 남원시 이백면,중상사고,0,1,0,0,차량단독 - 공작물충돌,안전운전불이행,건조,맑음,교차로 - 교차로부근,승용,남,65세,중상,,,,
2022062500100056,2022년 6월 25일 05시,토요일,전라북도 군산시 수송동,경상사고,0,0,1,0,차대차 - 추돌,안전운전불이행,건조,맑음,단일로 - 지하차도(도로)내,승용,남,75세,상해없음,승용,남,63세,경상
2022062500100079,2022년 6월 25일 07시,토요일,전라북도 군산시 미룡동,경상사고,0,0,1,0,차대차 - 정면충돌,안전운전불이행,건조,맑음,교차로 - 교차로부근,승용,남,26세,상해없음,승용,남,52세,경상
2022062500100122,2022년 6월 25일 09시,토요일,전라북도 익산시 영등동,경상사고,0,0,1,0,차대차 - 추돌,안전거리미확보,건조,맑음,교차로 - 교차로안,특수,남,55세,상해없음,승용,여,48세,경상
2022062500100123,2022년 6월 25일 09시,토요일,전라북도 익산시 왕궁면,중상사고,0,1,0,0,차대차 - 정면충돌,교차로운행방법위반,건조,맑음,교차로 - 교차로안,승용,남,74세,상해없음,승용,여,55세,중상
2022062500100124,2022년 6월 25일 09시,토요일,전라북도 남원시 죽항동,중상사고,0,1,1,0,차대차 - 추돌,안전운전불이행,건조,맑음,교차로 - 교차로부근,승용,남,75세,상해없음,화물,남,37세,중상
2022062500100205,2022년 6월 25일 11시,토요일,전라북도 전주시 완산구 동서학동,경상사고,0,0,2,0,차대차 - 측면충돌,신호위반,건조,맑음,교차로 - 교차로안,승용,여,66세,경상,승용,남,53세,경상
2022062500100297,2022년 6월 25일 13시,토요일,전라북도 전주시 완산구 서신동,경상사고,0,0,1,0,차대사람 - 기타,안전운전불이행,건조,맑음,단일로 - 기타,승용,남,49세,상해없음,보행자,여,80세,경상
2022062500100298,2022년 6월 25일 13시,토요일,전라북도 전주시 덕진구 우아동3가,경상사고,0,0,1,0,차대차 - 측면충돌,안전운전불이행,건조,맑음,교차로 - 교차로부근,승용,여,31세,상해없음,승용,여,61세,경상
2022062500100299,2022년 6월 25일 13시,토요일,전라북도 남원시 사매면,경상사고,0,0,2,0,차대차 - 추돌,안전운전불이행,건조,맑음,단일로 - 기타,화물,남,71세,상해없음,승용,남,49세,경상
2022062500100425,2022년 6월 25일 16시,토요일,전라북도 군산시 수송동,중상사고,0,1,2,0,차대차 - 측면충돌,안전운전불이행,건조,맑음,교차로 - 교차로안,승용,남,53세,경상,승용,여,65세,중상
2022062500100462,2022년 6월 25일 17시,토요일,전라북도 완주군 용진읍,경상사고,0,0,2,0,차대차 - 추돌,안전거리미확보,건조,맑음,단일로 - 기타,승용,여,20세,상해없음,승용,남,41세,경상
2022062500100559,2022년 6월 25일 20시,토요일,전라북도 군산시 나운동,경상사고,0,0,2,0,차대차 - 추돌,안전운전불이행,건조,맑음,단일로 - 기타,이륜,남,22세,경상,승용,여,19세,경상
2022062500100560,2022년 6월 25일 20시,토요일,전라북도 남원시 고죽동,경상사고,0,0,1,0,차대차 - 측면충돌,직진우회전진행방해,건조,맑음,교차로 - 교차로안,화물,남,43세,상해없음,원동기,남,34세,경상
2022062500100619,2022년 6월 25일 22시,토요일,전라북도 익산시 오산면,경상사고,0,0,1,0,차대차 - 측면충돌,안전운전불이행,건조,맑음,단일로 - 기타,승용,남,33세,상해없음,승용,남,48세,경상
2022062500100647,2022년 6월 25일 23시,토요일,전라북도 정읍시 시기동,경상사고,0,0,1,0,차대차 - 기타,중앙선침범,건조,맑음,단일로 - 기타,승용,여,22세,상해없음,승용,남,54세,상해없음
2022062600100080,2022년 6월 26일 09시,일요일,전라북도 군산시 경장동,경상사고,0,0,1,0,차대차 - 측면충돌,신호위반,건조,맑음,교차로 - 교차로안,화물,남,81세,상해없음,승용,남,65세,경상
2022062600100103,2022년 6월 26일 10시,일요일,전라북도 전주시 덕진구 진북동,중상사고,0,2,0,0,차대차 - 측면충돌,신호위반,건조,맑음,교차로 - 교차로안,승용,남,73세,상해없음,승용,남,51세,중상
2022062600100138,2022년 6월 26일 12시,일요일,전라북도 전주시 완산구 중노송동,중상사고,0,1,0,0,차대사람 - 횡단중,안전운전불이행,건조,맑음,교차로 - 교차로횡단보도내,승용,여,48세,상해없음,보행자,여,84세,중상
2022062600100139,2022년 6월 26일 12시,일요일,전라북도 군산시 금암동,경상사고,0,0,1,0,차대사람 - 횡단중,보행자보호의무위반,건조,맑음,교차로 - 교차로안,승용,여,72세,상해없음,보행자,남,69세,경상
2022062600100140,2022년 6월 26일 12시,일요일,전라북도 군산시 옥도면,중상사고,0,1,0,0,차대사람 - 길가장자리구역통행중,안전운전불이행,건조,맑음,단일로 - 기타,승용,남,60세,상해없음,보행자,남,61세,중상
2022062600100185,2022년 6월 26일 14시,일요일,전라북도 전주시 덕진구 송천동1가,경상사고,0,0,1,0,차대차 - 후진중충돌,안전운전불이행,건조,맑음,단일로 - 기타,화물,여,31세,상해없음,승용,여,61세,경상
2022062600100277,2022년 6월 26일 17시,일요일,전라북도 전주시 완산구 효자동2가,경상사고,0,0,1,0,차대차 - 측면충돌,안전운전불이행,건조,맑음,단일로 - 기타,승용,남,67세,상해없음,이륜,남,30세,경상
2022062600100306,2022년 6월 26일 18시,일요일,전라북도 임실군 임실읍,중상사고,0,1,0,0,차대차 - 추돌,교차로운행방법위반,건조,흐림,교차로 - 교차로안,승용,남,21세,상해없음,이륜,남,34세,중상
2022062600100347,2022년 6월 26일 20시,일요일,전라북도 군산시 나운동,경상사고,0,0,1,0,차대차 - 측면충돌,직진우회전진행방해,건조,맑음,교차로 - 교차로안,승용,여,37세,상해없음,이륜,남,38세,경상
2022062600100348,2022년 6월 26일 20시,일요일,전라북도 익산시 창인동1가,경상사고,0,0,1,0,차대차 - 추돌,안전운전불이행,건조,맑음,단일로 - 기타,승용,여,54세,상해없음,승용,남,39세,경상
2022062600100375,2022년 6월 26일 21시,일요일,전라북도 군산시 나운동,경상사고,0,0,1,0,차대차 - 기타,안전운전불이행,건조,맑음,교차로 - 교차로부근,승용,여,41세,상해없음,원동기,남,43세,경상
2022062600100389,2022년 6월 26일 22시,일요일,전라북도 군산시 수송동,부상신고사고,0,0,0,1,차대차 - 기타,직진우회전진행방해,건조,맑음,교차로 - 교차로안,이륜,남,17세,부상신고,승용,남,31세,상해없음