사고번호,사고일시,요일,시군구,사고내용,사망자수,중상자수,경상자수,부상신고자수,사고유형,법규위반,노면상태,기상상태,도로형태,가해운전자 차종,가해운전자 성별,가해운전자 연령,가해운전자 상해정도,피해운전자 차종,피해운전자 성별,피해운전자 연령,피해운전자 상해정도
2022062700100014,2022년 6월 27일 01시,월요일,전라북도 군산시 소룡동,부상신고사고,0,0,0,1,차대사람 - 기타,안전운전불이행,건조,맑음,교차로 - 교차로안,승용,남,65세,상해없음,보행자,남,36세,부상신고
2022062700100046,2022년 6월 27일 06시,월요일,전라북도 남원시 광치동,사망사고,1,0,0,0,차량단독 - 공작물충돌,안전운전불이행,젖음/습기,흐림,단일로 - 기타,화물,남,67세,사망,,,,
2022062700100102,2022년 6월 27일 08시,월요일,전라북도 익산시 어양동,경상사고,0,0,2,0,차대차 - 기타,신호위반,건조,맑음,단일로 - 기타,승용,남,45세,상해없음,승용,남,72세,경상
2022062700100135,2022년 6월 27일 09시,월요일,전라북도 전주시 완산구 동완산동,경상사고,0,0,1,0,차대차 - 측면충돌,안전거리미확보,건조,맑음,단일로 - 기타,승용,남,82세,상해없음,승용,여,55세,경상
2022062700100136,2022년 6월 27일 09시,월요일,전라북도 군산시 소룡동,경상사고,0,0,1,0,차대사람 - 기타,안전운전불이행,건조,맑음,단일로 - 기타,기타불명,기타불명,미분류,기타불명,보행자,여,55세,경상
2022062700100173,2022년 6월 27일 10시,월요일,전라북도 익산시 황등면,경상사고,0,0,1,0,차대차 - 측면충돌,직진우회전진행방해,건조,맑음,교차로 - 교차로안,승용,여,76세,상해없음,승용,남,60세,상해없음
2022062700100174,2022년 6월 27일 10시,월요일,전라북도 정읍시 고부면,경상사고,0,0,1,0,차대차 - 기타,안전운전불이행,건조,맑음,단일로 - 교량,이륜,남,84세,경상,화물,남,67세,상해없음
2022062700100203,2022년 6월 27일 11시,월요일,전라북도 전주시 완산구 서서학동,중상사고,0,1,0,0,차대사람 - 횡단중,보행자보호의무위반,건조,맑음,교차로 - 교차로횡단보도내,승용,남,57세,상해없음,보행자,여,78세,중상
2022062700100204,2022년 6월 27일 11시,월요일,전라북도 남원시 인월면,중상사고,0,1,0,0,차대사람 - 차도통행중,안전운전불이행,건조,맑음,교차로 - 교차로안,승용,여,55세,상해없음,보행자,여,78세,중상
2022062700100230,2022년 6월 27일 12시,월요일,전라북도 전주시 완산구 서신동,경상사고,0,0,1,0,차대차 - 측면충돌,신호위반,건조,맑음,단일로 - 기타,승용,남,82세,상해없음,승용,여,31세,경상
2022062700100231,2022년 6월 27일 12시,월요일,전라북도 전주시 완산구 중화산동2가,경상사고,0,0,2,0,차대차 - 정면충돌,신호위반,건조,맑음,교차로 - 교차로안,승용,여,41세,상해없음,승용,남,31세,경상
2022062700100232,2022년 6월 27일 12시,월요일,전라북도 전주시 덕진구 우아동1가,경상사고,0,0,1,0,차대차 - 측면충돌,안전운전불이행,건조,맑음,교차로 - 교차로안,승용,남,54세,상해없음,승용,남,41세,경상
2022062700100233,2022년 6월 27일 12시,월요일,전라북도 군산시 명산동,경상사고,0,0,1,0,차대사람 - 기타,기타,건조,맑음,기타 - 기타,승용,남,67세,상해없음,보행자,여,67세,경상
2022062700100269,2022년 6월 27일 13시,월요일,전라북도 군산시 나운동,경상사고,0,0,1,0,차대차 - 측면충돌,안전운전불이행,건조,맑음,교차로 - 교차로안,승용,남,77세,상해없음,자전거,여,50세,경상
2022062700100296,2022년 6월 27일 14시,월요일,전라북도 장수군 산서면,경상사고,0,0,1,0,차대차 - 측면충돌,교차로운행방법위반,건조,맑음,교차로 - 교차로안,이륜,남,71세,경상,승용,남,35세,상해없음
2022062700100322,2022년 6월 27일 15시,월요일,전라북도 군산시 조촌동,경상사고,0,0,1,0,차대사람 - 기타,안전운전불이행,건조,맑음,단일로 - 기타,승용,남,23세,상해없음,보행자,남,43세,경상
2022062700100323,2022년 6월 27일 15시,월요일,전라북도 남원시 금동,중상사고,0,1,0,0,차대차 - 기타,안전운전불이행,건조,흐림,단일로 - 기타,자전거,여,77세,중상,화물,남,64세,상해없음
2022062700100437,2022년 6월 27일 18시,월요일,전라북도 전주시 덕진구 인후동1가,경상사고,0,0,1,0,차대사람 - 횡단중,보행자보호의무위반,건조,맑음,교차로 - 교차로횡단보도내,승용,남,53세,상해없음,보행자,남,70세,경상
2022062700100438,2022년 6월 27일 18시,월요일,전라북도 군산시 수송동,경상사고,0,0,2,0,차대차 - 측면충돌,신호위반,건조,맑음,교차로 - 교차로안,승용,여,20세,상해없음,승용,남,30세,경상
2022062700100492,2022년 6월 27일 20시,월요일,전라북도 군산시 소룡동,경상사고,0,0,1,0,차대사람 - 횡단중,보행자보호의무위반,건조,맑음,교차로 - 교차로횡단보도내,승용,남,44세,상해없음,보행자,여,46세,경상
2022062700100549,2022년 6월 27일 23시,월요일,전라북도 전주시 완산구 중화산동2가,경상사고,0,0,1,0,차대차 - 측면충돌,안전운전불이행,건조,맑음,교차로 - 교차로안,이륜,남,21세,상해없음,승용,남,49세,경상
2022062800100082,2022년 6월 28일 08시,화요일,전라북도 군산시 서흥남동,경상사고,0,0,1,0,차대차 - 측면충돌,안전운전불이행,건조,맑음,교차로 - 교차로안,승용,남,68세,상해없음,자전거,여,75세,경상
2022062800100149,2022년 6월 28일 10시,화요일,전라북도 군산시 대명동,경상사고,0,0,2,0,차대차 - 추돌,안전운전불이행,건조,맑음,교차로 - 교차로부근,승용,남,61세,상해없음,승용,남,68세,경상
2022062800100150,2022년 6월 28일 10시,화요일,전라북도 김제시 신풍동,경상사고,0,0,1,0,차대사람 - 횡단중,안전운전불이행,건조,맑음,단일로 - 기타,승용,여,50세,상해없음,보행자,남,78세,경상
2022062800100151,2022년 6월 28일 10시,화요일,전라북도 완주군 봉동읍,경상사고,0,0,1,0,차대차 - 측면충돌,안전운전불이행,건조,맑음,교차로 - 교차로안,화물,남,47세,상해없음,승용,남,52세,경상
2022062800100210,2022년 6월 28일 12시,화요일,전라북도 전주시 덕진구 중동,경상사고,0,0,1,0,차대차 - 측면충돌,안전거리미확보,건조,맑음,교차로 - 교차로안,승용,여,62세,상해없음,이륜,남,21세,경상
2022062800100211,2022년 6월 28일 12시,화요일,전라북도 군산시 수송동,경상사고,0,0,1,0,차대차 - 측면충돌,안전운전불이행,건조,맑음,교차로 - 교차로안,화물,남,49세,상해없음,자전거,남,79세,경상
2022062800100271,2022년 6월 28일 14시,화요일,전라북도 김제시 황산면,경상사고,0,0,1,0,차대차 - 추돌,안전운전불이행,건조,맑음,교차로 - 교차로안,화물,남,62세,상해없음,승용,여,28세,경상
2022062800100303,2022년 6월 28일 15시,화요일,전라북도 군산시 나운동,경상사고,0,0,1,0,차대차 - 측면충돌,안전운전불이행,건조,맑음,교차로 - 교차로부근,승용,여,42세,상해없음,이륜,남,67세,경상
2022062800100304,2022년 6월 28일 15시,화요일,전라북도 정읍시 상동,경상사고,0,0,5,0,차대차 - 측면충돌,신호위반,젖음/습기,흐림,교차로 - 교차로안,화물,남,71세,상해없음,승용,여,41세,경상
2022062800100305,2022년 6월 28일 15시,화요일,전라북도 부안군 보안면,중상사고,0,1,0,0,차대차 - 측면충돌,교차로운행방법위반,건조,흐림,교차로 - 교차로안,이륜,남,77세,중상,화물,남,65세,상해없음
2022062800100343,2022년 6월 28일 16시,화요일,전라북도 익산시 마동,중상사고,0,1,0,0,차대사람 - 횡단중,보행자보호의무위반,건조,맑음,단일로 - 기타,승용,남,70세,상해없음,보행자,남,14세,중상
2022062800100344,2022년 6월 28일 16시,화요일,전라북도 무주군 안성면,경상사고,0,0,1,0,차대차 - 측면충돌,신호위반,건조,맑음,교차로 - 교차로안,화물,남,50세,상해없음,이륜,남,75세,경상
2022062800100415,2022년 6월 28일 18시,화요일,전라북도 남원시 도통동,경상사고,0,0,1,0,차대차 - 측면충돌,기타,건조,맑음,교차로 - 교차로부근,승용,남,58세,상해없음,이륜,남,60세,경상
2022062800100416,2022년 6월 28일 18시,화요일,전라북도 완주군 봉동읍,경상사고,0,0,1,0,차대차 - 기타,신호위반,건조,맑음,교차로 - 교차로안,승용,남,21세,상해없음,승용,남,30세,경상
2022062800100456,2022년 6월 28일 19시,화요일,전라북도 군산시 동흥남동,경상사고,0,0,1,0,차대차 - 측면충돌,안전운전불이행,건조,맑음,교차로 - 교차로안,승용,여,39세,상해없음,승용,남,62세,경상
2022062800100521,2022년 6월 28일 21시,화요일,전라북도 전주시 완산구 서서학동,경상사고,0,0,1,0,차대차 - 정면충돌,안전운전불이행,건조,맑음,단일로 - 기타,원동기,여,20세,상해없음,승용,여,48세,경상
2022062800100522,2022년 6월 28일 21시,화요일,전라북도 군산시 수송동,경상사고,0,0,1,0,차대차 - 측면충돌,안전운전불이행,건조,맑음,교차로 - 교차로안,화물,남,49세,상해없음,개인형이동수단(PM),여,19세,경상
2022062800100545,2022년 6월 28일 22시,화요일,전라북도 전주시 덕진구 호성동1가,경상사고,0,0,1,0,차대사람 - 보도통행중,안전운전불이행,건조,맑음,기타 - 기타,개인형이동수단(PM),남,15세,상해없음,보행자,여,27세,경상
2022062800100546,2022년 6월 28일 22시,화요일,전라북도 군산시 대명동,경상사고,0,0,1,0,차대차 - 측면충돌,안전운전불이행,건조,맑음,단일로 - 지하차도(도로)내,승용,남,21세,상해없음,승용,남,41세,상해없음
2022062900100067,2022년 6월 29일 07시,수요일,전라북도 완주군 봉동읍,경상사고,0,0,1,0,차대차 - 기타,신호위반,젖음/습기,비,교차로 - 교차로안,화물,남,41세,상해없음,화물,남,58세,경상
2022062900100132,2022년 6월 29일 09시,수요일,전라북도 완주군 봉동읍,사망사고,1,0,0,0,차량단독 - 기타,안전운전불이행,건조,맑음,단일로 - 기타,승용,남,53세,사망,,,,
2022062900100182,2022년 6월 29일 11시,수요일,전라북도 익산시 성당면,경상사고,0,0,1,0,차대차 - 기타,안전운전불이행,건조,맑음,단일로 - 기타,승합,남,58세,상해없음,승용,여,55세,경상
2022062900100254,2022년 6월 29일 13시,수요일,전라북도 정읍시 시기동,중상사고,0,1,0,0,차대차 - 측면충돌,직진우회전진행방해,젖음/습기,비,교차로 - 교차로안,자전거,남,77세,중상,승용,여,48세,상해없음
2022062900100289,2022년 6월 29일 14시,수요일,전라북도 익산시 영등동,경상사고,0,0,3,0,차대차 - 기타,교차로운행방법위반,건조,맑음,교차로 - 교차로부근,승용,남,41세,경상,승용,여,41세,경상
2022062900100331,2022년 6월 29일 15시,수요일,전라북도 완주군 봉동읍,경상사고,0,0,1,0,차대차 - 기타,교차로운행방법위반,건조,맑음,교차로 - 교차로안,승용,남,27세,상해없음,이륜,남,58세,경상
2022062900100364,2022년 6월 29일 16시,수요일,전라북도 전주시 덕진구 송천동1가,경상사고,0,0,2,0,차대차 - 측면충돌,안전운전불이행,침수,맑음,교차로 - 교차로안,개인형이동수단(PM),남,17세,상해없음,승용,남,25세,경상
2022062900100552,2022년 6월 29일 21시,수요일,전라북도 전주시 덕진구 중동,경상사고,0,0,3,0,차대차 - 측면충돌,안전운전불이행,젖음/습기,흐림,교차로 - 교차로안,승용,남,24세,상해없음,승용,여,37세,경상
2022062900100596,2022년 6월 29일 23시,수요일,전라북도 전주시 완산구 서신동,경상사고,0,0,1,0,차대차 - 기타,안전운전불이행,건조,맑음,주차장 - 주차장,승용,남,54세,상해없음,승용,남,42세,경상
2022063000100053,2022년 6월 30일 03시,목요일,전라북도 전주시 완산구 중화산동2가,경상사고,0,0,1,0,차대차 - 측면충돌,안전운전불이행,젖음/습기,비,교차로 - 교차로부근,승용,남,17세,상해없음,승용,남,42세,경상
2022063000100127,2022년 6월 30일 08시,목요일,전라북도 전주시 완산구 경원동1가,경상사고,0,0,1,0,차대차 - 측면충돌,신호위반,건조,맑음,교차로 - 교차로안,승용,남,21세,기타불명,승용,여,46세,경상
2022063000100128,2022년 6월 30일 08시,목요일,전라북도 전주시 완산구 풍남동2가,경상사고,0,0,1,0,차대차 - 기타,안전운전불이행,건조,맑음,교차로 - 교차로부근,자전거,남,30세,경상,승용,여,49세,상해없음
2022063000100168,2022년 6월 30일 09시,목요일,전라북도 전주시 완산구 효자동1가,경상사고,0,0,1,0,차대차 - 측면충돌,안전운전불이행,젖음/습기,맑음,교차로 - 교차로안,화물,남,63세,상해없음,승용,여,48세,경상
2022063000100231,2022년 6월 30일 12시,목요일,전라북도 정읍시 장명동,중상사고,0,1,0,0,차대사람 - 횡단중,보행자보호의무위반,건조,맑음,교차로 - 교차로안,승용,남,49세,상해없음,보행자,여,23세,중상
2022063000100259,2022년 6월 30일 13시,목요일,전라북도 전주시 완산구 상림동,경상사고,0,0,1,0,차대차 - 정면충돌,중앙선침범,건조,맑음,단일로 - 기타,승용,남,54세,상해없음,승용,남,55세,경상
2022063000100314,2022년 6월 30일 15시,목요일,전라북도 전주시 덕진구 송천동2가,경상사고,0,0,1,0,차대사람 - 횡단중,보행자보호의무위반,건조,맑음,교차로 - 교차로횡단보도내,승용,남,64세,상해없음,보행자,여,11세,경상
2022063000100354,2022년 6월 30일 16시,목요일,전라북도 전주시 덕진구 금암동,경상사고,0,0,2,0,차대차 - 추돌,안전운전불이행,건조,맑음,단일로 - 기타,화물,남,38세,상해없음,승용,여,36세,경상
2022063000100355,2022년 6월 30일 16시,목요일,전라북도 김제시 황산면,경상사고,0,0,1,0,차대차 - 측면충돌,신호위반,건조,맑음,교차로 - 교차로안,화물,남,71세,상해없음,승용,여,34세,경상
2022063000100392,2022년 6월 30일 17시,목요일,전라북도 전주시 덕진구 금암동,중상사고,0,1,0,0,차대사람 - 횡단중,보행자보호의무위반,건조,맑음,교차로 - 교차로횡단보도내,이륜,남,27세,상해없음,보행자,여,29세,중상
2022063000100393,2022년 6월 30일 17시,목요일,전라북도 군산시 오식도동,중상사고,0,3,0,0,차대차 - 측면충돌,기타,건조,맑음,교차로 - 교차로안,승용,남,60세,중상,승용,남,55세,중상
2022063000100394,2022년 6월 30일 17시,목요일,전라북도 익산시 부송동,경상사고,0,0,2,0,차대차 - 추돌,안전운전불이행,건조,맑음,단일로 - 기타,승용,남,61세,상해없음,승용,여,46세,경상
2022063000100395,2022년 6월 30일 17시,목요일,전라북도 정읍시 농소동,경상사고,0,0,1,0,차대사람 - 기타,안전운전불이행,건조,맑음,기타 - 기타,원동기,남,84세,상해없음,보행자,여,70세,경상
2022063000100478,2022년 6월 30일 19시,목요일,전라북도 군산시 임피면,중상사고,0,1,0,0,차량단독 - 도로외이탈 - 추락,안전운전불이행,건조,맑음,단일로 - 기타,승용,남,61세,상해없음,,,,
2022063000100571,2022년 6월 30일 22시,목요일,전라북도 전주시 덕진구 송천동2가,경상사고,0,0,1,0,차대차 - 측면충돌,신호위반,건조,맑음,교차로 - 교차로안,승용,여,48세,상해없음,승용,남,33세,경상
2022063000100607,2022년 6월 30일 23시,목요일,전라북도 익산시 어양동,경상사고,0,0,1,0,차대사람 - 기타,교차로운행방법위반,건조,맑음,교차로 - 교차로안,승용,남,55세,상해없음,보행자,남,48세,경상
2022070100100007,2022년 7월 1일 00시,금요일,전라북도 전주시 완산구 효자동3가,경상사고,0,0,1,0,차대차 - 후진중충돌,안전운전불이행,건조,맑음,단일로 - 기타,화물,남,42세,상해없음,승용,남,27세,경상
2022070100100008,2022년 7월 1일 00시,금요일,전라북도 군산시 미장동,중상사고,0,1,4,0,차대차 - 추돌,안전운전불이행,건조,맑음,교차로 - 교차로부근,승용,여,59세,상해없음,승용,남,32세,중상
2022070100100029,2022년 7월 1일 03시,금요일,전라북도 전주시 덕진구 덕진동1가,경상사고,0,0,1,0,차대차 - 추돌,안전운전불이행,건조,맑음,단일로 - 기타,승용,남,19세,상해없음,승용,남,68세,경상
2022070100100102,2022년 7월 1일 08시,금요일,전라북도 군산시 나운동,경상사고,0,0,1,0,차대차 - 측면충돌,신호위반,건조,맑음,교차로 - 교차로안,화물,남,48세,상해없음,자전거,남,79세,경상
2022070100100103,2022년 7월 1일 08시,금요일,전라북도 부안군 줄포면,중상사고,0,1,1,0,차대차 - 측면충돌,안전운전불이행,건조,맑음,단일로 - 기타,승합,남,53세,상해없음,이륜,남,84세,중상
2022070100100104,2022년 7월 1일 08시,금요일,전라북도 부안군 부안읍,중상사고,0,1,0,0,차대사람 - 기타,보행자보호의무위반,건조,맑음,교차로 - 교차로부근,승용,남,78세,상해없음,보행자,남,84세,중상
2022070100100105,2022년 7월 1일 08시,금요일,전라북도 완주군 이서면,경상사고,0,0,2,0,차대사람 - 기타,안전운전불이행,건조,맑음,단일로 - 기타,화물,남,56세,상해없음,보행자,남,81세,경상
2022070100100147,2022년 7월 1일 09시,금요일,전라북도 군산시 서흥남동,경상사고,0,0,2,0,차대차 - 측면충돌,안전운전불이행,건조,맑음,단일로 - 기타,승용,남,71세,상해없음,승용,남,63세,경상
2022070100100148,2022년 7월 1일 09시,금요일,전라북도 부안군 부안읍,경상사고,0,0,1,0,차대차 - 측면충돌,안전거리미확보,건조,맑음,단일로 - 기타,승용,남,79세,상해없음,승용,남,27세,경상
2022070100100186,2022년 7월 1일 10시,금요일,전라북도 고창군 고창읍,경상사고,0,0,1,0,차대차 - 측면충돌,안전운전불이행,건조,맑음,단일로 - 기타,승용,남,48세,상해없음,승용,여,40세,경상
2022070100100215,2022년 7월 1일 11시,금요일,전라북도 군산시 대야면,중상사고,0,1,0,0,차대차 - 기타,신호위반,건조,맑음,단일로 - 기타,승용,여,70세,기타불명,승용,여,58세,중상
2022070100100248,2022년 7월 1일 12시,금요일,전라북도 남원시 신촌동,경상사고,0,0,1,0,차대차 - 기타,안전운전불이행,건조,맑음,교차로 - 교차로부근,화물,남,55세,상해없음,승용,남,56세,상해없음
2022070100100278,2022년 7월 1일 13시,금요일,전라북도 군산시 조촌동,경상사고,0,0,2,0,차대차 - 측면충돌,안전운전불이행,건조,맑음,교차로 - 교차로안,승용,여,43세,상해없음,승용,남,34세,경상
2022070100100279,2022년 7월 1일 13시,금요일,전라북도 정읍시 시기동,경상사고,0,0,1,0,차대차 - 기타,안전운전불이행,건조,맑음,주차장 - 주차장,승용,남,74세,상해없음,승용,남,48세,경상
2022070100100312,2022년 7월 1일 14시,금요일,전라북도 군산시 수송동,경상사고,0,0,2,0,차대차 - 측면충돌,직진우회전진행방해,건조,맑음,교차로 - 교차로안,승용,여,51세,상해없음,승용,남,73세,경상
2022070100100354,2022년 7월 1일 15시,금요일,전라북도 전주시 완산구 삼천동1가,중상사고,0,1,0,0,차대사람 - 횡단중,보행자보호의무위반,건조,맑음,교차로 - 교차로횡단보도내,화물,남,60세,상해없음,보행자,여,52세,중상
2022070100100355,2022년 7월 1일 15시,금요일,전라북도 전주시 덕진구 금암동,경상사고,0,0,1,0,차대차 - 추돌,안전운전불이행,건조,맑음,교차로 - 교차로부근,승용,남,57세,상해없음,승용,남,38세,경상
2022070100100405,2022년 7월 1일 16시,금요일,전라북도 김제시 금구면,중상사고,0,1,0,0,차대차 - 측면충돌,안전운전불이행,건조,맑음,단일로 - 기타,화물,남,59세,상해없음,이륜,남,37세,중상
2022070100100467,2022년 7월 1일 17시,금요일,전라북도 정읍시 상동,경상사고,0,0,1,0,차대차 - 기타,안전운전불이행,건조,맑음,기타 - 기타,이륜,남,21세,상해없음,승용,여,47세,경상
2022070100100533,2022년 7월 1일 18시,금요일,전라북도 전주시 완산구 서신동,경상사고,0,0,3,0,차대차 - 정면충돌,안전운전불이행,건조,맑음,단일로 - 기타,승용,남,41세,상해없음,승용,남,56세,경상
2022070100100534,2022년 7월 1일 18시,금요일,전라북도 익산시 황등면,중상사고,0,1,0,0,차대차 - 기타,중앙선침범,건조,맑음,단일로 - 기타,승용,남,64세,상해없음,이륜,남,60세,중상
2022070100100613,2022년 7월 1일 20시,금요일,전라북도 부안군 동진면,부상신고사고,0,0,0,1,차량단독 - 공작물충돌,안전운전불이행,건조,맑음,단일로 - 기타,이륜,남,52세,부상신고,,,,
2022070100100647,2022년 7월 1일 21시,금요일,전라북도 남원시 왕정동,경상사고,0,0,4,0,차대차 - 측면충돌,기타,건조,맑음,교차로 - 교차로안,승용,여,30세,경상,승용,남,27세,경상
2022070100100677,2022년 7월 1일 22시,금요일,전라북도 전주시 덕진구 덕진동2가,중상사고,0,1,0,0,차대차 - 측면충돌,중앙선침범,건조,맑음,단일로 - 기타,승용,남,23세,상해없음,이륜,남,37세,중상
2022070100100700,2022년 7월 1일 23시,금요일,전라북도 전주시 덕진구 인후동2가,경상사고,0,0,3,0,차대차 - 측면충돌,안전운전불이행,건조,맑음,교차로 - 교차로부근,승용,여,34세,상해없음,승용,남,32세,경상
2022070200100008,2022년 7월 2일 00시,토요일,전라북도 전주시 덕진구 덕진동1가,경상사고,0,0,2,0,차대차 - 추돌,안전운전불이행,건조,맑음,교차로 - 교차로부근,승용,남,54세,상해없음,승용,남,39세,경상
2022070200100057,2022년 7월 2일 04시,토요일,전라북도 전주시 완산구 효자동3가,경상사고,0,0,3,0,차대차 - 후진중충돌,안전운전불이행,건조,맑음,단일로 - 기타,승용,남,32세,상해없음,승용,남,26세,경상
2022070200100172,2022년 7월 2일 10시,토요일,전라북도 남원시 아영면,중상사고,0,1,0,0,차량단독 - 도로외이탈 - 기타,안전운전불이행,건조,맑음,단일로 - 기타,이륜,남,66세,중상,,,,
2022070200100284,2022년 7월 2일 13시,토요일,전라북도 익산시 금마면,경상사고,0,0,1,0,차대차 - 측면충돌,신호위반,건조,맑음,교차로 - 교차로안,승용,남,67세,상해없음,승합,남,35세,경상
2022070200100318,2022년 7월 2일 14시,토요일,전라북도 김제시 검산동,경상사고,0,0,1,0,차대차 - 측면충돌,안전운전불이행,건조,맑음,교차로 - 교차로부근,승용,여,37세,상해없음,승용,여,41세,경상
2022070200100382,2022년 7월 2일 16시,토요일,전라북도 익산시 오산면,경상사고,0,0,1,0,차대차 - 정면충돌,중앙선침범,건조,맑음,단일로 - 기타,화물,남,61세,상해없음,승용,여,52세,경상
2022070200100383,2022년 7월 2일 16시,토요일,전라북도 익산시 영등동,중상사고,0,1,0,0,차대차 - 측면충돌,안전운전불이행,건조,맑음,교차로 - 교차로안,이륜,남,43세,상해없음,자전거,남,70세,중상
2022070200100460,2022년 7월 2일 18시,토요일,전라북도 익산시 모현동1가,경상사고,0,0,1,0,차대사람 - 횡단중,안전운전불이행,건조,맑음,단일로 - 기타,이륜,남,20세,상해없음,보행자,남,8세,경상
2022070200100461,2022년 7월 2일 18시,토요일,전라북도 장수군 산서면,중상사고,0,1,0,0,차대차 - 기타,교차로운행방법위반,건조,맑음,교차로 - 교차로안,승용,남,68세,상해없음,이륜,남,48세,중상
2022070200100496,2022년 7월 2일 19시,토요일,전라북도 완주군 비봉면,경상사고,0,0,2,0,차대차 - 측면충돌,직진우회전진행방해,건조,맑음,교차로 - 교차로안,화물,남,36세,경상,승용,남,64세,경상
2022070200100522,2022년 7월 2일 20시,토요일,전라북도 정읍시 칠보면,경상사고,0,0,1,0,차대차 - 기타,안전운전불이행,건조,맑음,단일로 - 기타,화물,남,68세,경상,화물,남,55세,기타불명
2022070200100554,2022년 7월 2일 21시,토요일,전라북도 정읍시 수성동,경상사고,0,0,1,0,차대차 - 기타,신호위반,건조,맑음,교차로 - 교차로부근,승용,남,19세,상해없음,이륜,남,47세,경상
2022070300100038,2022년 7월 3일 03시,일요일,전라북도 군산시 오식도동,중상사고,0,1,3,0,차대차 - 측면충돌,신호위반,건조,맑음,교차로 - 교차로안,승용,남,31세,경상,승용,남,42세,경상
2022070300100039,2022년 7월 3일 03시,일요일,전라북도 군산시 오식도동,경상사고,0,0,1,0,차대차 - 정면충돌,안전운전불이행,건조,맑음,단일로 - 지하차도(도로)내,승용,남,30세,경상,화물,남,42세,기타불명
2022070300100106,2022년 7월 3일 09시,일요일,전라북도 군산시 신창동,경상사고,0,0,1,0,차대차 - 측면충돌,신호위반,건조,맑음,교차로 - 교차로안,화물,남,63세,상해없음,화물,남,59세,경상
2022070300100149,2022년 7월 3일 11시,일요일,전라북도 진안군 백운면,중상사고,0,1,2,0,차대차 - 정면충돌,중앙선침범,건조,맑음,단일로 - 기타,승용,남,56세,경상,승용,남,72세,경상
2022070300100150,2022년 7월 3일 11시,일요일,전라북도 완주군 이서면,사망사고,1,0,0,0,차대사람 - 기타,안전운전불이행,건조,맑음,단일로 - 지하차도(도로)내,화물,남,56세,상해없음,보행자,남,67세,사망
2022070300100200,2022년 7월 3일 13시,일요일,전라북도 전주시 덕진구 고랑동,중상사고,0,1,0,0,차량단독 - 공작물충돌,안전운전불이행,건조,맑음,교차로 - 교차로부근,화물,남,67세,상해없음,,,,
2022070300100201,2022년 7월 3일 13시,일요일,전라북도 군산시 경암동,경상사고,0,0,2,0,차대차 - 측면충돌,안전운전불이행,건조,맑음,교차로 - 교차로안,승용,남,30세,경상,승합,남,68세,경상
2022070300100234,2022년 7월 3일 14시,일요일,전라북도 전주시 덕진구 인후동1가,경상사고,0,0,2,0,차대차 - 추돌,안전운전불이행,건조,맑음,교차로 - 교차로안,승용,여,58세,상해없음,승용,여,52세,경상
2022070300100300,2022년 7월 3일 16시,일요일,전라북도 완주군 삼례읍,중상사고,0,1,0,0,차대사람 - 기타,안전운전불이행,젖음/습기,비,단일로 - 기타,승용,남,64세,상해없음,보행자,남,64세,중상
2022070300100378,2022년 7월 3일 19시,일요일,전라북도 전주시 완산구 효자동3가,경상사고,0,0,4,0,차대차 - 추돌,안전운전불이행,건조,맑음,단일로 - 기타,승용,여,57세,상해없음,승용,여,24세,경상
2022070300100406,2022년 7월 3일 20시,일요일,전라북도 익산시 갈산동,경상사고,0,0,3,0,차대차 - 측면충돌,신호위반,건조,맑음,교차로 - 교차로안,승용,남,18세,상해없음,승용,여,55세,경상
2022070300100470,2022년 7월 3일 23시,일요일,전라북도 전주시 덕진구 송천동2가,경상사고,0,0,1,0,차대사람 - 횡단중,보행자보호의무위반,건조,맑음,교차로 - 교차로횡단보도내,승용,남,20세,상해없음,보행자,남,33세,경상
2022070400100057,2022년 7월 4일 07시,월요일,전라북도 남원시 산내면,중상사고,0,1,0,0,차대차 - 측면충돌,안전운전불이행,건조,맑음,교차로 - 교차로안,승용,남,75세,상해없음,이륜,남,71세,중상
2022070400100097,2022년 7월 4일 08시,월요일,전라북도 전주시 완산구 중화산동2가,경상사고,0,0,1,0,차대차 - 측면충돌,안전운전불이행,건조,맑음,교차로 - 교차로안,화물,남,58세,상해없음,자전거,여,24세,경상
2022070400100098,2022년 7월 4일 08시,월요일,전라북도 군산시 미룡동,경상사고,0,0,1,0,차대사람 - 기타,안전운전불이행,건조,맑음,주차장 - 주차장,승용,여,36세,상해없음,보행자,여,42세,경상
2022070400100099,2022년 7월 4일 08시,월요일,전라북도 완주군 봉동읍,중상사고,0,1,1,0,차대차 - 측면충돌,안전거리미확보,건조,맑음,교차로 - 교차로안,승용,여,53세,중상,승용,남,32세,경상
2022070400100169,2022년 7월 4일 10시,월요일,전라북도 익산시 인화동1가,중상사고,0,1,2,0,차대차 - 측면충돌,직진우회전진행방해,건조,맑음,교차로 - 교차로안,승용,남,65세,상해없음,승용,남,71세,경상
2022070400100236,2022년 7월 4일 12시,월요일,전라북도 전주시 완산구 삼천동2가,경상사고,0,0,1,0,차대사람 - 기타,안전운전불이행,건조,맑음,단일로 - 기타,승용,남,72세,기타불명,보행자,남,13세,경상
2022070400100237,2022년 7월 4일 12시,월요일,전라북도 전주시 덕진구 용정동,경상사고,0,0,4,0,차대차 - 측면충돌,안전거리미확보,건조,맑음,단일로 - 기타,승용,여,58세,경상,승용,여,76세,경상