사고번호,사고일시,요일,시군구,사고내용,사망자수,중상자수,경상자수,부상신고자수,사고유형,법규위반,노면상태,기상상태,도로형태,가해운전자 차종,가해운전자 성별,가해운전자 연령,가해운전자 상해정도,피해운전자 차종,피해운전자 성별,피해운전자 연령,피해운전자 상해정도
2022070400100272,2022년 7월 4일 13시,월요일,전라북도 전주시 완산구 평화동1가,경상사고,0,0,1,0,차대차 - 측면충돌,안전운전불이행,건조,맑음,교차로 - 교차로안,원동기,남,52세,상해없음,원동기,남,36세,경상
2022070400100365,2022년 7월 4일 16시,월요일,전라북도 전주시 완산구 중화산동2가,경상사고,0,0,2,0,차량단독 - 공작물충돌,안전운전불이행,건조,맑음,기타 - 기타,승용,남,50세,상해없음,,,,
2022070400100366,2022년 7월 4일 16시,월요일,전라북도 정읍시 장명동,경상사고,0,0,1,0,차대차 - 기타,안전운전불이행,건조,맑음,단일로 - 기타,승용,남,51세,상해없음,승용,여,61세,경상
2022070400100367,2022년 7월 4일 16시,월요일,전라북도 장수군 장수읍,중상사고,0,1,0,0,차대사람 - 기타,보행자보호의무위반,건조,맑음,교차로 - 교차로횡단보도내,화물,남,68세,상해없음,보행자,여,73세,중상
2022070400100416,2022년 7월 4일 17시,월요일,전라북도 전주시 덕진구 여의동,경상사고,0,0,4,0,차대차 - 추돌,안전운전불이행,건조,맑음,교차로 - 교차로부근,승용,여,35세,상해없음,승용,여,38세,경상
2022070400100417,2022년 7월 4일 17시,월요일,전라북도 군산시 나운동,경상사고,0,0,1,0,차대차 - 측면충돌,안전운전불이행,건조,맑음,교차로 - 교차로부근,승용,남,47세,상해없음,승용,여,51세,경상
2022070400100418,2022년 7월 4일 17시,월요일,전라북도 익산시 신흥동,경상사고,0,0,2,0,차대차 - 추돌,안전운전불이행,건조,맑음,단일로 - 기타,승용,남,63세,상해없음,승용,남,42세,경상
2022070400100419,2022년 7월 4일 17시,월요일,전라북도 고창군 고창읍,경상사고,0,0,1,0,차대차 - 측면충돌,중앙선침범,건조,맑음,단일로 - 기타,승용,여,49세,상해없음,승용,남,38세,경상
2022070400100465,2022년 7월 4일 18시,월요일,전라북도 전주시 덕진구 호성동1가,경상사고,0,0,1,0,차대사람 - 횡단중,보행자보호의무위반,건조,맑음,교차로 - 교차로횡단보도내,승용,남,53세,상해없음,보행자,여,63세,경상
2022070400100466,2022년 7월 4일 18시,월요일,전라북도 익산시 남중동,중상사고,0,1,0,0,차대사람 - 횡단중,안전운전불이행,건조,맑음,교차로 - 교차로부근,승용,여,57세,상해없음,보행자,여,81세,중상
2022070400100505,2022년 7월 4일 19시,월요일,전라북도 임실군 관촌면,중상사고,0,1,0,0,차대사람 - 횡단중,안전운전불이행,건조,맑음,교차로 - 교차로안,승용,여,41세,상해없음,보행자,남,50세,중상
2022070400100528,2022년 7월 4일 20시,월요일,전라북도 군산시 나운동,경상사고,0,0,1,0,차대사람 - 기타,안전운전불이행,건조,맑음,단일로 - 기타,승용,남,32세,상해없음,보행자,남,40세,경상
2022070400100550,2022년 7월 4일 21시,월요일,전라북도 전주시 완산구 상림동,중상사고,0,1,2,0,차대차 - 측면충돌,안전거리미확보,건조,맑음,교차로 - 교차로부근,화물,남,40세,경상,승용,남,58세,중상
2022070400100583,2022년 7월 4일 23시,월요일,전라북도 군산시 나운동,중상사고,0,1,0,0,차대사람 - 기타,안전운전불이행,건조,맑음,교차로 - 교차로안,승용,여,65세,상해없음,보행자,여,67세,중상
2022070500100007,2022년 7월 5일 00시,화요일,전라북도 전주시 완산구 중노송동,경상사고,0,0,1,0,차대차 - 추돌,안전운전불이행,건조,맑음,교차로 - 교차로부근,승용,남,46세,상해없음,승용,여,33세,경상
2022070500100100,2022년 7월 5일 08시,화요일,전라북도 군산시 경장동,경상사고,0,0,1,0,차대차 - 측면충돌,신호위반,건조,맑음,교차로 - 교차로부근,승용,남,61세,상해없음,승용,남,49세,경상
2022070500100101,2022년 7월 5일 08시,화요일,전라북도 정읍시 북면,중상사고,0,2,0,0,차대차 - 측면충돌,중앙선침범,건조,맑음,단일로 - 기타,화물,남,38세,상해없음,승용,여,44세,중상
2022070500100142,2022년 7월 5일 09시,화요일,전라북도 전주시 완산구 서노송동,경상사고,0,0,1,0,차대차 - 측면충돌,안전운전불이행,건조,맑음,교차로 - 교차로안,승용,남,63세,상해없음,승용,남,30세,경상
2022070500100293,2022년 7월 5일 14시,화요일,전라북도 전주시 완산구 효자동2가,경상사고,0,0,1,0,차대차 - 정면충돌,안전운전불이행,건조,맑음,교차로 - 교차로부근,승용,여,40세,상해없음,승용,남,30세,경상
2022070500100294,2022년 7월 5일 14시,화요일,전라북도 정읍시 시기동,경상사고,0,0,1,0,차대차 - 추돌,안전운전불이행,건조,맑음,단일로 - 기타,승용,남,70세,상해없음,승용,남,28세,경상
2022070500100419,2022년 7월 5일 17시,화요일,전라북도 전주시 완산구 효자동2가,경상사고,0,0,1,0,차대차 - 후진중충돌,안전운전불이행,건조,맑음,기타 - 기타,승용,남,65세,상해없음,자전거,남,15세,경상
2022070500100459,2022년 7월 5일 18시,화요일,전라북도 전주시 덕진구 인후동2가,경상사고,0,0,1,0,차대차 - 측면충돌,기타,건조,맑음,교차로 - 교차로횡단보도내,승용,남,67세,상해없음,개인형이동수단(PM),남,25세,경상
2022070500100524,2022년 7월 5일 20시,화요일,전라북도 전주시 완산구 효자동3가,경상사고,0,0,2,0,차대차 - 측면충돌,직진우회전진행방해,건조,맑음,교차로 - 교차로안,승용,여,59세,상해없음,승용,여,46세,경상
2022070500100525,2022년 7월 5일 20시,화요일,전라북도 전주시 완산구 효자동1가,경상사고,0,0,1,0,차대사람 - 기타,안전운전불이행,건조,맑음,기타 - 기타,자전거,남,18세,상해없음,보행자,여,79세,경상
2022070600100027,2022년 7월 6일 04시,수요일,전라북도 김제시 검산동,중상사고,0,1,0,0,차대차 - 측면충돌,신호위반,건조,흐림,교차로 - 교차로안,승용,남,61세,상해없음,승용,남,67세,중상
2022070600100037,2022년 7월 6일 05시,수요일,전라북도 진안군 진안읍,경상사고,0,0,1,0,차량단독 - 전도전복 - 전도,안전운전불이행,건조,맑음,단일로 - 기타,이륜,남,71세,경상,,,,
2022070600100038,2022년 7월 6일 05시,수요일,전라북도 완주군 삼례읍,경상사고,0,0,3,0,차대차 - 측면충돌,안전운전불이행,건조,맑음,교차로 - 교차로안,화물,남,63세,상해없음,화물,남,61세,경상
2022070600100100,2022년 7월 6일 08시,수요일,전라북도 임실군 관촌면,중상사고,0,1,1,0,차대차 - 추돌,교차로운행방법위반,건조,맑음,교차로 - 교차로안,승용,남,46세,상해없음,승용,남,51세,경상
2022070600100169,2022년 7월 6일 10시,수요일,전라북도 군산시 장재동,중상사고,0,1,0,0,차대차 - 측면충돌,안전운전불이행,건조,맑음,교차로 - 교차로부근,화물,남,75세,상해없음,자전거,남,66세,중상
2022070600100170,2022년 7월 6일 10시,수요일,전라북도 김제시 요촌동,중상사고,0,1,1,0,차대차 - 측면충돌,직진우회전진행방해,건조,맑음,교차로 - 교차로안,화물,여,60세,상해없음,화물,남,66세,중상
2022070600100197,2022년 7월 6일 11시,수요일,전라북도 전주시 완산구 서신동,경상사고,0,0,1,0,차대차 - 측면충돌,안전운전불이행,건조,맑음,교차로 - 교차로안,승용,남,56세,상해없음,승용,여,65세,경상
2022070600100252,2022년 7월 6일 13시,수요일,전라북도 정읍시 연지동,중상사고,0,1,0,0,차대사람 - 횡단중,보행자보호의무위반,건조,맑음,교차로 - 교차로횡단보도내,화물,남,80세,상해없음,보행자,남,79세,중상
2022070600100253,2022년 7월 6일 13시,수요일,전라북도 순창군 순창읍,사망사고,1,0,0,0,차량단독 - 공작물충돌,안전운전불이행,건조,맑음,교차로 - 교차로안,화물,남,67세,사망,,,,
2022070600100388,2022년 7월 6일 17시,수요일,전라북도 군산시 수송동,경상사고,0,0,1,0,차대차 - 측면충돌,안전운전불이행,건조,맑음,단일로 - 지하차도(도로)내,개인형이동수단(PM),남,14세,상해없음,자전거,남,78세,경상
2022070600100427,2022년 7월 6일 18시,수요일,전라북도 전주시 완산구 효자동2가,중상사고,0,2,0,0,차대사람 - 횡단중,신호위반,건조,맑음,단일로 - 기타,승용,여,35세,상해없음,보행자,여,28세,중상
2022070600100467,2022년 7월 6일 19시,수요일,전라북도 전주시 완산구 효자동2가,경상사고,0,0,2,0,차대차 - 정면충돌,기타,건조,맑음,교차로 - 교차로안,승용,남,62세,상해없음,승용,여,24세,경상
2022070600100531,2022년 7월 6일 21시,수요일,전라북도 전주시 완산구 서신동,경상사고,0,0,1,0,차대사람 - 횡단중,보행자보호의무위반,건조,맑음,교차로 - 교차로횡단보도내,승용,여,70세,상해없음,보행자,남,56세,경상
2022070600100573,2022년 7월 6일 22시,수요일,전라북도 전주시 덕진구 진북동,경상사고,0,0,2,0,차대차 - 측면충돌,신호위반,건조,맑음,교차로 - 교차로안,화물,남,34세,경상,승용,남,77세,경상
2022070700100077,2022년 7월 7일 07시,목요일,전라북도 고창군 고창읍,경상사고,0,0,1,0,차량단독 - 공작물충돌,안전운전불이행,건조,맑음,단일로 - 교량,승용,남,68세,상해없음,,,,
2022070700100118,2022년 7월 7일 08시,목요일,전라북도 전주시 완산구 서완산동1가,경상사고,0,0,1,0,차대차 - 측면충돌,안전운전불이행,건조,맑음,단일로 - 기타,승용,남,60세,기타불명,승용,여,28세,경상
2022070700100119,2022년 7월 7일 08시,목요일,전라북도 전주시 덕진구 강흥동,경상사고,0,0,2,0,차대차 - 추돌,안전운전불이행,건조,맑음,단일로 - 기타,승용,남,30세,상해없음,승용,남,34세,경상
2022070700100120,2022년 7월 7일 08시,목요일,전라북도 익산시 모현동2가,경상사고,0,0,4,0,차대차 - 기타,안전운전불이행,건조,맑음,단일로 - 기타,승용,남,60세,상해없음,승용,여,53세,경상
2022070700100121,2022년 7월 7일 08시,목요일,전라북도 고창군 고수면,중상사고,0,1,0,0,차대사람 - 보도통행중,보행자보호의무위반,건조,맑음,교차로 - 교차로안,화물,남,63세,상해없음,보행자,여,69세,중상
2022070700100166,2022년 7월 7일 09시,목요일,전라북도 전주시 완산구 평화동2가,경상사고,0,0,1,0,차대사람 - 횡단중,보행자보호의무위반,건조,맑음,단일로 - 기타,승용,여,54세,상해없음,보행자,여,42세,경상
2022070700100167,2022년 7월 7일 09시,목요일,전라북도 전주시 덕진구 우아동1가,중상사고,0,1,0,0,차량단독 - 전도전복 - 전도,안전운전불이행,건조,맑음,단일로 - 기타,이륜,남,68세,중상,,,,
2022070700100206,2022년 7월 7일 10시,목요일,전라북도 군산시 나운동,경상사고,0,0,1,0,차대사람 - 횡단중,보행자보호의무위반,건조,맑음,교차로 - 교차로횡단보도내,승용,남,58세,상해없음,보행자,남,35세,경상
2022070700100207,2022년 7월 7일 10시,목요일,전라북도 순창군 순창읍,중상사고,0,1,0,0,차대차 - 측면충돌,신호위반,건조,맑음,교차로 - 교차로안,원동기,남,72세,중상,승용,남,41세,상해없음
2022070700100235,2022년 7월 7일 11시,목요일,전라북도 전주시 완산구 서신동,경상사고,0,0,1,0,차대차 - 측면충돌,안전운전불이행,건조,맑음,단일로 - 기타,승용,남,24세,상해없음,승용,여,50세,경상
2022070700100266,2022년 7월 7일 12시,목요일,전라북도 익산시 황등면,경상사고,0,0,2,0,차대차 - 기타,안전운전불이행,건조,맑음,교차로 - 교차로안,건설기계,남,65세,상해없음,승용,남,83세,경상
2022070700100267,2022년 7월 7일 12시,목요일,전라북도 김제시 신풍동,중상사고,0,1,0,0,차대차 - 측면충돌,안전운전불이행,건조,맑음,단일로 - 지하차도(도로)내,화물,남,50세,상해없음,이륜,남,81세,중상
2022070700100295,2022년 7월 7일 13시,목요일,전라북도 전주시 덕진구 팔복동2가,경상사고,0,0,2,0,차대차 - 측면충돌,안전운전불이행,건조,맑음,교차로 - 교차로부근,승용,남,49세,상해없음,승용,남,36세,경상
2022070700100296,2022년 7월 7일 13시,목요일,전라북도 군산시 지곡동,중상사고,0,1,0,0,차대차 - 측면충돌,안전운전불이행,건조,맑음,교차로 - 교차로안,승용,남,48세,상해없음,자전거,남,32세,중상
2022070700100297,2022년 7월 7일 13시,목요일,전라북도 군산시 소룡동,경상사고,0,0,1,0,차대차 - 측면충돌,안전운전불이행,건조,맑음,단일로 - 기타,승용,여,42세,상해없음,승용,여,66세,경상
2022070700100298,2022년 7월 7일 13시,목요일,전라북도 익산시 어양동,경상사고,0,0,1,0,차대사람 - 횡단중,안전운전불이행,건조,맑음,기타 - 기타,승용,남,50세,상해없음,보행자,남,7세,경상
2022070700100330,2022년 7월 7일 14시,목요일,전라북도 군산시 오식도동,경상사고,0,0,1,1,차대차 - 측면충돌,신호위반,건조,맑음,교차로 - 교차로안,화물,남,44세,부상신고,화물,남,44세,경상
2022070700100355,2022년 7월 7일 15시,목요일,전라북도 전주시 완산구 삼천동1가,경상사고,0,0,1,0,차대사람 - 횡단중,안전운전불이행,건조,맑음,교차로 - 교차로안,승용,여,44세,상해없음,보행자,남,69세,경상
2022070700100356,2022년 7월 7일 15시,목요일,전라북도 익산시 주현동,경상사고,0,0,1,0,차대차 - 추돌,안전운전불이행,건조,맑음,교차로 - 교차로부근,화물,남,65세,상해없음,승용,여,44세,경상
2022070700100387,2022년 7월 7일 16시,목요일,전라북도 군산시 소룡동,경상사고,0,0,1,0,차대차 - 측면충돌,안전운전불이행,젖음/습기,비,단일로 - 기타,화물,남,42세,상해없음,자전거,남,71세,경상
2022070700100388,2022년 7월 7일 16시,목요일,전라북도 정읍시 시기동,경상사고,0,0,1,0,차대차 - 기타,안전운전불이행,건조,맑음,교차로 - 교차로안,승용,남,56세,상해없음,자전거,남,10세,경상
2022070700100438,2022년 7월 7일 17시,목요일,전라북도 전주시 덕진구 덕진동1가,경상사고,0,0,1,0,차대차 - 정면충돌,안전운전불이행,건조,맑음,교차로 - 교차로부근,승용,여,61세,상해없음,승용,여,61세,상해없음
2022070700100471,2022년 7월 7일 18시,목요일,전라북도 전주시 덕진구 인후동1가,경상사고,0,0,1,0,차대사람 - 횡단중,신호위반,건조,맑음,교차로 - 교차로횡단보도내,이륜,남,38세,상해없음,보행자,남,7세,경상
2022070700100584,2022년 7월 7일 21시,목요일,전라북도 군산시 죽성동,경상사고,0,0,2,0,차대차 - 측면충돌,직진우회전진행방해,건조,흐림,교차로 - 교차로안,이륜,남,39세,경상,승용,남,48세,경상
2022070700100585,2022년 7월 7일 21시,목요일,전라북도 정읍시 연지동,경상사고,0,0,1,0,차대차 - 측면충돌,안전운전불이행,건조,맑음,교차로 - 교차로횡단보도내,개인형이동수단(PM),남,20세,경상,승용,남,62세,상해없음
2022070700100586,2022년 7월 7일 21시,목요일,전라북도 남원시 향교동,중상사고,0,1,0,0,차대사람 - 횡단중,기타,건조,맑음,교차로 - 교차로횡단보도내,승용,남,60세,상해없음,보행자,남,31세,중상
2022070800100102,2022년 7월 8일 08시,금요일,전라북도 전주시 완산구 효자동2가,경상사고,0,0,1,0,차대사람 - 횡단중,안전운전불이행,건조,맑음,교차로 - 교차로부근,승용,남,42세,상해없음,보행자,여,68세,경상
2022070800100103,2022년 7월 8일 08시,금요일,전라북도 정읍시 고부면,사망사고,1,0,0,0,차대차 - 측면충돌,기타,건조,맑음,교차로 - 교차로안,승용,남,76세,사망,승합,남,54세,상해없음
2022070800100146,2022년 7월 8일 09시,금요일,전라북도 무주군 설천면,사망사고,1,0,0,0,차량단독 - 공작물충돌,안전운전불이행,젖음/습기,비,단일로 - 지하차도(도로)내,승용,남,62세,사망,,,,
2022070800100173,2022년 7월 8일 10시,금요일,전라북도 정읍시 옹동면,경상사고,0,0,1,0,차대차 - 정면충돌,안전운전불이행,건조,맑음,단일로 - 기타,이륜,남,87세,경상,승용,남,63세,상해없음
2022070800100174,2022년 7월 8일 10시,금요일,전라북도 진안군 진안읍,중상사고,0,1,0,0,차대사람 - 차도통행중,안전운전불이행,건조,맑음,단일로 - 기타,승용,남,62세,상해없음,보행자,남,86세,중상
2022070800100238,2022년 7월 8일 12시,금요일,전라북도 전주시 완산구 삼천동1가,경상사고,0,0,2,0,차대차 - 추돌,안전운전불이행,건조,맑음,교차로 - 교차로부근,승용,여,21세,상해없음,승용,남,45세,경상
2022070800100239,2022년 7월 8일 12시,금요일,전라북도 전주시 덕진구 진북동,부상신고사고,0,0,0,1,차대차 - 기타,안전운전불이행,건조,맑음,단일로 - 기타,이륜,남,78세,상해없음,자전거,여,42세,부상신고
2022070800100240,2022년 7월 8일 12시,금요일,전라북도 익산시 금마면,경상사고,0,0,3,0,차대차 - 측면충돌,안전운전불이행,건조,맑음,단일로 - 기타,승용,여,69세,상해없음,승용,여,56세,경상
2022070800100241,2022년 7월 8일 12시,금요일,전라북도 익산시 신동,중상사고,0,1,0,0,차대사람 - 길가장자리구역통행중,안전운전불이행,건조,맑음,단일로 - 기타,승용,여,28세,상해없음,보행자,여,63세,중상
2022070800100271,2022년 7월 8일 13시,금요일,전라북도 무주군 무주읍,중상사고,0,1,0,0,차대차 - 측면충돌,불법유턴,건조,맑음,단일로 - 지하차도(도로)내,화물,남,75세,상해없음,이륜,여,72세,중상
2022070800100310,2022년 7월 8일 14시,금요일,전라북도 정읍시 장명동,경상사고,0,0,1,0,차대차 - 추돌,안전운전불이행,건조,맑음,단일로 - 기타,승용,여,51세,상해없음,이륜,남,30세,경상
2022070800100341,2022년 7월 8일 15시,금요일,전라북도 전주시 덕진구 송천동2가,경상사고,0,0,1,0,차대차 - 측면충돌,안전운전불이행,건조,맑음,교차로 - 교차로부근,승용,여,30세,상해없음,승용,여,36세,경상
2022070800100342,2022년 7월 8일 15시,금요일,전라북도 군산시 수송동,경상사고,0,0,1,0,차대차 - 추돌,안전운전불이행,건조,흐림,교차로 - 교차로안,화물,남,73세,상해없음,승용,남,19세,경상
2022070800100343,2022년 7월 8일 15시,금요일,전라북도 고창군 고창읍,중상사고,0,1,0,0,차대사람 - 횡단중,보행자보호의무위반,건조,맑음,단일로 - 기타,승용,여,69세,상해없음,보행자,남,11세,중상
2022070800100372,2022년 7월 8일 16시,금요일,전라북도 군산시 금암동,경상사고,0,0,1,0,차대차 - 측면충돌,안전운전불이행,젖음/습기,흐림,교차로 - 교차로부근,건설기계,남,61세,상해없음,승용,남,56세,기타불명
2022070800100420,2022년 7월 8일 17시,금요일,전라북도 전주시 완산구 서신동,경상사고,0,0,1,0,차량단독 - 기타,안전운전불이행,건조,맑음,단일로 - 기타,승용,남,61세,상해없음,,,,
2022070800100421,2022년 7월 8일 17시,금요일,전라북도 익산시 창인동1가,중상사고,0,1,0,0,차대사람 - 횡단중,신호위반,건조,맑음,교차로 - 교차로횡단보도내,승용,여,72세,상해없음,보행자,남,77세,중상
2022070800100576,2022년 7월 8일 21시,금요일,전라북도 전주시 완산구 효자동2가,경상사고,0,0,1,0,차대사람 - 보도통행중,기타,건조,맑음,단일로 - 기타,개인형이동수단(PM),남,52세,상해없음,보행자,여,31세,경상
2022070800100601,2022년 7월 8일 22시,금요일,전라북도 전주시 덕진구 인후동1가,경상사고,0,0,1,0,차대차 - 측면충돌,신호위반,건조,맑음,교차로 - 교차로부근,승용,여,44세,상해없음,이륜,남,28세,경상
2022070800100602,2022년 7월 8일 22시,금요일,전라북도 익산시 모현동1가,경상사고,0,0,2,0,차대차 - 기타,교차로운행방법위반,건조,맑음,교차로 - 교차로안,승용,남,44세,상해없음,승용,남,49세,경상
2022070800100623,2022년 7월 8일 23시,금요일,전라북도 군산시 소룡동,사망사고,1,0,0,0,차대사람 - 기타,안전운전불이행,건조,맑음,단일로 - 기타,승용,여,51세,상해없음,보행자,남,54세,사망
2022070900100123,2022년 7월 9일 09시,토요일,전라북도 군산시 경암동,경상사고,0,0,1,0,차대차 - 추돌,안전운전불이행,건조,맑음,단일로 - 기타,승용,남,63세,상해없음,승용,여,57세,경상
2022070900100153,2022년 7월 9일 10시,토요일,전라북도 군산시 산북동,중상사고,0,2,1,0,차대차 - 기타,신호위반,건조,맑음,교차로 - 교차로안,화물,남,57세,중상,화물,남,48세,경상
2022070900100183,2022년 7월 9일 11시,토요일,전라북도 전주시 완산구 효자동2가,경상사고,0,0,1,0,차대차 - 측면충돌,안전거리미확보,건조,맑음,단일로 - 교량,승용,남,55세,기타불명,승용,여,65세,경상
2022070900100210,2022년 7월 9일 12시,토요일,전라북도 전주시 덕진구 덕진동1가,경상사고,0,0,2,0,차대차 - 기타,안전운전불이행,건조,맑음,단일로 - 기타,승용,남,33세,상해없음,승용,남,50세,경상
2022070900100211,2022년 7월 9일 12시,토요일,전라북도 군산시 경장동,경상사고,0,0,3,0,차대차 - 기타,안전거리미확보,건조,맑음,단일로 - 기타,승용,여,41세,상해없음,승용,여,25세,경상
2022070900100404,2022년 7월 9일 17시,토요일,전라북도 군산시 수송동,경상사고,0,0,2,0,차대차 - 추돌,안전운전불이행,건조,맑음,단일로 - 기타,승용,남,19세,상해없음,승용,여,34세,경상
2022070900100446,2022년 7월 9일 18시,토요일,전라북도 전주시 완산구 효자동1가,경상사고,0,0,2,0,차대차 - 정면충돌,직진우회전진행방해,건조,맑음,교차로 - 교차로안,승합,남,49세,상해없음,이륜,남,21세,경상
2022070900100521,2022년 7월 9일 21시,토요일,전라북도 남원시 죽항동,경상사고,0,0,1,0,차대사람 - 기타,안전운전불이행,건조,맑음,교차로 - 교차로안,승용,여,31세,상해없음,보행자,여,79세,경상
2022071000100101,2022년 7월 10일 09시,일요일,전라북도 군산시 구암동,경상사고,0,0,1,0,차량단독 - 공작물충돌,기타,건조,맑음,단일로 - 지하차도(도로)내,자전거,남,58세,경상,,,,
2022071000100125,2022년 7월 10일 10시,일요일,전라북도 무주군 무주읍,중상사고,0,1,0,0,차대사람 - 길가장자리구역통행중,안전운전불이행,건조,맑음,단일로 - 지하차도(도로)내,승용,남,72세,상해없음,보행자,여,82세,중상
2022071000100152,2022년 7월 10일 11시,일요일,전라북도 익산시 여산면,경상사고,0,0,1,0,차대차 - 기타,안전운전불이행,건조,맑음,단일로 - 기타,승용,남,56세,상해없음,승용,여,23세,경상
2022071000100207,2022년 7월 10일 13시,일요일,전라북도 김제시 봉남면,경상사고,0,0,3,0,차대차 - 측면충돌,중앙선침범,건조,맑음,단일로 - 기타,승용,남,74세,상해없음,승용,남,30세,경상
2022071000100358,2022년 7월 10일 19시,일요일,전라북도 김제시 백구면,경상사고,0,0,1,0,차대사람 - 차도통행중,안전운전불이행,건조,맑음,단일로 - 교량,화물,남,69세,상해없음,보행자,여,34세,경상
2022071000100402,2022년 7월 10일 21시,일요일,전라북도 군산시 소룡동,경상사고,0,0,1,0,차대차 - 측면충돌,안전거리미확보,건조,맑음,단일로 - 지하차도(도로)내,승용,여,61세,상해없음,승용,여,63세,상해없음
2022071000100438,2022년 7월 10일 23시,일요일,전라북도 정읍시 수성동,경상사고,0,0,3,0,차대차 - 정면충돌,중앙선침범,젖음/습기,비,교차로 - 교차로부근,승용,남,51세,경상,승용,여,23세,경상
2022071100100018,2022년 7월 11일 02시,월요일,전라북도 고창군 신림면,중상사고,0,1,0,0,차대차 - 측면충돌,안전운전불이행,건조,흐림,단일로 - 교량,승용,여,22세,상해없음,승용,남,32세,중상
2022071100100029,2022년 7월 11일 05시,월요일,전라북도 남원시 향교동,중상사고,0,2,0,0,차대차 - 측면충돌,신호위반,젖음/습기,비,교차로 - 교차로안,승용,여,52세,중상,승용,여,54세,중상
2022071100100056,2022년 7월 11일 07시,월요일,전라북도 남원시 이백면,사망사고,1,0,1,0,차대차 - 정면충돌,중앙선침범,젖음/습기,비,단일로 - 기타,화물,남,63세,사망,승용,남,49세,경상
2022071100100096,2022년 7월 11일 08시,월요일,전라북도 부안군 보안면,중상사고,0,1,0,0,차대차 - 측면충돌,신호위반,젖음/습기,비,교차로 - 교차로안,화물,남,59세,상해없음,승용,여,28세,중상
2022071100100097,2022년 7월 11일 08시,월요일,전라북도 순창군 순창읍,경상사고,0,0,2,0,차대차 - 기타,안전운전불이행,건조,맑음,단일로 - 기타,승합,남,60세,상해없음,승용,여,51세,경상
2022071100100169,2022년 7월 11일 10시,월요일,전라북도 군산시 경암동,경상사고,0,0,2,0,차대차 - 측면충돌,안전운전불이행,건조,맑음,교차로 - 교차로부근,승용,남,70세,경상,특수,남,28세,경상
2022071100100320,2022년 7월 11일 14시,월요일,전라북도 군산시 경암동,경상사고,0,0,1,0,차대차 - 측면충돌,안전운전불이행,젖음/습기,비,교차로 - 교차로안,승용,남,25세,상해없음,승용,여,57세,경상
2022071100100321,2022년 7월 11일 14시,월요일,전라북도 고창군 부안면,경상사고,0,0,1,0,차대차 - 측면충돌,안전운전불이행,건조,맑음,교차로 - 교차로안,승용,남,75세,상해없음,건설기계,남,59세,경상
2022071100100393,2022년 7월 11일 16시,월요일,전라북도 전주시 완산구 효자동2가,경상사고,0,0,3,0,차대차 - 기타,안전운전불이행,건조,맑음,교차로 - 교차로안,승용,여,52세,경상,승합,남,57세,경상
2022071100100394,2022년 7월 11일 16시,월요일,전라북도 군산시 구암동,경상사고,0,0,1,0,차대차 - 측면충돌,안전운전불이행,건조,맑음,교차로 - 교차로안,승용,여,61세,상해없음,승용,남,22세,상해없음
2022071100100395,2022년 7월 11일 16시,월요일,전라북도 익산시 신흥동,경상사고,0,0,1,0,차대차 - 측면충돌,직진우회전진행방해,건조,흐림,교차로 - 교차로안,화물,남,69세,상해없음,승용,여,28세,경상
2022071100100434,2022년 7월 11일 17시,월요일,전라북도 전주시 완산구 서신동,중상사고,0,1,1,0,차대차 - 기타,안전거리미확보,건조,맑음,교차로 - 교차로부근,승용,남,43세,상해없음,이륜,남,77세,중상
2022071100100435,2022년 7월 11일 17시,월요일,전라북도 군산시 회현면,경상사고,0,0,3,0,차대차 - 측면충돌,신호위반,건조,맑음,교차로 - 교차로안,승용,여,51세,경상,승용,여,63세,경상
2022071100100436,2022년 7월 11일 17시,월요일,전라북도 익산시 영등동,중상사고,0,1,0,0,차대사람 - 기타,안전운전불이행,건조,맑음,기타 - 기타,화물,남,52세,상해없음,보행자,여,74세,중상
2022071100100437,2022년 7월 11일 17시,월요일,전라북도 김제시 신풍동,경상사고,0,0,1,0,차대차 - 측면충돌,안전운전불이행,건조,흐림,교차로 - 교차로안,승용,여,37세,상해없음,자전거,남,79세,경상
2022071100100524,2022년 7월 11일 19시,월요일,전라북도 전주시 완산구 효자동1가,경상사고,0,0,1,0,차대사람 - 횡단중,신호위반,건조,맑음,교차로 - 교차로횡단보도내,승용,여,53세,상해없음,보행자,여,54세,경상
2022071100100525,2022년 7월 11일 19시,월요일,전라북도 익산시 임상동,경상사고,0,0,1,0,차대차 - 측면충돌,차로위반,건조,맑음,단일로 - 기타,화물,남,54세,상해없음,승용,여,47세,경상
2022071100100526,2022년 7월 11일 19시,월요일,전라북도 정읍시 상동,중상사고,0,1,1,0,차대차 - 기타,기타,건조,맑음,교차로 - 교차로안,이륜,남,30세,경상,승용,남,40세,중상
2022071200100023,2022년 7월 12일 03시,화요일,전라북도 익산시 여산면,경상사고,0,0,1,0,차대차 - 추돌,안전운전불이행,건조,맑음,기타 - 기타,화물,남,42세,상해없음,화물,남,48세,경상
2022071200100046,2022년 7월 12일 06시,화요일,전라북도 군산시 오식도동,경상사고,0,0,2,0,차대차 - 측면충돌,기타,건조,맑음,교차로 - 교차로안,화물,남,50세,경상,특수,남,56세,경상
2022071200100092,2022년 7월 12일 08시,화요일,전라북도 익산시 인화동1가,경상사고,0,0,1,0,차대차 - 측면충돌,신호위반,건조,맑음,교차로 - 교차로안,화물,남,67세,상해없음,승용,남,29세,경상
2022071200100093,2022년 7월 12일 08시,화요일,전라북도 김제시 황산면,중상사고,0,1,0,0,차대사람 - 기타,안전운전불이행,건조,맑음,단일로 - 기타,화물,남,69세,상해없음,보행자,여,70세,중상