사고번호,사고일시,요일,시군구,사고내용,사망자수,중상자수,경상자수,부상신고자수,사고유형,법규위반,노면상태,기상상태,도로형태,가해운전자 차종,가해운전자 성별,가해운전자 연령,가해운전자 상해정도,피해운전자 차종,피해운전자 성별,피해운전자 연령,피해운전자 상해정도
2022071200100094,2022년 7월 12일 08시,화요일,전라북도 남원시 도통동,사망사고,1,0,0,0,차대사람 - 기타,안전운전불이행,건조,맑음,단일로 - 기타,특수,남,63세,상해없음,보행자,남,58세,사망
2022071200100152,2022년 7월 12일 10시,화요일,전라북도 남원시 쌍교동,경상사고,0,0,1,0,차대차 - 추돌,안전운전불이행,건조,맑음,교차로 - 교차로부근,이륜,남,71세,상해없음,승용,여,48세,경상
2022071200100205,2022년 7월 12일 12시,화요일,전라북도 전주시 완산구 효자동2가,경상사고,0,0,1,0,차대차 - 측면충돌,신호위반,건조,맑음,교차로 - 교차로안,승용,여,56세,상해없음,승용,여,41세,경상
2022071200100230,2022년 7월 12일 13시,화요일,전라북도 전주시 완산구 효자동1가,경상사고,0,0,1,0,차대차 - 기타,안전운전불이행,건조,맑음,단일로 - 기타,승용,남,73세,기타불명,화물,여,48세,경상
2022071200100294,2022년 7월 12일 15시,화요일,전라북도 전주시 완산구 중화산동2가,경상사고,0,0,1,0,차대차 - 측면충돌,안전운전불이행,건조,맑음,단일로 - 기타,화물,남,60세,상해없음,화물,남,27세,경상
2022071200100295,2022년 7월 12일 15시,화요일,전라북도 김제시 요촌동,중상사고,0,1,0,0,차대사람 - 횡단중,안전운전불이행,건조,맑음,교차로 - 교차로안,승용,여,53세,상해없음,보행자,여,77세,중상
2022071200100296,2022년 7월 12일 15시,화요일,전라북도 진안군 용담면,경상사고,0,0,3,0,차대차 - 정면충돌,중앙선침범,젖음/습기,비,단일로 - 기타,승용,여,67세,경상,승용,남,64세,경상
2022071200100363,2022년 7월 12일 17시,화요일,전라북도 전주시 완산구 효자동3가,경상사고,0,0,1,0,차대차 - 측면충돌,안전운전불이행,젖음/습기,비,교차로 - 교차로부근,승용,남,19세,상해없음,원동기,여,21세,경상
2022071200100364,2022년 7월 12일 17시,화요일,전라북도 전주시 완산구 효자동1가,중상사고,0,1,0,0,차대사람 - 횡단중,보행자보호의무위반,건조,맑음,교차로 - 교차로안,승용,여,25세,상해없음,보행자,여,73세,중상
2022071200100405,2022년 7월 12일 18시,화요일,전라북도 익산시 영등동,경상사고,0,0,1,0,차대사람 - 보도통행중,보행자보호의무위반,건조,맑음,교차로 - 교차로횡단보도내,승용,여,54세,상해없음,보행자,여,9세,경상
2022071200100406,2022년 7월 12일 18시,화요일,전라북도 정읍시 고부면,경상사고,0,0,1,0,차대차 - 후진중충돌,안전운전불이행,건조,맑음,교차로 - 교차로안,승용,여,55세,상해없음,승용,남,32세,경상
2022071200100440,2022년 7월 12일 19시,화요일,전라북도 익산시 오산면,사망사고,1,1,0,0,차대차 - 측면충돌,기타,건조,맑음,교차로 - 교차로안,승용,남,25세,중상,승용,여,59세,사망
2022071200100479,2022년 7월 12일 21시,화요일,전라북도 김제시 요촌동,중상사고,0,1,0,0,차대사람 - 횡단중,보행자보호의무위반,건조,맑음,교차로 - 교차로안,화물,남,66세,상해없음,보행자,남,43세,중상
2022071300100028,2022년 7월 13일 04시,수요일,전라북도 군산시 수송동,경상사고,0,0,1,0,차대차 - 측면충돌,신호위반,건조,맑음,교차로 - 교차로안,승용,여,67세,상해없음,승용,여,46세,경상
2022071300100093,2022년 7월 13일 08시,수요일,전라북도 전주시 완산구 중화산동2가,경상사고,0,0,2,0,차대차 - 추돌,안전거리미확보,건조,맑음,단일로 - 기타,승용,남,51세,경상,승용,남,28세,경상
2022071300100094,2022년 7월 13일 08시,수요일,전라북도 전주시 완산구 중화산동2가,경상사고,0,0,2,1,차대차 - 추돌,안전거리미확보,건조,맑음,단일로 - 기타,승용,남,52세,상해없음,승용,남,51세,경상
2022071300100206,2022년 7월 13일 12시,수요일,전라북도 정읍시 입암면,경상사고,0,0,4,0,차대차 - 측면충돌,신호위반,건조,흐림,단일로 - 기타,화물,남,24세,상해없음,승용,남,25세,경상
2022071300100379,2022년 7월 13일 17시,수요일,전라북도 군산시 미장동,경상사고,0,0,1,0,차대사람 - 기타,기타,건조,맑음,단일로 - 기타,기타불명,기타불명,미분류,기타불명,보행자,여,61세,경상
2022071300100421,2022년 7월 13일 18시,수요일,전라북도 전주시 덕진구 송천동2가,경상사고,0,0,1,0,차대사람 - 횡단중,안전운전불이행,건조,맑음,단일로 - 기타,승용,여,49세,상해없음,보행자,여,7세,경상
2022071300100422,2022년 7월 13일 18시,수요일,전라북도 군산시 나운동,경상사고,0,0,1,0,차대차 - 측면충돌,안전거리미확보,건조,맑음,단일로 - 기타,승용,남,36세,상해없음,승용,남,33세,경상
2022071300100467,2022년 7월 13일 19시,수요일,전라북도 전주시 완산구 용복동,경상사고,0,0,1,0,차대차 - 기타,안전운전불이행,건조,맑음,단일로 - 기타,승용,남,26세,상해없음,승용,남,24세,경상
2022071300100468,2022년 7월 13일 19시,수요일,전라북도 전주시 완산구 효자동2가,중상사고,0,2,1,0,차대차 - 측면충돌,안전운전불이행,건조,맑음,교차로 - 교차로안,승용,여,55세,상해없음,승용,남,32세,중상
2022071300100469,2022년 7월 13일 19시,수요일,전라북도 남원시 도통동,중상사고,0,1,0,0,차대차 - 기타,교차로운행방법위반,건조,맑음,교차로 - 교차로안,승용,남,58세,상해없음,이륜,남,46세,중상
2022071300100494,2022년 7월 13일 20시,수요일,전라북도 전주시 덕진구 중동,경상사고,0,0,1,0,차대차 - 측면충돌,불법유턴,건조,맑음,교차로 - 교차로부근,승용,남,26세,상해없음,이륜,남,27세,경상
2022071300100517,2022년 7월 13일 21시,수요일,전라북도 전주시 완산구 효자동2가,경상사고,0,0,1,0,차대차 - 측면충돌,안전운전불이행,건조,맑음,교차로 - 교차로안,승용,남,64세,상해없음,이륜,남,38세,경상
2022071400100023,2022년 7월 14일 01시,목요일,전라북도 전주시 덕진구 덕진동1가,경상사고,0,0,2,0,차대차 - 측면충돌,신호위반,젖음/습기,비,교차로 - 교차로안,승용,남,58세,상해없음,승용,남,53세,경상
2022071400100065,2022년 7월 14일 06시,목요일,전라북도 전주시 완산구 서서학동,경상사고,0,0,1,0,차대차 - 측면충돌,안전운전불이행,건조,맑음,단일로 - 기타,승용,여,44세,상해없음,자전거,남,66세,경상
2022071400100066,2022년 7월 14일 06시,목요일,전라북도 김제시 황산면,경상사고,0,0,2,0,차대차 - 정면충돌,중앙선침범,건조,맑음,단일로 - 기타,승용,남,32세,상해없음,화물,남,41세,경상
2022071400100157,2022년 7월 14일 09시,목요일,전라북도 부안군 부안읍,중상사고,0,2,0,0,차대차 - 측면충돌,안전운전불이행,건조,맑음,교차로 - 교차로안,승용,여,59세,상해없음,이륜,남,73세,중상
2022071400100223,2022년 7월 14일 11시,목요일,전라북도 무주군 무주읍,중상사고,0,1,0,0,차대차 - 측면충돌,신호위반,건조,맑음,교차로 - 교차로안,승용,남,43세,상해없음,화물,남,63세,중상
2022071400100275,2022년 7월 14일 13시,목요일,전라북도 전주시 덕진구 진북동,경상사고,0,0,1,0,차대차 - 측면충돌,신호위반,건조,맑음,교차로 - 교차로안,승용,남,79세,상해없음,화물,남,47세,경상
2022071400100277,2022년 7월 14일 13시,목요일,전라북도 군산시 나포면,경상사고,0,0,1,0,차대사람 - 기타,안전운전불이행,건조,맑음,주차장 - 주차장,승용,남,25세,상해없음,보행자,여,78세,경상
2022071400100399,2022년 7월 14일 16시,목요일,전라북도 전주시 덕진구 팔복동2가,중상사고,0,2,0,0,차대차 - 정면충돌,중앙선침범,건조,맑음,단일로 - 기타,승용,남,61세,중상,승용,남,25세,중상
2022071400100400,2022년 7월 14일 16시,목요일,전라북도 부안군 변산면,경상사고,0,0,1,0,차대사람 - 횡단중,보행자보호의무위반,건조,맑음,단일로 - 지하차도(도로)내,승용,남,54세,상해없음,보행자,남,6세,경상
2022071400100447,2022년 7월 14일 17시,목요일,전라북도 남원시 주천면,경상사고,0,0,1,0,차대차 - 정면충돌,직진우회전진행방해,건조,맑음,교차로 - 교차로안,자전거,남,25세,경상,화물,여,66세,상해없음
2022071400100494,2022년 7월 14일 18시,목요일,전라북도 전주시 완산구 서신동,경상사고,0,0,1,0,차대차 - 추돌,안전운전불이행,건조,맑음,단일로 - 기타,승용,여,26세,상해없음,승용,남,61세,상해없음
2022071400100575,2022년 7월 14일 20시,목요일,전라북도 전주시 덕진구 인후동1가,중상사고,0,1,0,0,차대사람 - 기타,기타,건조,맑음,단일로 - 기타,개인형이동수단(PM),여,13세,상해없음,보행자,여,2세,중상
2022071400100610,2022년 7월 14일 21시,목요일,전라북도 군산시 수송동,경상사고,0,0,1,0,차대차 - 측면충돌,안전운전불이행,젖음/습기,흐림,단일로 - 지하차도(도로)내,승용,여,31세,상해없음,승용,남,65세,경상
2022071400100645,2022년 7월 14일 23시,목요일,전라북도 군산시 산북동,경상사고,0,0,1,0,차대차 - 추돌,안전운전불이행,건조,맑음,단일로 - 지하차도(도로)내,화물,남,40세,상해없음,승용,남,52세,경상
2022071500100055,2022년 7월 15일 07시,금요일,전라북도 전주시 덕진구 팔복동2가,경상사고,0,0,1,0,차대차 - 기타,안전운전불이행,건조,맑음,단일로 - 기타,승용,남,22세,상해없음,승용,남,34세,경상
2022071500100056,2022년 7월 15일 07시,금요일,전라북도 김제시 금산면,경상사고,0,0,1,0,차대차 - 측면충돌,안전운전불이행,건조,맑음,교차로 - 교차로안,승용,여,49세,상해없음,자전거,남,56세,경상
2022071500100127,2022년 7월 15일 09시,금요일,전라북도 전주시 덕진구 덕진동1가,경상사고,0,0,1,0,차대차 - 후진중충돌,안전운전불이행,건조,맑음,교차로 - 교차로부근,승용,남,77세,상해없음,승용,남,32세,경상
2022071500100128,2022년 7월 15일 09시,금요일,전라북도 군산시 옥산면,중상사고,0,1,0,0,차대차 - 측면충돌,안전운전불이행,건조,맑음,교차로 - 교차로안,승용,여,33세,상해없음,승용,여,40세,중상
2022071500100158,2022년 7월 15일 10시,금요일,전라북도 진안군 진안읍,경상사고,0,0,1,0,차대사람 - 차도통행중,안전운전불이행,건조,맑음,단일로 - 기타,승용,남,66세,상해없음,보행자,여,78세,경상
2022071500100195,2022년 7월 15일 11시,금요일,전라북도 김제시 요촌동,중상사고,0,1,0,0,차대사람 - 횡단중,안전운전불이행,건조,맑음,교차로 - 교차로안,승용,남,64세,상해없음,보행자,남,76세,중상
2022071500100254,2022년 7월 15일 13시,금요일,전라북도 익산시 함열읍,경상사고,0,0,1,0,차대차 - 기타,교차로운행방법위반,건조,맑음,교차로 - 교차로안,이륜,남,38세,경상,승용,남,48세,상해없음
2022071500100293,2022년 7월 15일 14시,금요일,전라북도 익산시 영등동,중상사고,0,1,0,0,차대차 - 기타,교차로운행방법위반,건조,맑음,교차로 - 교차로안,자전거,남,77세,중상,화물,남,52세,상해없음
2022071500100321,2022년 7월 15일 15시,금요일,전라북도 군산시 오식도동,중상사고,0,1,0,0,차대차 - 측면충돌,신호위반,건조,맑음,교차로 - 교차로안,승용,남,55세,상해없음,이륜,남,37세,중상
2022071500100364,2022년 7월 15일 16시,금요일,전라북도 부안군 변산면,경상사고,0,0,1,0,차대차 - 측면충돌,중앙선침범,건조,맑음,단일로 - 기타,승용,남,63세,상해없음,승용,남,52세,경상
2022071500100411,2022년 7월 15일 17시,금요일,전라북도 전주시 완산구 효자동1가,중상사고,0,1,1,0,차대차 - 추돌,안전운전불이행,건조,맑음,교차로 - 교차로안,승용,남,65세,상해없음,승용,남,52세,중상
2022071500100412,2022년 7월 15일 17시,금요일,전라북도 장수군 장계면,경상사고,0,0,1,0,차대차 - 후진중충돌,안전운전불이행,건조,맑음,기타 - 기타,승합,남,61세,상해없음,이륜,여,37세,경상
2022071500100649,2022년 7월 15일 23시,금요일,전라북도 전주시 완산구 중노송동,경상사고,0,0,1,0,차대차 - 기타,안전운전불이행,건조,맑음,교차로 - 교차로안,승용,여,32세,상해없음,승용,남,56세,경상
2022071600100059,2022년 7월 16일 04시,토요일,전라북도 전주시 완산구 평화동1가,경상사고,0,0,2,0,차량단독 - 공작물충돌,안전운전불이행,건조,맑음,교차로 - 교차로부근,이륜,남,18세,경상,,,,
2022071600100091,2022년 7월 16일 08시,토요일,전라북도 익산시 갈산동,경상사고,0,0,1,0,차대사람 - 횡단중,안전운전불이행,건조,맑음,교차로 - 교차로횡단보도내,승용,남,63세,상해없음,보행자,남,66세,경상
2022071600100273,2022년 7월 16일 14시,토요일,전라북도 전주시 완산구 중화산동2가,경상사고,0,0,2,0,차대차 - 추돌,안전거리미확보,건조,맑음,교차로 - 교차로부근,승용,여,30세,상해없음,승용,여,20세,경상
2022071600100274,2022년 7월 16일 14시,토요일,전라북도 무주군 설천면,경상사고,0,0,2,0,차대차 - 측면충돌,직진우회전진행방해,건조,맑음,단일로 - 터널,승용,남,64세,경상,승용,여,52세,경상
2022071600100313,2022년 7월 16일 15시,토요일,전라북도 전주시 덕진구 금암동,경상사고,0,0,1,0,차대차 - 측면충돌,중앙선침범,건조,맑음,교차로 - 교차로안,개인형이동수단(PM),남,25세,상해없음,이륜,남,44세,경상
2022071600100314,2022년 7월 16일 15시,토요일,전라북도 군산시 나운동,경상사고,0,0,5,0,차대차 - 추돌,안전운전불이행,건조,맑음,단일로 - 기타,승용,남,62세,상해없음,승용,남,42세,경상
2022071600100353,2022년 7월 16일 16시,토요일,전라북도 전주시 완산구 효자동1가,경상사고,0,0,1,0,차대차 - 기타,안전거리미확보,건조,맑음,단일로 - 기타,승용,여,69세,상해없음,화물,남,55세,경상
2022071600100383,2022년 7월 16일 17시,토요일,전라북도 전주시 덕진구 팔복동3가,경상사고,0,0,3,1,차대차 - 추돌,안전운전불이행,건조,맑음,교차로 - 교차로부근,승용,남,59세,상해없음,승용,여,31세,경상
2022071600100421,2022년 7월 16일 18시,토요일,전라북도 고창군 신림면,경상사고,0,0,2,0,차대차 - 측면충돌,중앙선침범,기타,맑음,단일로 - 기타,승용,남,26세,상해없음,승용,여,47세,경상
2022071600100481,2022년 7월 16일 20시,토요일,전라북도 전주시 완산구 동서학동,중상사고,0,1,0,0,차대차 - 측면충돌,신호위반,건조,맑음,교차로 - 교차로횡단보도내,승용,남,52세,상해없음,개인형이동수단(PM),여,18세,중상
2022071600100521,2022년 7월 16일 22시,토요일,전라북도 전주시 완산구 서완산동2가,경상사고,0,0,2,0,차대차 - 측면충돌,안전운전불이행,건조,맑음,교차로 - 교차로안,승용,남,52세,상해없음,승용,남,27세,경상
2022071600100522,2022년 7월 16일 22시,토요일,전라북도 순창군 인계면,사망사고,1,0,0,0,차대사람 - 차도통행중,안전운전불이행,건조,맑음,단일로 - 기타,화물,남,50세,상해없음,보행자,여,69세,사망
2022071700100063,2022년 7월 17일 07시,일요일,전라북도 전주시 덕진구 진북동,경상사고,0,0,1,0,차대사람 - 기타,안전운전불이행,건조,맑음,기타 - 기타,화물,남,60세,상해없음,보행자,남,80세,경상
2022071700100089,2022년 7월 17일 09시,일요일,전라북도 전주시 완산구 효자동2가,경상사고,0,0,1,0,차대차 - 측면충돌,안전운전불이행,건조,맑음,교차로 - 교차로부근,승용,남,72세,상해없음,승용,여,33세,경상
2022071700100104,2022년 7월 17일 10시,일요일,전라북도 군산시 소룡동,중상사고,0,1,0,0,차대사람 - 차도통행중,안전운전불이행,건조,맑음,단일로 - 기타,화물,남,57세,상해없음,보행자,여,83세,중상
2022071700100105,2022년 7월 17일 10시,일요일,전라북도 부안군 진서면,경상사고,0,0,1,0,차대차 - 측면충돌,안전운전불이행,건조,맑음,교차로 - 교차로안,사륜오토바이(ATV),남,51세,경상,승용,남,68세,상해없음
2022071700100126,2022년 7월 17일 11시,일요일,전라북도 정읍시 연지동,경상사고,0,0,1,0,차대차 - 후진중충돌,안전운전불이행,건조,맑음,교차로 - 교차로안,승용,남,36세,상해없음,승용,남,51세,경상
2022071700100186,2022년 7월 17일 13시,일요일,전라북도 장수군 계북면,경상사고,0,0,8,0,차대차 - 기타,안전운전불이행,건조,맑음,단일로 - 기타,승용,남,50세,상해없음,승용,남,50세,경상
2022071700100212,2022년 7월 17일 14시,일요일,전라북도 전주시 완산구 중화산동1가,경상사고,0,0,1,0,차대차 - 정면충돌,신호위반,건조,맑음,교차로 - 교차로안,승용,남,78세,상해없음,승용,남,76세,경상
2022071700100213,2022년 7월 17일 14시,일요일,전라북도 전주시 덕진구 송천동2가,경상사고,0,0,1,0,차대차 - 정면충돌,안전운전불이행,건조,맑음,교차로 - 교차로안,승용,남,28세,상해없음,승용,여,56세,경상
2022071700100239,2022년 7월 17일 15시,일요일,전라북도 군산시 옥도면,중상사고,0,1,0,0,차량단독 - 공작물충돌,안전운전불이행,건조,맑음,단일로 - 기타,이륜,여,61세,상해없음,,,,
2022071700100305,2022년 7월 17일 17시,일요일,전라북도 전주시 완산구 삼천동1가,부상신고사고,0,0,0,1,차대차 - 후진중충돌,안전운전불이행,건조,맑음,교차로 - 교차로부근,화물,남,55세,상해없음,승용,남,50세,부상신고
2022071700100306,2022년 7월 17일 17시,일요일,전라북도 전주시 덕진구 팔복동3가,경상사고,0,0,3,0,차대차 - 기타,안전운전불이행,건조,맑음,단일로 - 기타,승용,남,64세,상해없음,승용,여,43세,경상
2022071700100307,2022년 7월 17일 17시,일요일,전라북도 익산시 함라면,중상사고,0,1,0,0,차대차 - 측면충돌,안전운전불이행,건조,맑음,단일로 - 기타,승용,남,42세,상해없음,자전거,남,77세,중상
2022071700100308,2022년 7월 17일 17시,일요일,전라북도 익산시 황등면,중상사고,0,1,0,0,차대차 - 측면충돌,교차로운행방법위반,건조,맑음,교차로 - 교차로안,승용,남,71세,상해없음,승용,남,61세,중상
2022071700100309,2022년 7월 17일 17시,일요일,전라북도 장수군 천천면,중상사고,0,1,0,0,차량단독 - 기타,안전운전불이행,건조,맑음,단일로 - 기타,이륜,남,58세,중상,,,,
2022071700100388,2022년 7월 17일 20시,일요일,전라북도 완주군 경천면,경상사고,0,0,1,0,차대차 - 측면충돌,중앙선침범,건조,맑음,단일로 - 기타,승용,남,44세,상해없음,승용,남,51세,경상
2022071700100416,2022년 7월 17일 21시,일요일,전라북도 전주시 덕진구 금암동,경상사고,0,0,1,1,차대차 - 측면충돌,불법유턴,건조,맑음,교차로 - 교차로횡단보도내,승용,남,63세,상해없음,승용,남,75세,부상신고
2022071700100417,2022년 7월 17일 21시,일요일,전라북도 정읍시 수성동,경상사고,0,0,1,0,차대차 - 추돌,안전운전불이행,건조,맑음,교차로 - 교차로안,승용,남,36세,상해없음,화물,남,48세,경상
2022071800100068,2022년 7월 18일 07시,월요일,전라북도 전주시 덕진구 금암동,중상사고,0,1,0,0,차대차 - 측면충돌,신호위반,젖음/습기,비,교차로 - 교차로횡단보도내,승용,남,33세,상해없음,자전거,남,52세,중상
2022071800100069,2022년 7월 18일 07시,월요일,전라북도 익산시 인화동1가,경상사고,0,0,1,0,차대차 - 추돌,안전운전불이행,건조,맑음,교차로 - 교차로부근,화물,남,35세,상해없음,승용,남,37세,경상
2022071800100100,2022년 7월 18일 08시,월요일,전라북도 군산시 대야면,경상사고,0,0,2,0,차대차 - 측면충돌,안전운전불이행,젖음/습기,비,단일로 - 지하차도(도로)내,승용,남,27세,상해없음,승용,여,42세,경상
2022071800100139,2022년 7월 18일 09시,월요일,전라북도 군산시 경장동,경상사고,0,0,1,0,차대차 - 추돌,안전운전불이행,젖음/습기,비,단일로 - 지하차도(도로)내,승용,남,24세,상해없음,승용,남,42세,경상
2022071800100174,2022년 7월 18일 10시,월요일,전라북도 전주시 덕진구 금암동,경상사고,0,0,2,0,차대차 - 추돌,안전운전불이행,젖음/습기,비,교차로 - 교차로부근,승용,남,76세,상해없음,승용,남,38세,경상
2022071800100175,2022년 7월 18일 10시,월요일,전라북도 무주군 적상면,중상사고,0,1,1,0,차량단독 - 공작물충돌,안전운전불이행,젖음/습기,비,단일로 - 지하차도(도로)내,승용,남,55세,경상,,,,
2022071800100239,2022년 7월 18일 12시,월요일,전라북도 정읍시 농소동,경상사고,0,0,1,0,차대차 - 측면충돌,안전운전불이행,젖음/습기,비,기타 - 기타,화물,남,49세,상해없음,승용,여,59세,경상
2022071800100280,2022년 7월 18일 13시,월요일,전라북도 전주시 덕진구 덕진동2가,경상사고,0,0,1,0,차대차 - 기타,안전운전불이행,젖음/습기,비,교차로 - 교차로부근,승용,남,55세,상해없음,이륜,남,22세,경상
2022071800100413,2022년 7월 18일 17시,월요일,전라북도 군산시 중앙로2가,경상사고,0,0,1,0,차대사람 - 횡단중,보행자보호의무위반,젖음/습기,비,교차로 - 교차로횡단보도내,승용,여,48세,상해없음,보행자,여,60세,경상
2022071800100453,2022년 7월 18일 18시,월요일,전라북도 전주시 덕진구 팔복동2가,경상사고,0,0,1,0,차대차 - 기타,안전운전불이행,젖음/습기,비,교차로 - 교차로부근,승용,여,33세,상해없음,승용,여,26세,경상
2022071800100454,2022년 7월 18일 18시,월요일,전라북도 정읍시 공평동,경상사고,0,0,1,0,차대차 - 측면충돌,중앙선침범,젖음/습기,비,단일로 - 기타,승용,남,52세,상해없음,화물,남,44세,경상
2022071800100519,2022년 7월 18일 20시,월요일,전라북도 남원시 죽항동,경상사고,0,0,2,0,차대사람 - 횡단중,신호위반,젖음/습기,비,교차로 - 교차로횡단보도내,이륜,남,24세,상해없음,보행자,여,38세,경상
2022071800100545,2022년 7월 18일 21시,월요일,전라북도 전주시 덕진구 송천동2가,경상사고,0,0,1,0,차대차 - 측면충돌,신호위반,젖음/습기,비,교차로 - 교차로안,승용,여,56세,상해없음,승용,남,30세,경상
2022071800100546,2022년 7월 18일 21시,월요일,전라북도 완주군 삼례읍,경상사고,0,0,1,0,차대차 - 기타,신호위반,젖음/습기,비,교차로 - 교차로안,승용,여,26세,상해없음,승용,남,37세,경상
2022071800100591,2022년 7월 18일 23시,월요일,전라북도 전주시 완산구 효자동2가,경상사고,0,0,1,0,차대차 - 측면충돌,신호위반,젖음/습기,비,교차로 - 교차로횡단보도내,승용,남,31세,상해없음,원동기,여,20세,경상
2022071900100009,2022년 7월 19일 00시,화요일,전라북도 익산시 모현동2가,경상사고,0,0,1,0,차대차 - 측면충돌,중앙선침범,건조,맑음,기타 - 기타,승용,남,17세,상해없음,승용,남,36세,경상
2022071900100021,2022년 7월 19일 01시,화요일,전라북도 전주시 덕진구 여의동2가,경상사고,0,0,1,0,차대사람 - 길가장자리구역통행중,보행자보호의무위반,젖음/습기,비,단일로 - 기타,승용,남,38세,상해없음,보행자,여,32세,경상
2022071900100100,2022년 7월 19일 08시,화요일,전라북도 정읍시 상동,경상사고,0,0,1,0,차대차 - 측면충돌,안전운전불이행,건조,맑음,교차로 - 교차로안,승용,남,56세,상해없음,자전거,여,64세,경상
2022071900100132,2022년 7월 19일 09시,화요일,전라북도 군산시 경암동,경상사고,0,0,1,0,차대사람 - 횡단중,안전운전불이행,건조,맑음,교차로 - 교차로부근,승용,남,61세,상해없음,보행자,여,73세,경상
2022071900100168,2022년 7월 19일 10시,화요일,전라북도 전주시 덕진구 금암동,중상사고,0,1,0,0,차대차 - 측면충돌,신호위반,건조,맑음,교차로 - 교차로횡단보도내,자전거,남,80세,중상,승용,남,36세,상해없음
2022071900100280,2022년 7월 19일 14시,화요일,전라북도 전주시 덕진구 팔복동2가,경상사고,0,0,2,0,차대차 - 측면충돌,안전운전불이행,건조,맑음,단일로 - 기타,승용,여,62세,상해없음,승합,남,53세,경상
2022071900100281,2022년 7월 19일 14시,화요일,전라북도 익산시 영등동,경상사고,0,0,2,0,차대사람 - 보도통행중,보행자보호의무위반,건조,맑음,교차로 - 교차로횡단보도내,승용,남,25세,상해없음,보행자,여,14세,경상
2022071900100316,2022년 7월 19일 15시,화요일,전라북도 임실군 오수면,경상사고,0,0,2,0,차대차 - 측면충돌,교차로운행방법위반,건조,맑음,교차로 - 교차로안,승용,남,65세,상해없음,승용,남,44세,경상
2022071900100317,2022년 7월 19일 15시,화요일,전라북도 완주군 고산면,중상사고,0,1,0,0,차대차 - 정면충돌,안전운전불이행,건조,맑음,단일로 - 기타,화물,남,67세,상해없음,자전거,남,77세,중상
2022071900100347,2022년 7월 19일 16시,화요일,전라북도 남원시 대산면,사망사고,1,0,0,0,차량단독 - 전도전복 - 전도,안전운전불이행,건조,맑음,단일로 - 기타,농기계,남,86세,사망,,,,
2022071900100434,2022년 7월 19일 18시,화요일,전라북도 익산시 팔봉동,경상사고,0,0,2,0,차대차 - 측면충돌,직진우회전진행방해,건조,맑음,교차로 - 교차로안,승용,남,24세,상해없음,승용,남,40세,경상
2022071900100498,2022년 7월 19일 20시,화요일,전라북도 군산시 산북동,중상사고,0,1,0,0,차대사람 - 기타,안전운전불이행,건조,맑음,단일로 - 기타,승용,여,50세,상해없음,보행자,남,59세,중상
2022071900100532,2022년 7월 19일 21시,화요일,전라북도 군산시 소룡동,경상사고,0,0,1,0,차대차 - 정면충돌,안전운전불이행,건조,맑음,교차로 - 교차로안,승용,남,41세,상해없음,화물,남,45세,경상
2022071900100573,2022년 7월 19일 23시,화요일,전라북도 전주시 덕진구 덕진동2가,경상사고,0,0,2,0,차대차 - 기타,기타,건조,맑음,단일로 - 기타,승용,남,46세,상해없음,개인형이동수단(PM),남,24세,경상
2022072000100012,2022년 7월 20일 00시,수요일,전라북도 전주시 완산구 효자동2가,경상사고,0,0,1,0,차대차 - 측면충돌,신호위반,건조,맑음,교차로 - 교차로안,승용,남,68세,상해없음,승용,여,47세,경상
2022072000100013,2022년 7월 20일 00시,수요일,전라북도 김제시 용지면,중상사고,0,1,0,0,차대차 - 추돌,안전운전불이행,건조,맑음,교차로 - 교차로부근,승용,남,39세,상해없음,특수,남,48세,중상
2022072000100027,2022년 7월 20일 02시,수요일,전라북도 전주시 완산구 중화산동1가,중상사고,0,1,0,0,차대사람 - 횡단중,안전운전불이행,건조,맑음,단일로 - 기타,승용,남,68세,상해없음,보행자,남,54세,중상
2022072000100111,2022년 7월 20일 08시,수요일,전라북도 전주시 덕진구 송천동2가,경상사고,0,0,1,0,차대사람 - 길가장자리구역통행중,안전운전불이행,건조,흐림,기타 - 기타,승용,여,38세,상해없음,보행자,여,23세,경상
2022072000100112,2022년 7월 20일 08시,수요일,전라북도 임실군 관촌면,중상사고,0,1,1,0,차대차 - 추돌,안전운전불이행,건조,맑음,교차로 - 교차로부근,승용,여,47세,상해없음,승용,여,40세,경상
2022072000100141,2022년 7월 20일 09시,수요일,전라북도 정읍시 신태인읍,경상사고,0,0,1,0,차대차 - 측면충돌,불법유턴,건조,맑음,단일로 - 기타,승용,남,36세,상해없음,원동기,남,20세,경상
2022072000100177,2022년 7월 20일 10시,수요일,전라북도 장수군 계북면,경상사고,0,0,1,0,차대차 - 기타,안전운전불이행,건조,맑음,단일로 - 기타,농기계,남,81세,경상,화물,남,43세,상해없음
2022072000100298,2022년 7월 20일 14시,수요일,전라북도 군산시 구암동,부상신고사고,0,0,0,1,차대차 - 기타,안전운전불이행,건조,맑음,단일로 - 기타,승용,남,68세,부상신고,화물,남,34세,기타불명
2022072000100341,2022년 7월 20일 15시,수요일,전라북도 군산시 수송동,경상사고,0,0,1,0,차대차 - 기타,안전운전불이행,건조,맑음,교차로 - 교차로부근,승용,여,50세,상해없음,승용,여,50세,경상
2022072000100373,2022년 7월 20일 16시,수요일,전라북도 군산시 나운동,경상사고,0,0,2,0,차대사람 - 보도통행중,신호위반,건조,맑음,교차로 - 교차로안,승용,여,37세,상해없음,보행자,남,20세,경상