사고번호,사고일시,요일,시군구,사고내용,사망자수,중상자수,경상자수,부상신고자수,사고유형,법규위반,노면상태,기상상태,도로형태,가해운전자 차종,가해운전자 성별,가해운전자 연령,가해운전자 상해정도,피해운전자 차종,피해운전자 성별,피해운전자 연령,피해운전자 상해정도
2022072000100492,2022년 7월 20일 19시,수요일,전라북도 전주시 완산구 효자동2가,중상사고,0,1,0,0,차대차 - 기타,교차로운행방법위반,건조,맑음,교차로 - 교차로안,승용,여,41세,상해없음,자전거,남,62세,중상
2022072000100493,2022년 7월 20일 19시,수요일,전라북도 군산시 중앙로1가,경상사고,0,0,1,0,차대차 - 측면충돌,안전운전불이행,건조,맑음,단일로 - 기타,승용,남,23세,상해없음,자전거,남,40세,경상
2022072000100494,2022년 7월 20일 19시,수요일,전라북도 정읍시 상동,경상사고,0,0,2,0,차대차 - 추돌,교차로운행방법위반,건조,흐림,교차로 - 교차로안,개인형이동수단(PM),남,15세,경상,승용,여,57세,상해없음
2022072000100554,2022년 7월 20일 21시,수요일,전라북도 정읍시 상동,경상사고,0,0,1,0,차대차 - 추돌,안전운전불이행,젖음/습기,비,단일로 - 기타,승용,남,54세,상해없음,승용,여,56세,경상
2022072000100583,2022년 7월 20일 22시,수요일,전라북도 전주시 덕진구 인후동2가,경상사고,0,0,1,0,차대차 - 추돌,기타,젖음/습기,비,단일로 - 기타,승용,남,28세,상해없음,승용,여,59세,경상
2022072000100604,2022년 7월 20일 23시,수요일,전라북도 김제시 황산면,경상사고,0,0,1,0,차대차 - 측면충돌,직진우회전진행방해,젖음/습기,비,교차로 - 교차로안,승용,여,30세,상해없음,화물,남,58세,경상
2022072000100605,2022년 7월 20일 23시,수요일,전라북도 순창군 복흥면,부상신고사고,0,0,0,1,차량단독 - 공작물충돌,안전운전불이행,젖음/습기,비,단일로 - 기타,화물,남,40세,부상신고,,,,
2022072100100007,2022년 7월 21일 00시,목요일,전라북도 전주시 완산구 삼천동1가,경상사고,0,0,2,0,차대차 - 기타,안전운전불이행,젖음/습기,비,교차로 - 교차로부근,승용,여,58세,상해없음,승용,남,53세,경상
2022072100100008,2022년 7월 21일 00시,목요일,전라북도 군산시 미원동,사망사고,1,0,0,0,차량단독 - 기타,안전운전불이행,건조,맑음,단일로 - 기타,자전거,남,69세,사망,,,,
2022072100100046,2022년 7월 21일 05시,목요일,전라북도 전주시 완산구 효자동3가,경상사고,0,0,1,0,차대차 - 측면충돌,신호위반,건조,맑음,교차로 - 교차로안,승용,남,28세,상해없음,화물,남,48세,경상
2022072100100087,2022년 7월 21일 07시,목요일,전라북도 정읍시 농소동,중상사고,0,1,1,0,차대차 - 기타,안전운전불이행,젖음/습기,흐림,교차로 - 교차로안,승용,남,67세,경상,승용,여,64세,중상
2022072100100113,2022년 7월 21일 08시,목요일,전라북도 군산시 오식도동,경상사고,0,0,1,0,차대차 - 기타,신호위반,젖음/습기,맑음,교차로 - 교차로부근,승용,남,28세,상해없음,승용,남,29세,경상
2022072100100165,2022년 7월 21일 10시,목요일,전라북도 전주시 완산구 평화동2가,경상사고,0,0,1,0,차대차 - 측면충돌,안전거리미확보,건조,맑음,단일로 - 기타,승용,여,54세,상해없음,승용,여,30세,경상
2022072100100223,2022년 7월 21일 12시,목요일,전라북도 정읍시 공평동,경상사고,0,0,1,0,차대차 - 측면충돌,안전운전불이행,건조,맑음,교차로 - 교차로안,승용,남,51세,상해없음,승용,남,57세,경상
2022072100100224,2022년 7월 21일 12시,목요일,전라북도 임실군 임실읍,경상사고,0,0,1,0,차대차 - 측면충돌,안전운전불이행,건조,맑음,교차로 - 교차로안,화물,여,48세,상해없음,승용,여,48세,경상
2022072100100254,2022년 7월 21일 13시,목요일,전라북도 전주시 덕진구 인후동2가,중상사고,0,1,0,0,차대사람 - 차도통행중,안전운전불이행,건조,맑음,단일로 - 기타,승용,여,69세,상해없음,보행자,여,72세,중상
2022072100100284,2022년 7월 21일 14시,목요일,전라북도 전주시 완산구 색장동,경상사고,0,0,1,0,차대차 - 정면충돌,중앙선침범,건조,맑음,교차로 - 교차로부근,승용,남,57세,상해없음,승용,남,32세,경상
2022072100100285,2022년 7월 21일 14시,목요일,전라북도 군산시 경암동,중상사고,0,1,0,0,차대사람 - 횡단중,보행자보호의무위반,건조,맑음,교차로 - 교차로횡단보도내,승합,남,45세,상해없음,보행자,여,63세,중상
2022072100100349,2022년 7월 21일 16시,목요일,전라북도 전주시 덕진구 덕진동1가,경상사고,0,0,1,0,차대차 - 측면충돌,차로위반,건조,맑음,단일로 - 기타,승용,남,52세,기타불명,승합,남,54세,상해없음
2022072100100350,2022년 7월 21일 16시,목요일,전라북도 남원시 하정동,중상사고,0,1,0,0,차대차 - 기타,교차로운행방법위반,건조,맑음,교차로 - 교차로안,자전거,남,77세,중상,개인형이동수단(PM),여,13세,상해없음
2022072100100428,2022년 7월 21일 18시,목요일,전라북도 전주시 덕진구 송천동1가,경상사고,0,0,1,0,차대차 - 추돌,안전운전불이행,건조,맑음,단일로 - 기타,승용,남,59세,상해없음,승용,남,23세,경상
2022072100100429,2022년 7월 21일 18시,목요일,전라북도 정읍시 농소동,중상사고,0,1,0,0,차대차 - 정면충돌,중앙선침범,건조,맑음,단일로 - 기타,승용,남,33세,상해없음,승용,남,58세,중상
2022072100100463,2022년 7월 21일 19시,목요일,전라북도 전주시 덕진구 인후동2가,경상사고,0,0,1,0,차량단독 - 기타,기타,건조,맑음,단일로 - 기타,승합,남,59세,상해없음,,,,
2022072100100464,2022년 7월 21일 19시,목요일,전라북도 군산시 수송동,경상사고,0,0,4,0,차대차 - 기타,신호위반,건조,맑음,교차로 - 교차로안,승용,남,65세,상해없음,승용,남,74세,경상
2022072100100487,2022년 7월 21일 20시,목요일,전라북도 전주시 덕진구 덕진동2가,경상사고,0,0,1,0,차대차 - 측면충돌,안전운전불이행,건조,맑음,교차로 - 교차로안,이륜,남,17세,상해없음,승용,남,24세,경상
2022072100100511,2022년 7월 21일 21시,목요일,전라북도 전주시 덕진구 송천동1가,중상사고,0,1,0,0,차대사람 - 차도통행중,안전운전불이행,건조,맑음,단일로 - 기타,승용,남,47세,상해없음,보행자,남,64세,중상
2022072100100529,2022년 7월 21일 22시,목요일,전라북도 전주시 완산구 삼천동1가,경상사고,0,0,1,0,차대사람 - 횡단중,신호위반,건조,맑음,교차로 - 교차로안,이륜,남,35세,상해없음,보행자,여,66세,경상
2022072200100051,2022년 7월 22일 05시,금요일,전라북도 전주시 덕진구 송천동1가,경상사고,0,0,1,0,차대차 - 측면충돌,불법유턴,건조,맑음,단일로 - 기타,승용,남,55세,상해없음,화물,남,38세,경상
2022072200100102,2022년 7월 22일 08시,금요일,전라북도 정읍시 산외면,경상사고,0,0,2,0,차대차 - 측면충돌,신호위반,젖음/습기,비,교차로 - 교차로안,승용,남,74세,경상,승용,남,27세,경상
2022072200100130,2022년 7월 22일 09시,금요일,전라북도 전주시 완산구 삼천동1가,경상사고,0,0,1,0,차대차 - 측면충돌,안전운전불이행,건조,맑음,기타 - 기타,승용,남,81세,상해없음,승용,여,52세,경상
2022072200100131,2022년 7월 22일 09시,금요일,전라북도 전주시 덕진구 인후동1가,경상사고,0,0,1,0,차대차 - 측면충돌,신호위반,건조,맑음,교차로 - 교차로부근,승용,여,66세,상해없음,원동기,남,59세,경상
2022072200100132,2022년 7월 22일 09시,금요일,전라북도 익산시 마동,사망사고,1,0,0,0,차대사람 - 횡단중,안전운전불이행,건조,맑음,교차로 - 교차로횡단보도내,건설기계,남,46세,상해없음,보행자,여,57세,사망
2022072200100197,2022년 7월 22일 11시,금요일,전라북도 군산시 소룡동,경상사고,0,0,1,0,차대차 - 측면충돌,안전운전불이행,건조,맑음,교차로 - 교차로안,화물,남,70세,상해없음,승용,여,55세,경상
2022072200100198,2022년 7월 22일 11시,금요일,전라북도 익산시 마동,중상사고,0,1,0,0,차대사람 - 횡단중,안전운전불이행,건조,맑음,교차로 - 교차로안,승합,남,51세,상해없음,보행자,여,60세,중상
2022072200100199,2022년 7월 22일 11시,금요일,전라북도 무주군 무주읍,중상사고,0,1,0,0,차대차 - 측면충돌,중앙선침범,건조,맑음,단일로 - 지하차도(도로)내,화물,남,59세,상해없음,승용,남,68세,중상
2022072200100239,2022년 7월 22일 12시,금요일,전라북도 군산시 수송동,경상사고,0,0,2,0,차대차 - 측면충돌,안전운전불이행,건조,맑음,단일로 - 지하차도(도로)내,승용,남,61세,상해없음,승용,여,37세,경상
2022072200100240,2022년 7월 22일 12시,금요일,전라북도 남원시 향교동,경상사고,0,0,1,0,차대차 - 추돌,안전운전불이행,건조,맑음,교차로 - 교차로부근,승합,남,46세,상해없음,이륜,남,19세,경상
2022072200100283,2022년 7월 22일 13시,금요일,전라북도 전주시 덕진구 팔복동3가,경상사고,0,0,2,0,차대차 - 추돌,안전운전불이행,건조,맑음,단일로 - 기타,승용,남,41세,상해없음,승용,남,22세,경상
2022072200100313,2022년 7월 22일 14시,금요일,전라북도 군산시 경장동,경상사고,0,0,1,0,차대차 - 추돌,안전운전불이행,건조,맑음,단일로 - 지하차도(도로)내,화물,남,63세,상해없음,승용,남,28세,경상
2022072200100314,2022년 7월 22일 14시,금요일,전라북도 남원시 향교동,경상사고,0,0,1,0,차대차 - 측면충돌,안전거리미확보,건조,맑음,교차로 - 교차로안,화물,남,56세,상해없음,승용,여,55세,경상
2022072200100347,2022년 7월 22일 15시,금요일,전라북도 전주시 덕진구 전미동1가,경상사고,0,0,1,0,차대차 - 추돌,안전운전불이행,건조,맑음,교차로 - 교차로부근,승용,여,27세,상해없음,승용,남,57세,경상
2022072200100348,2022년 7월 22일 15시,금요일,전라북도 부안군 동진면,중상사고,0,1,0,0,차대차 - 측면충돌,중앙선침범,건조,맑음,단일로 - 기타,이륜,남,79세,중상,화물,남,57세,상해없음
2022072200100381,2022년 7월 22일 16시,금요일,전라북도 익산시 남중동,경상사고,0,0,1,0,차대사람 - 횡단중,보행자보호의무위반,건조,맑음,교차로 - 교차로안,승용,남,26세,상해없음,보행자,여,66세,경상
2022072200100427,2022년 7월 22일 17시,금요일,전라북도 완주군 봉동읍,중상사고,0,1,0,0,차대차 - 측면충돌,교차로운행방법위반,건조,맑음,교차로 - 교차로안,이륜,남,18세,상해없음,원동기,남,61세,중상
2022072200100532,2022년 7월 22일 20시,금요일,전라북도 군산시 사정동,경상사고,0,0,2,0,차대사람 - 길가장자리구역통행중,안전운전불이행,건조,맑음,단일로 - 지하차도(도로)내,이륜,남,19세,경상,보행자,여,60세,경상
2022072200100533,2022년 7월 22일 20시,금요일,전라북도 익산시 어양동,경상사고,0,0,3,0,차대차 - 추돌,안전운전불이행,건조,맑음,교차로 - 교차로부근,승용,여,41세,상해없음,승합,남,40세,경상
2022072200100560,2022년 7월 22일 21시,금요일,전라북도 군산시 오식도동,중상사고,0,1,0,0,차대사람 - 횡단중,안전운전불이행,건조,맑음,단일로 - 지하차도(도로)내,승용,여,30세,상해없음,보행자,남,59세,중상
2022072200100585,2022년 7월 22일 22시,금요일,전라북도 전주시 완산구 효자동2가,경상사고,0,0,1,0,차대차 - 정면충돌,안전운전불이행,건조,맑음,교차로 - 교차로안,승용,여,23세,상해없음,이륜,남,26세,경상
2022072300100100,2022년 7월 23일 09시,토요일,전라북도 군산시 월명동,부상신고사고,0,0,0,1,차대사람 - 기타,안전운전불이행,건조,맑음,교차로 - 교차로안,화물,남,24세,상해없음,보행자,남,64세,부상신고
2022072300100164,2022년 7월 23일 11시,토요일,전라북도 군산시 문화동,경상사고,0,0,1,0,차대차 - 측면충돌,교차로운행방법위반,건조,흐림,교차로 - 교차로안,이륜,남,80세,경상,승용,남,57세,상해없음
2022072300100165,2022년 7월 23일 11시,토요일,전라북도 군산시 소룡동,경상사고,0,0,2,0,차대차 - 측면충돌,안전운전불이행,건조,맑음,단일로 - 기타,승용,여,49세,상해없음,승용,남,46세,경상
2022072300100200,2022년 7월 23일 12시,토요일,전라북도 전주시 덕진구 진북동,경상사고,0,0,2,0,차대차 - 추돌,안전운전불이행,건조,맑음,교차로 - 교차로부근,승용,남,24세,상해없음,승용,남,25세,경상
2022072300100201,2022년 7월 23일 12시,토요일,전라북도 순창군 금과면,중상사고,0,1,0,0,차대사람 - 기타,안전운전불이행,건조,맑음,단일로 - 기타,승용,여,57세,상해없음,보행자,여,85세,중상
2022072300100239,2022년 7월 23일 13시,토요일,전라북도 익산시 인화동2가,중상사고,0,1,0,0,차대차 - 기타,안전운전불이행,건조,맑음,교차로 - 교차로안,자전거,남,72세,중상,승용,남,63세,상해없음
2022072300100275,2022년 7월 23일 14시,토요일,전라북도 전주시 완산구 효자동3가,경상사고,0,0,1,0,차대차 - 측면충돌,신호위반,건조,맑음,교차로 - 교차로안,화물,남,43세,상해없음,개인형이동수단(PM),남,16세,경상
2022072300100276,2022년 7월 23일 14시,토요일,전라북도 군산시 대명동,경상사고,0,0,1,0,차대사람 - 횡단중,안전운전불이행,건조,맑음,교차로 - 교차로안,승용,남,33세,상해없음,보행자,남,15세,경상
2022072300100330,2022년 7월 23일 16시,토요일,전라북도 전주시 덕진구 우아동1가,경상사고,0,0,1,0,차대차 - 측면충돌,안전운전불이행,건조,맑음,교차로 - 교차로안,승용,남,65세,상해없음,승용,남,26세,경상
2022072300100331,2022년 7월 23일 16시,토요일,전라북도 군산시 나운동,부상신고사고,0,0,0,1,차대사람 - 기타,안전운전불이행,건조,흐림,단일로 - 기타,승용,남,42세,상해없음,보행자,남,8세,부상신고
2022072300100382,2022년 7월 23일 18시,토요일,전라북도 전주시 덕진구 만성동,중상사고,0,1,0,0,차대차 - 정면충돌,중앙선침범,젖음/습기,비,단일로 - 기타,승용,남,48세,상해없음,개인형이동수단(PM),남,39세,중상
2022072300100383,2022년 7월 23일 18시,토요일,전라북도 전주시 덕진구 금암동,경상사고,0,0,1,0,차대차 - 측면충돌,안전운전불이행,건조,맑음,단일로 - 기타,승용,여,38세,상해없음,승용,남,20세,경상
2022072300100513,2022년 7월 23일 22시,토요일,전라북도 전주시 덕진구 인후동1가,중상사고,0,1,0,0,차대사람 - 차도통행중,안전운전불이행,젖음/습기,흐림,단일로 - 기타,이륜,남,22세,상해없음,보행자,남,46세,중상
2022072400100096,2022년 7월 24일 10시,일요일,전라북도 군산시 나운동,부상신고사고,0,0,0,1,차대차 - 기타,안전운전불이행,젖음/습기,비,교차로 - 교차로부근,승용,남,70세,상해없음,승용,남,64세,상해없음
2022072400100109,2022년 7월 24일 11시,일요일,전라북도 남원시 산내면,경상사고,0,0,1,0,차대사람 - 기타,안전운전불이행,건조,흐림,단일로 - 기타,승용,남,59세,상해없음,보행자,남,54세,경상
2022072400100110,2022년 7월 24일 11시,일요일,전라북도 완주군 고산면,경상사고,0,0,2,0,차대차 - 측면충돌,직진우회전진행방해,젖음/습기,비,교차로 - 교차로안,화물,여,31세,상해없음,승용,남,33세,경상
2022072400100125,2022년 7월 24일 12시,일요일,전라북도 전주시 덕진구 우아동3가,경상사고,0,0,1,1,차대차 - 측면충돌,직진우회전진행방해,건조,맑음,교차로 - 교차로안,승용,남,64세,상해없음,승용,남,63세,경상
2022072400100155,2022년 7월 24일 13시,일요일,전라북도 군산시 나운동,경상사고,0,0,2,0,차대차 - 측면충돌,신호위반,젖음/습기,비,교차로 - 교차로부근,승용,남,62세,상해없음,승용,남,44세,경상
2022072400100181,2022년 7월 24일 14시,일요일,전라북도 군산시 장미동,경상사고,0,0,1,0,차대차 - 측면충돌,안전운전불이행,젖음/습기,흐림,교차로 - 교차로안,승용,남,70세,상해없음,승용,여,39세,경상
2022072400100260,2022년 7월 24일 17시,일요일,전라북도 전주시 완산구 중화산동2가,경상사고,0,0,4,0,차대차 - 추돌,안전운전불이행,건조,흐림,교차로 - 교차로안,화물,남,62세,상해없음,승용,여,64세,경상
2022072400100261,2022년 7월 24일 17시,일요일,전라북도 전주시 완산구 중화산동2가,중상사고,0,1,0,0,차대차 - 정면충돌,안전운전불이행,젖음/습기,흐림,교차로 - 교차로안,승용,남,27세,상해없음,이륜,남,18세,중상
2022072400100262,2022년 7월 24일 17시,일요일,전라북도 전주시 완산구 서서학동,경상사고,0,0,1,0,차대차 - 기타,중앙선침범,건조,맑음,교차로 - 교차로안,승용,남,20세,상해없음,승용,여,52세,경상
2022072400100311,2022년 7월 24일 19시,일요일,전라북도 군산시 오식도동,경상사고,0,0,3,0,차대차 - 추돌,안전운전불이행,건조,흐림,교차로 - 교차로부근,화물,남,52세,상해없음,승용,남,35세,경상
2022072400100348,2022년 7월 24일 20시,일요일,전라북도 전주시 완산구 중화산동2가,경상사고,0,0,1,1,차대차 - 추돌,안전운전불이행,건조,맑음,교차로 - 교차로안,이륜,남,29세,상해없음,승용,남,66세,경상
2022072400100349,2022년 7월 24일 20시,일요일,전라북도 익산시 남중동,경상사고,0,0,1,0,차대차 - 기타,안전운전불이행,건조,맑음,단일로 - 기타,승용,남,29세,상해없음,승용,남,36세,경상
2022072500100003,2022년 7월 25일 00시,월요일,전라북도 전주시 덕진구 덕진동1가,경상사고,0,0,1,0,차대차 - 측면충돌,신호위반,건조,맑음,교차로 - 교차로안,화물,남,25세,상해없음,이륜,남,18세,경상
2022072500100095,2022년 7월 25일 08시,월요일,전라북도 군산시 수송동,경상사고,0,0,1,0,차대차 - 기타,안전운전불이행,건조,맑음,교차로 - 교차로안,승용,여,53세,상해없음,자전거,여,70세,경상
2022072500100096,2022년 7월 25일 08시,월요일,전라북도 남원시 향교동,경상사고,0,0,1,0,차대사람 - 보도통행중,보행자보호의무위반,건조,맑음,교차로 - 교차로횡단보도내,이륜,남,70세,상해없음,보행자,여,31세,경상
2022072500100173,2022년 7월 25일 10시,월요일,전라북도 익산시 신동,경상사고,0,0,1,0,차대차 - 측면충돌,안전운전불이행,건조,맑음,단일로 - 기타,승용,여,46세,상해없음,승합,남,62세,상해없음
2022072500100212,2022년 7월 25일 11시,월요일,전라북도 전주시 덕진구 금암동,경상사고,0,0,1,0,차대차 - 기타,안전운전불이행,건조,맑음,단일로 - 기타,승용,여,31세,상해없음,승합,남,56세,경상
2022072500100255,2022년 7월 25일 12시,월요일,전라북도 김제시 신풍동,경상사고,0,0,1,0,차대차 - 측면충돌,불법유턴,건조,맑음,단일로 - 지하차도(도로)내,화물,남,63세,상해없음,이륜,남,66세,경상
2022072500100343,2022년 7월 25일 15시,월요일,전라북도 군산시 미장동,경상사고,0,0,1,0,차대차 - 후진중충돌,안전운전불이행,건조,맑음,주차장 - 주차장,승용,남,80세,상해없음,승용,여,52세,경상
2022072500100385,2022년 7월 25일 16시,월요일,전라북도 전주시 완산구 석구동,경상사고,0,0,1,0,차대차 - 측면충돌,안전운전불이행,건조,맑음,단일로 - 기타,화물,남,73세,상해없음,승합,남,44세,경상
2022072500100386,2022년 7월 25일 16시,월요일,전라북도 군산시 조촌동,경상사고,0,0,3,0,차대차 - 추돌,안전운전불이행,건조,맑음,단일로 - 기타,승용,여,66세,상해없음,승용,여,34세,경상
2022072500100387,2022년 7월 25일 16시,월요일,전라북도 장수군 장수읍,중상사고,0,1,0,0,차대사람 - 횡단중,보행자보호의무위반,건조,맑음,단일로 - 기타,화물,남,71세,상해없음,보행자,여,10세,중상
2022072500100430,2022년 7월 25일 17시,월요일,전라북도 전주시 덕진구 송천동1가,경상사고,0,0,1,0,차대차 - 기타,안전운전불이행,건조,맑음,교차로 - 교차로부근,승용,여,54세,상해없음,이륜,남,36세,경상
2022072500100431,2022년 7월 25일 17시,월요일,전라북도 남원시 식정동,경상사고,0,0,2,0,차대차 - 후진중충돌,안전운전불이행,건조,맑음,교차로 - 교차로안,승용,여,61세,상해없음,농기계,남,82세,경상
2022072500100477,2022년 7월 25일 18시,월요일,전라북도 김제시 신풍동,중상사고,0,1,0,0,차대사람 - 횡단중,안전운전불이행,건조,맑음,단일로 - 기타,승용,여,40세,상해없음,보행자,남,8세,중상
2022072500100542,2022년 7월 25일 20시,월요일,전라북도 전주시 덕진구 송천동2가,경상사고,0,0,1,0,차대차 - 측면충돌,안전거리미확보,건조,맑음,교차로 - 교차로부근,승용,여,43세,상해없음,이륜,남,25세,경상
2022072500100543,2022년 7월 25일 20시,월요일,전라북도 전주시 덕진구 송천동1가,경상사고,0,0,1,0,차대사람 - 횡단중,안전운전불이행,건조,맑음,교차로 - 교차로안,이륜,남,18세,상해없음,보행자,남,66세,경상
2022072500100544,2022년 7월 25일 20시,월요일,전라북도 남원시 월락동,중상사고,0,1,0,0,차대차 - 기타,차로위반,건조,맑음,단일로 - 기타,승용,남,68세,상해없음,자전거,남,13세,중상
2022072500100582,2022년 7월 25일 22시,월요일,전라북도 전주시 덕진구 덕진동2가,경상사고,0,0,1,0,차대차 - 측면충돌,교차로운행방법위반,건조,맑음,교차로 - 교차로부근,승용,남,54세,상해없음,자전거,남,18세,경상
2022072500100596,2022년 7월 25일 23시,월요일,전라북도 전주시 덕진구 우아동3가,경상사고,0,0,1,0,차대차 - 추돌,안전운전불이행,건조,맑음,교차로 - 교차로부근,승용,남,25세,상해없음,승용,남,46세,경상
2022072600100007,2022년 7월 26일 00시,화요일,전라북도 군산시 산북동,경상사고,0,0,1,0,차대사람 - 기타,안전운전불이행,건조,맑음,교차로 - 교차로안,승용,남,71세,상해없음,보행자,남,47세,경상
2022072600100008,2022년 7월 26일 00시,화요일,전라북도 익산시 삼기면,중상사고,0,1,0,0,차대차 - 추돌,기타,건조,맑음,교차로 - 교차로부근,승용,남,36세,상해없음,승용,여,53세,중상
2022072600100071,2022년 7월 26일 07시,화요일,전라북도 김제시 신풍동,중상사고,0,1,0,0,차대차 - 측면충돌,안전운전불이행,건조,맑음,교차로 - 교차로안,승용,여,31세,상해없음,이륜,남,80세,중상
2022072600100094,2022년 7월 26일 08시,화요일,전라북도 군산시 지곡동,중상사고,0,1,0,0,차대차 - 측면충돌,중앙선침범,건조,맑음,단일로 - 지하차도(도로)내,자전거,남,76세,중상,승용,여,52세,상해없음
2022072600100095,2022년 7월 26일 08시,화요일,전라북도 남원시 향교동,중상사고,0,1,0,0,차대차 - 측면충돌,중앙선침범,건조,맑음,단일로 - 기타,승용,여,56세,상해없음,자전거,여,78세,중상
2022072600100131,2022년 7월 26일 09시,화요일,전라북도 전주시 완산구 중앙동1가,경상사고,0,0,1,0,차대차 - 측면충돌,안전운전불이행,건조,맑음,교차로 - 교차로안,승용,남,70세,상해없음,화물,남,64세,경상
2022072600100132,2022년 7월 26일 09시,화요일,전라북도 전주시 덕진구 호성동1가,경상사고,0,0,1,0,차대차 - 측면충돌,안전운전불이행,건조,맑음,교차로 - 교차로안,승용,남,74세,상해없음,승용,여,45세,경상
2022072600100214,2022년 7월 26일 11시,화요일,전라북도 익산시 남중동,경상사고,0,0,1,0,차대차 - 측면충돌,차로위반,건조,맑음,단일로 - 기타,승합,남,59세,상해없음,승용,여,52세,경상
2022072600100215,2022년 7월 26일 11시,화요일,전라북도 익산시 용안면,경상사고,0,0,2,0,차대차 - 측면충돌,안전운전불이행,건조,맑음,교차로 - 교차로안,화물,남,48세,상해없음,승용,남,67세,경상
2022072600100216,2022년 7월 26일 11시,화요일,전라북도 익산시 신용동,경상사고,0,0,2,0,차대차 - 측면충돌,안전운전불이행,건조,맑음,교차로 - 교차로안,승용,여,46세,경상,승용,남,66세,경상
2022072600100244,2022년 7월 26일 12시,화요일,전라북도 익산시 영등동,경상사고,0,0,1,0,차대차 - 측면충돌,안전운전불이행,건조,맑음,교차로 - 교차로안,화물,남,59세,상해없음,자전거,여,39세,경상
2022072600100322,2022년 7월 26일 14시,화요일,전라북도 완주군 화산면,경상사고,0,0,1,0,차대차 - 정면충돌,중앙선침범,건조,맑음,단일로 - 기타,승용,남,70세,상해없음,화물,남,67세,경상
2022072600100370,2022년 7월 26일 15시,화요일,전라북도 전주시 덕진구 여의동,경상사고,0,0,3,0,차대차 - 추돌,안전운전불이행,건조,맑음,교차로 - 교차로부근,승용,여,49세,상해없음,승용,남,34세,경상
2022072600100410,2022년 7월 26일 16시,화요일,전라북도 익산시 영등동,경상사고,0,0,2,0,차대차 - 측면충돌,안전운전불이행,건조,맑음,교차로 - 교차로안,화물,남,51세,상해없음,승용,여,68세,경상
2022072600100411,2022년 7월 26일 16시,화요일,전라북도 정읍시 태인면,경상사고,0,0,2,0,차대차 - 추돌,안전운전불이행,건조,맑음,단일로 - 기타,승용,남,49세,상해없음,화물,남,41세,경상
2022072600100412,2022년 7월 26일 16시,화요일,전라북도 무주군 적상면,경상사고,0,0,1,0,차대차 - 추돌,안전운전불이행,건조,맑음,교차로 - 교차로안,화물,남,74세,상해없음,승용,남,43세,경상
2022072600100522,2022년 7월 26일 19시,화요일,전라북도 전주시 완산구 효자동1가,경상사고,0,0,1,0,차대차 - 측면충돌,안전운전불이행,건조,맑음,교차로 - 교차로안,승용,여,25세,상해없음,승용,여,62세,경상
2022072600100523,2022년 7월 26일 19시,화요일,전라북도 전주시 덕진구 호성동1가,경상사고,0,0,1,0,차대차 - 기타,안전운전불이행,건조,맑음,교차로 - 교차로안,승용,여,46세,상해없음,승용,남,36세,경상
2022072700100023,2022년 7월 27일 02시,수요일,전라북도 전주시 완산구 서신동,경상사고,0,0,1,0,차대차 - 추돌,안전운전불이행,건조,맑음,단일로 - 기타,승용,남,57세,상해없음,승용,남,34세,경상
2022072700100031,2022년 7월 27일 04시,수요일,전라북도 익산시 어양동,중상사고,0,1,0,0,차대사람 - 횡단중,안전운전불이행,건조,맑음,교차로 - 교차로안,승용,남,38세,상해없음,보행자,여,63세,중상
2022072700100048,2022년 7월 27일 07시,수요일,전라북도 진안군 진안읍,경상사고,0,0,2,0,차대차 - 측면충돌,안전운전불이행,건조,맑음,교차로 - 교차로안,승용,남,74세,상해없음,승용,남,62세,경상
2022072700100156,2022년 7월 27일 10시,수요일,전라북도 전주시 덕진구 금암동,경상사고,0,0,2,0,차대차 - 측면충돌,안전거리미확보,건조,맑음,단일로 - 기타,승용,남,75세,상해없음,승용,남,29세,경상
2022072700100249,2022년 7월 27일 13시,수요일,전라북도 군산시 소룡동,경상사고,0,0,2,0,차대차 - 측면충돌,신호위반,건조,맑음,단일로 - 기타,원동기,남,43세,경상,승용,여,39세,경상
2022072700100311,2022년 7월 27일 15시,수요일,전라북도 군산시 나운동,경상사고,0,0,5,0,차대차 - 측면충돌,기타,건조,맑음,교차로 - 교차로안,승용,남,68세,경상,승용,여,39세,경상
2022072700100351,2022년 7월 27일 16시,수요일,전라북도 전주시 덕진구 금암동,경상사고,0,0,1,0,차대차 - 측면충돌,신호위반,건조,맑음,교차로 - 교차로안,승합,남,30세,상해없음,승용,남,26세,경상
2022072700100444,2022년 7월 27일 18시,수요일,전라북도 군산시 옥도면,중상사고,0,1,1,0,차량단독 - 공작물충돌,중앙선침범,건조,맑음,단일로 - 기타,사륜오토바이(ATV),여,16세,경상,,,,
2022072700100506,2022년 7월 27일 20시,수요일,전라북도 익산시 신동,경상사고,0,0,1,0,차대사람 - 차도통행중,안전운전불이행,건조,맑음,교차로 - 교차로부근,승용,남,33세,상해없음,보행자,남,36세,경상
2022072700100532,2022년 7월 27일 21시,수요일,전라북도 전주시 덕진구 인후동2가,경상사고,0,0,1,0,차대차 - 기타,직진우회전진행방해,건조,맑음,교차로 - 교차로안,승용,남,23세,상해없음,승용,남,55세,경상
2022072700100543,2022년 7월 27일 22시,수요일,전라북도 순창군 인계면,중상사고,0,2,0,0,차대차 - 추돌,안전운전불이행,건조,맑음,기타 - 기타,승용,남,28세,중상,화물,남,52세,중상