사고번호,사고일시,요일,시군구,사고내용,사망자수,중상자수,경상자수,부상신고자수,사고유형,법규위반,노면상태,기상상태,도로형태,가해운전자 차종,가해운전자 성별,가해운전자 연령,가해운전자 상해정도,피해운전자 차종,피해운전자 성별,피해운전자 연령,피해운전자 상해정도
2022072700100556,2022년 7월 27일 23시,수요일,전라북도 완주군 이서면,경상사고,0,0,1,0,차량단독 - 공작물충돌,안전운전불이행,건조,맑음,단일로 - 기타,승용,남,31세,경상,,,,
2022072800100075,2022년 7월 28일 07시,목요일,전라북도 전주시 덕진구 덕진동2가,경상사고,0,0,1,0,차대차 - 측면충돌,안전운전불이행,건조,맑음,교차로 - 교차로안,승용,남,80세,기타불명,승용,남,40세,기타불명
2022072800100076,2022년 7월 28일 07시,목요일,전라북도 익산시 함열읍,중상사고,0,3,2,0,차대차 - 측면충돌,안전운전불이행,건조,맑음,교차로 - 교차로안,승합,남,48세,상해없음,승용,남,56세,경상
2022072800100105,2022년 7월 28일 08시,목요일,전라북도 전주시 완산구 삼천동1가,중상사고,0,1,0,0,차대사람 - 횡단중,보행자보호의무위반,건조,맑음,교차로 - 교차로안,승용,남,64세,상해없음,보행자,남,83세,중상
2022072800100106,2022년 7월 28일 08시,목요일,전라북도 전주시 덕진구 금암동,경상사고,0,0,1,0,차대차 - 측면충돌,안전거리미확보,건조,맑음,단일로 - 기타,승용,여,54세,상해없음,승합,남,58세,경상
2022072800100107,2022년 7월 28일 08시,목요일,전라북도 익산시 마동,경상사고,0,0,1,0,차대차 - 측면충돌,교차로운행방법위반,건조,맑음,교차로 - 교차로안,건설기계,남,59세,상해없음,승용,남,34세,경상
2022072800100161,2022년 7월 28일 10시,목요일,전라북도 익산시 목천동,경상사고,0,0,2,0,차대차 - 측면충돌,직진우회전진행방해,건조,맑음,교차로 - 교차로안,승용,남,50세,상해없음,원동기,여,41세,경상
2022072800100231,2022년 7월 28일 12시,목요일,전라북도 군산시 미장동,경상사고,0,0,3,0,차대차 - 추돌,안전운전불이행,건조,맑음,교차로 - 교차로부근,승용,남,73세,상해없음,승용,남,73세,경상
2022072800100297,2022년 7월 28일 14시,목요일,전라북도 전주시 덕진구 금암동,중상사고,0,1,0,0,차대사람 - 차도통행중,안전운전불이행,건조,맑음,단일로 - 기타,승용,남,28세,상해없음,보행자,여,80세,중상
2022072800100298,2022년 7월 28일 14시,목요일,전라북도 군산시 월명동,경상사고,0,0,1,0,차대차 - 측면충돌,직진우회전진행방해,건조,맑음,교차로 - 교차로안,승용,여,22세,상해없음,이륜,남,24세,경상
2022072800100299,2022년 7월 28일 14시,목요일,전라북도 정읍시 고부면,경상사고,0,0,2,0,차대차 - 기타,신호위반,건조,맑음,교차로 - 교차로안,승용,남,45세,상해없음,승용,남,56세,경상
2022072800100300,2022년 7월 28일 14시,목요일,전라북도 순창군 동계면,부상신고사고,0,0,0,1,차량단독 - 공작물충돌,안전운전불이행,건조,맑음,단일로 - 기타,승용,여,59세,부상신고,,,,
2022072800100334,2022년 7월 28일 15시,목요일,전라북도 전주시 완산구 효자동1가,경상사고,0,0,1,0,차대차 - 측면충돌,안전운전불이행,건조,맑음,교차로 - 교차로부근,승합,남,55세,상해없음,승용,남,26세,경상
2022072800100335,2022년 7월 28일 15시,목요일,전라북도 군산시 영화동,경상사고,0,0,2,0,차대차 - 측면충돌,직진우회전진행방해,건조,맑음,교차로 - 교차로안,승용,남,23세,상해없음,승용,남,47세,경상
2022072800100336,2022년 7월 28일 15시,목요일,전라북도 군산시 나포면,부상신고사고,0,0,0,1,차량단독 - 도로외이탈 - 추락,안전운전불이행,건조,맑음,교차로 - 교차로부근,건설기계,남,76세,부상신고,,,,
2022072800100384,2022년 7월 28일 16시,목요일,전라북도 전주시 덕진구 금암동,경상사고,0,0,1,0,차대차 - 측면충돌,안전거리미확보,건조,맑음,단일로 - 기타,승용,여,59세,상해없음,승용,여,41세,경상
2022072800100385,2022년 7월 28일 16시,목요일,전라북도 군산시 조촌동,경상사고,0,0,1,0,차대차 - 측면충돌,교차로운행방법위반,건조,맑음,교차로 - 교차로안,승용,여,57세,상해없음,승용,여,43세,경상
2022072800100516,2022년 7월 28일 19시,목요일,전라북도 군산시 나운동,경상사고,0,0,1,0,차대차 - 추돌,안전운전불이행,건조,맑음,단일로 - 기타,승용,남,64세,상해없음,이륜,남,20세,경상
2022072800100550,2022년 7월 28일 20시,목요일,전라북도 완주군 이서면,경상사고,0,0,1,0,차대사람 - 보도통행중,기타,건조,맑음,기타 - 기타,이륜,남,63세,상해없음,보행자,여,38세,경상
2022072800100597,2022년 7월 28일 22시,목요일,전라북도 전주시 덕진구 금암동,중상사고,0,1,0,0,차대사람 - 보도통행중,기타,건조,맑음,단일로 - 기타,승용,남,63세,상해없음,보행자,여,69세,중상
2022072800100598,2022년 7월 28일 22시,목요일,전라북도 고창군 해리면,경상사고,0,0,1,0,차량단독 - 공작물충돌,안전운전불이행,건조,맑음,단일로 - 기타,승용,여,30세,경상,,,,
2022072900100019,2022년 7월 29일 01시,금요일,전라북도 전주시 완산구 서완산동1가,중상사고,0,1,0,0,차대차 - 측면충돌,신호위반,건조,맑음,교차로 - 교차로안,승용,남,71세,상해없음,이륜,남,37세,중상
2022072900100061,2022년 7월 29일 06시,금요일,전라북도 정읍시 교암동,사망사고,1,0,0,0,차대사람 - 횡단중,안전운전불이행,건조,맑음,단일로 - 기타,승용,여,50세,상해없음,보행자,여,82세,사망
2022072900100073,2022년 7월 29일 07시,금요일,전라북도 전주시 완산구 중화산동2가,경상사고,0,0,1,0,차대차 - 추돌,안전거리미확보,건조,맑음,교차로 - 교차로안,승용,남,63세,상해없음,승용,여,64세,경상
2022072900100163,2022년 7월 29일 10시,금요일,전라북도 군산시 오식도동,경상사고,0,0,1,0,차대차 - 측면충돌,신호위반,건조,맑음,교차로 - 교차로안,건설기계,남,64세,상해없음,특수,남,37세,경상
2022072900100164,2022년 7월 29일 10시,금요일,전라북도 익산시 신흥동,경상사고,0,0,1,0,차대차 - 정면충돌,신호위반,건조,맑음,교차로 - 교차로안,화물,남,67세,상해없음,승용,여,56세,경상
2022072900100165,2022년 7월 29일 10시,금요일,전라북도 남원시 금동,중상사고,0,1,0,0,차대차 - 측면충돌,직진우회전진행방해,건조,맑음,교차로 - 교차로안,자전거,남,66세,중상,승용,여,68세,상해없음
2022072900100194,2022년 7월 29일 11시,금요일,전라북도 전주시 덕진구 인후동1가,경상사고,0,0,1,0,차대사람 - 보도통행중,안전운전불이행,건조,맑음,교차로 - 교차로안,승용,남,76세,상해없음,보행자,여,75세,경상
2022072900100195,2022년 7월 29일 11시,금요일,전라북도 군산시 수송동,경상사고,0,0,1,0,차대차 - 측면충돌,신호위반,건조,맑음,교차로 - 교차로부근,화물,남,28세,상해없음,승용,남,34세,경상
2022072900100196,2022년 7월 29일 11시,금요일,전라북도 익산시 신동,경상사고,0,0,1,0,차대차 - 기타,신호위반,건조,맑음,교차로 - 교차로횡단보도내,승용,여,35세,상해없음,자전거,남,24세,경상
2022072900100244,2022년 7월 29일 12시,금요일,전라북도 익산시 창인동1가,경상사고,0,0,2,0,차대차 - 측면충돌,안전운전불이행,건조,맑음,기타 - 기타,화물,남,49세,기타불명,승용,남,58세,경상
2022072900100286,2022년 7월 29일 13시,금요일,전라북도 전주시 덕진구 우아동3가,중상사고,0,1,0,0,차대사람 - 횡단중,신호위반,건조,맑음,교차로 - 교차로횡단보도내,화물,남,28세,상해없음,보행자,여,15세,중상
2022072900100321,2022년 7월 29일 14시,금요일,전라북도 전주시 완산구 효자동3가,경상사고,0,0,1,0,차대차 - 정면충돌,중앙선침범,건조,맑음,단일로 - 기타,승용,여,53세,상해없음,이륜,남,24세,경상
2022072900100322,2022년 7월 29일 14시,금요일,전라북도 전주시 완산구 평화동2가,경상사고,0,0,1,0,차대차 - 측면충돌,안전운전불이행,건조,맑음,단일로 - 기타,승용,남,47세,상해없음,화물,남,53세,상해없음
2022072900100357,2022년 7월 29일 15시,금요일,전라북도 전주시 덕진구 만성동,중상사고,0,1,0,0,차대차 - 기타,신호위반,건조,맑음,교차로 - 교차로안,이륜,남,37세,상해없음,이륜,남,59세,중상
2022072900100358,2022년 7월 29일 15시,금요일,전라북도 김제시 진봉면,경상사고,0,0,1,0,차대차 - 측면충돌,직진우회전진행방해,건조,맑음,교차로 - 교차로안,승용,여,47세,상해없음,승용,여,57세,경상
2022072900100430,2022년 7월 29일 17시,금요일,전라북도 군산시 소룡동,중상사고,0,1,4,0,차대차 - 추돌,안전운전불이행,건조,맑음,단일로 - 기타,승용,남,27세,상해없음,승용,여,24세,경상
2022072900100431,2022년 7월 29일 17시,금요일,전라북도 김제시 황산면,경상사고,0,0,1,0,차대차 - 측면충돌,직진우회전진행방해,건조,맑음,교차로 - 교차로안,승용,여,48세,상해없음,화물,남,45세,경상
2022072900100479,2022년 7월 29일 18시,금요일,전라북도 전주시 완산구 효자동3가,경상사고,0,0,3,0,차대차 - 측면충돌,신호위반,건조,맑음,교차로 - 교차로안,승용,남,71세,상해없음,승용,남,59세,경상
2022072900100480,2022년 7월 29일 18시,금요일,전라북도 군산시 나운동,경상사고,0,0,1,0,차대사람 - 기타,안전운전불이행,건조,맑음,주차장 - 주차장,승용,여,60세,상해없음,보행자,남,66세,경상
2022072900100481,2022년 7월 29일 18시,금요일,전라북도 군산시 신영동,경상사고,0,0,1,0,차대차 - 기타,안전운전불이행,건조,맑음,단일로 - 기타,승용,남,37세,상해없음,승용,여,43세,경상
2022072900100482,2022년 7월 29일 18시,금요일,전라북도 정읍시 북면,경상사고,0,0,1,0,차대차 - 측면충돌,안전운전불이행,건조,맑음,단일로 - 기타,승용,남,56세,상해없음,화물,남,56세,경상
2022072900100519,2022년 7월 29일 19시,금요일,전라북도 군산시 옥도면,중상사고,0,1,0,0,차량단독 - 공작물충돌,안전운전불이행,건조,맑음,단일로 - 기타,승용,여,19세,상해없음,,,,
2022072900100558,2022년 7월 29일 20시,금요일,전라북도 익산시 영등동,경상사고,0,0,1,0,차대차 - 측면충돌,안전운전불이행,건조,맑음,교차로 - 교차로안,승용,여,42세,상해없음,이륜,남,23세,경상
2022072900100585,2022년 7월 29일 21시,금요일,전라북도 정읍시 상동,경상사고,0,0,1,0,차대사람 - 횡단중,보행자보호의무위반,건조,맑음,단일로 - 기타,승용,남,22세,상해없음,보행자,남,53세,경상
2022072900100636,2022년 7월 29일 23시,금요일,전라북도 전주시 덕진구 만성동,경상사고,0,0,1,0,차대차 - 측면충돌,안전운전불이행,건조,맑음,교차로 - 교차로안,승용,남,19세,상해없음,승용,여,46세,경상
2022073000100034,2022년 7월 30일 02시,토요일,전라북도 익산시 영등동,경상사고,0,0,3,0,차대차 - 측면충돌,신호위반,건조,맑음,교차로 - 교차로안,승용,남,66세,상해없음,승용,남,69세,상해없음
2022073000100087,2022년 7월 30일 07시,토요일,전라북도 익산시 어양동,중상사고,0,1,0,0,차대차 - 측면충돌,안전운전불이행,건조,맑음,교차로 - 교차로안,화물,남,51세,상해없음,원동기,남,79세,중상
2022073000100088,2022년 7월 30일 07시,토요일,전라북도 김제시 금구면,경상사고,0,0,1,0,차대차 - 측면충돌,안전거리미확보,건조,맑음,교차로 - 교차로부근,화물,남,50세,상해없음,승용,남,29세,경상
2022073000100089,2022년 7월 30일 07시,토요일,전라북도 완주군 화산면,경상사고,0,0,1,0,차대차 - 기타,안전운전불이행,건조,맑음,단일로 - 기타,자전거,남,38세,경상,승합,남,44세,상해없음
2022073000100106,2022년 7월 30일 08시,토요일,전라북도 전주시 덕진구 덕진동1가,경상사고,0,0,1,0,차대차 - 측면충돌,신호위반,건조,맑음,교차로 - 교차로안,승용,남,39세,상해없음,승용,남,55세,경상
2022073000100215,2022년 7월 30일 12시,토요일,전라북도 전주시 덕진구 인후동2가,경상사고,0,0,1,0,차대차 - 측면충돌,안전거리미확보,건조,맑음,단일로 - 기타,원동기,남,29세,상해없음,승용,남,56세,경상
2022073000100263,2022년 7월 30일 13시,토요일,전라북도 전주시 덕진구 덕진동1가,경상사고,0,0,1,0,차대차 - 측면충돌,신호위반,건조,맑음,교차로 - 교차로안,승용,남,61세,상해없음,승용,남,27세,경상
2022073000100398,2022년 7월 30일 17시,토요일,전라북도 완주군 봉동읍,경상사고,0,0,5,0,차대차 - 측면충돌,안전운전불이행,건조,맑음,교차로 - 교차로안,승용,남,47세,상해없음,승용,남,30세,경상
2022073000100434,2022년 7월 30일 18시,토요일,전라북도 전주시 완산구 평화동2가,경상사고,0,0,1,0,차대사람 - 차도통행중,안전운전불이행,건조,맑음,단일로 - 기타,승용,남,62세,상해없음,보행자,남,44세,경상
2022073000100454,2022년 7월 30일 19시,토요일,전라북도 전주시 완산구 삼천동1가,경상사고,0,0,1,0,차대차 - 추돌,안전운전불이행,건조,맑음,기타 - 기타,승용,여,62세,상해없음,승용,남,40세,경상
2022073000100521,2022년 7월 30일 21시,토요일,전라북도 고창군 신림면,중상사고,0,1,0,0,차대차 - 측면충돌,안전운전불이행,건조,맑음,단일로 - 교량,승용,남,59세,상해없음,승용,여,33세,중상
2022073000100557,2022년 7월 30일 23시,토요일,전라북도 전주시 덕진구 진북동,경상사고,0,0,1,0,차대차 - 추돌,안전운전불이행,건조,맑음,단일로 - 기타,승용,남,44세,상해없음,승용,남,49세,상해없음
2022073100100023,2022년 7월 31일 01시,일요일,전라북도 익산시 신동,경상사고,0,0,1,0,차대차 - 측면충돌,안전운전불이행,건조,맑음,교차로 - 교차로안,화물,남,69세,상해없음,승용,여,25세,경상
2022073100100046,2022년 7월 31일 03시,일요일,전라북도 전주시 완산구 효자동3가,경상사고,0,0,1,0,차대사람 - 길가장자리구역통행중,안전운전불이행,건조,맑음,단일로 - 기타,승용,남,28세,상해없음,보행자,남,32세,경상
2022073100100065,2022년 7월 31일 07시,일요일,전라북도 군산시 금암동,경상사고,0,0,1,0,차대사람 - 보도통행중,안전운전불이행,젖음/습기,비,기타 - 기타,승용,여,47세,상해없음,보행자,여,57세,경상
2022073100100147,2022년 7월 31일 12시,일요일,전라북도 전주시 덕진구 금암동,경상사고,0,0,3,0,차대차 - 측면충돌,신호위반,젖음/습기,비,교차로 - 교차로안,승용,남,77세,상해없음,승용,남,28세,경상
2022073100100148,2022년 7월 31일 12시,일요일,전라북도 전주시 덕진구 금암동,경상사고,0,0,1,0,차대차 - 측면충돌,신호위반,젖음/습기,비,교차로 - 교차로안,승용,남,46세,상해없음,승용,남,60세,경상
2022073100100149,2022년 7월 31일 12시,일요일,전라북도 익산시 남중동,경상사고,0,0,1,0,차대차 - 기타,안전운전불이행,젖음/습기,비,교차로 - 교차로안,승용,남,59세,상해없음,승용,남,71세,경상
2022073100100178,2022년 7월 31일 13시,일요일,전라북도 전주시 덕진구 팔복동3가,경상사고,0,0,1,0,차대차 - 추돌,안전운전불이행,젖음/습기,비,교차로 - 교차로부근,승용,남,60세,상해없음,승용,남,71세,경상
2022073100100247,2022년 7월 31일 15시,일요일,전라북도 전주시 완산구 삼천동1가,경상사고,0,0,2,0,차대차 - 후진중충돌,안전운전불이행,건조,맑음,단일로 - 기타,승용,남,50세,상해없음,승용,남,40세,경상
2022073100100248,2022년 7월 31일 15시,일요일,전라북도 익산시 동산동,경상사고,0,0,2,0,차대차 - 기타,안전운전불이행,건조,맑음,교차로 - 교차로부근,화물,남,22세,상해없음,승용,남,26세,경상
2022073100100280,2022년 7월 31일 16시,일요일,전라북도 전주시 덕진구 송천동1가,경상사고,0,0,1,0,차대차 - 측면충돌,중앙선침범,건조,맑음,단일로 - 기타,승용,남,78세,상해없음,이륜,남,38세,경상
2022073100100364,2022년 7월 31일 19시,일요일,전라북도 군산시 지곡동,중상사고,0,1,0,0,차대사람 - 횡단중,안전운전불이행,젖음/습기,비,단일로 - 기타,이륜,남,41세,상해없음,보행자,남,9세,중상
2022080100100088,2022년 8월 1일 08시,월요일,전라북도 김제시 백산면,경상사고,0,0,1,0,차대차 - 측면충돌,안전운전불이행,건조,맑음,교차로 - 교차로부근,화물,남,40세,상해없음,승용,여,27세,경상
2022080100100158,2022년 8월 1일 11시,월요일,전라북도 익산시 금마면,경상사고,0,0,2,0,차대차 - 측면충돌,안전운전불이행,건조,맑음,단일로 - 기타,화물,남,26세,기타불명,이륜,남,84세,경상
2022080100100192,2022년 8월 1일 12시,월요일,전라북도 익산시 신용동,중상사고,0,1,1,0,차대차 - 측면충돌,중앙선침범,건조,맑음,단일로 - 기타,승용,남,75세,상해없음,승용,여,49세,중상
2022080100100193,2022년 8월 1일 12시,월요일,전라북도 순창군 순창읍,중상사고,0,1,0,0,차대사람 - 기타,안전운전불이행,건조,맑음,단일로 - 기타,승용,여,44세,상해없음,보행자,여,80세,중상
2022080100100224,2022년 8월 1일 13시,월요일,전라북도 부안군 변산면,경상사고,0,0,2,0,차대차 - 측면충돌,중앙선침범,건조,맑음,단일로 - 지하차도(도로)내,승용,여,21세,상해없음,화물,남,52세,경상
2022080100100259,2022년 8월 1일 14시,월요일,전라북도 익산시 갈산동,경상사고,0,0,1,0,차대차 - 측면충돌,안전운전불이행,건조,맑음,단일로 - 기타,화물,남,60세,상해없음,자전거,남,67세,경상
2022080100100260,2022년 8월 1일 14시,월요일,전라북도 부안군 변산면,중상사고,0,1,0,0,차량단독 - 전도전복 - 전도,안전운전불이행,건조,맑음,단일로 - 지하차도(도로)내,이륜,남,71세,중상,,,,
2022080100100353,2022년 8월 1일 17시,월요일,전라북도 완주군 삼례읍,중상사고,0,1,0,0,차대사람 - 횡단중,보행자보호의무위반,건조,맑음,교차로 - 교차로횡단보도내,승용,남,35세,상해없음,보행자,여,57세,중상
2022080100100399,2022년 8월 1일 18시,월요일,전라북도 전주시 덕진구 팔복동1가,경상사고,0,0,1,0,차대차 - 추돌,안전운전불이행,건조,맑음,기타 - 기타,화물,남,63세,상해없음,승용,여,30세,경상
2022080100100423,2022년 8월 1일 19시,월요일,전라북도 무주군 적상면,경상사고,0,0,1,0,차대사람 - 차도통행중,안전운전불이행,건조,맑음,단일로 - 지하차도(도로)내,승용,남,68세,상해없음,보행자,남,65세,경상
2022080100100471,2022년 8월 1일 21시,월요일,전라북도 군산시 대명동,경상사고,0,0,1,0,차대차 - 측면충돌,안전운전불이행,건조,맑음,교차로 - 교차로안,승용,남,54세,상해없음,자전거,여,56세,경상
2022080100100472,2022년 8월 1일 21시,월요일,전라북도 익산시 인화동1가,중상사고,0,1,0,0,차대차 - 기타,안전운전불이행,건조,맑음,교차로 - 교차로안,이륜,남,39세,중상,승합,남,53세,상해없음
2022080100100473,2022년 8월 1일 21시,월요일,전라북도 김제시 요촌동,경상사고,0,0,2,0,차대차 - 측면충돌,안전거리미확보,건조,맑음,단일로 - 기타,승용,남,62세,상해없음,승용,남,26세,경상
2022080100100474,2022년 8월 1일 21시,월요일,전라북도 장수군 계남면,사망사고,1,0,0,0,차대차 - 정면충돌,중앙선침범,젖음/습기,비,단일로 - 기타,이륜,남,70세,사망,승용,남,27세,상해없음
2022080100100497,2022년 8월 1일 22시,월요일,전라북도 전주시 덕진구 송천동1가,경상사고,0,0,1,0,차대차 - 추돌,안전운전불이행,건조,맑음,교차로 - 교차로부근,승용,남,66세,상해없음,승용,남,26세,경상
2022080200100011,2022년 8월 2일 00시,화요일,전라북도 군산시 동흥남동,경상사고,0,0,1,0,차량단독 - 기타,안전운전불이행,건조,맑음,단일로 - 기타,개인형이동수단(PM),남,45세,경상,,,,
2022080200100022,2022년 8월 2일 01시,화요일,전라북도 전주시 완산구 효자동3가,경상사고,0,0,3,0,차대차 - 측면충돌,안전운전불이행,건조,맑음,단일로 - 지하차도(도로)내,승용,남,27세,상해없음,승용,남,28세,경상
2022080200100042,2022년 8월 2일 03시,화요일,전라북도 군산시 조촌동,사망사고,1,0,0,0,차대사람 - 횡단중,보행자보호의무위반,건조,맑음,교차로 - 교차로부근,승용,남,68세,상해없음,보행자,남,77세,사망
2022080200100094,2022년 8월 2일 08시,화요일,전라북도 군산시 미원동,경상사고,0,0,1,0,차대차 - 측면충돌,교차로운행방법위반,건조,맑음,교차로 - 교차로안,승용,남,46세,상해없음,승용,남,64세,경상
2022080200100120,2022년 8월 2일 09시,화요일,전라북도 전주시 완산구 효자동2가,경상사고,0,0,1,0,차대차 - 추돌,안전운전불이행,젖음/습기,맑음,교차로 - 교차로부근,승용,남,63세,상해없음,승용,여,62세,경상
2022080200100121,2022년 8월 2일 09시,화요일,전라북도 군산시 산북동,경상사고,0,0,1,0,차대차 - 측면충돌,신호위반,건조,맑음,교차로 - 교차로안,승용,남,95세,상해없음,이륜,남,53세,경상
2022080200100147,2022년 8월 2일 10시,화요일,전라북도 정읍시 수성동,경상사고,0,0,1,0,차대사람 - 기타,안전운전불이행,건조,맑음,기타 - 기타,승용,여,67세,상해없음,보행자,남,63세,경상
2022080200100176,2022년 8월 2일 11시,화요일,전라북도 전주시 덕진구 우아동1가,경상사고,0,0,1,0,차대차 - 기타,안전운전불이행,건조,맑음,단일로 - 기타,화물,남,32세,상해없음,이륜,남,68세,경상
2022080200100209,2022년 8월 2일 12시,화요일,전라북도 전주시 완산구 서신동,경상사고,0,0,2,0,차대차 - 측면충돌,안전운전불이행,건조,맑음,단일로 - 기타,승용,여,55세,상해없음,승용,남,32세,경상
2022080200100210,2022년 8월 2일 12시,화요일,전라북도 남원시 향교동,중상사고,0,1,0,0,차대차 - 측면충돌,안전운전불이행,건조,맑음,교차로 - 교차로횡단보도내,이륜,남,45세,상해없음,이륜,여,68세,중상
2022080200100279,2022년 8월 2일 14시,화요일,전라북도 전주시 완산구 서신동,경상사고,0,0,1,0,차대사람 - 기타,안전운전불이행,건조,맑음,단일로 - 기타,승용,남,50세,상해없음,보행자,남,25세,경상
2022080200100280,2022년 8월 2일 14시,화요일,전라북도 정읍시 연지동,경상사고,0,0,1,0,차대차 - 측면충돌,신호위반,건조,맑음,교차로 - 교차로안,화물,남,76세,상해없음,승용,남,44세,경상
2022080200100309,2022년 8월 2일 15시,화요일,전라북도 전주시 덕진구 도덕동,중상사고,0,1,0,0,차대차 - 측면충돌,안전운전불이행,젖음/습기,비,교차로 - 교차로안,승용,남,48세,상해없음,화물,남,62세,중상
2022080200100342,2022년 8월 2일 16시,화요일,전라북도 군산시 수송동,경상사고,0,0,1,0,차대차 - 측면충돌,안전운전불이행,건조,맑음,교차로 - 교차로안,승용,남,51세,상해없음,승용,여,61세,경상
2022080200100383,2022년 8월 2일 17시,화요일,전라북도 익산시 금마면,경상사고,0,0,5,0,차대차 - 측면충돌,안전운전불이행,건조,맑음,교차로 - 교차로안,승용,남,28세,경상,승용,남,52세,경상
2022080200100384,2022년 8월 2일 17시,화요일,전라북도 익산시 함열읍,경상사고,0,0,1,0,차대차 - 기타,안전운전불이행,건조,맑음,교차로 - 교차로안,특수,남,26세,상해없음,승용,여,49세,경상
2022080200100385,2022년 8월 2일 17시,화요일,전라북도 고창군 고창읍,경상사고,0,0,1,0,차대차 - 정면충돌,기타,건조,맑음,단일로 - 지하차도(도로)내,승용,남,65세,상해없음,화물,여,58세,경상
2022080200100386,2022년 8월 2일 17시,화요일,전라북도 부안군 진서면,중상사고,0,1,0,0,차대사람 - 기타,안전운전불이행,건조,맑음,단일로 - 기타,승용,여,60세,상해없음,보행자,여,14세,중상
2022080200100421,2022년 8월 2일 18시,화요일,전라북도 정읍시 상동,사망사고,1,0,1,0,차대차 - 측면충돌,교차로운행방법위반,건조,맑음,교차로 - 교차로안,승용,남,27세,경상,승용,여,58세,사망
2022080200100454,2022년 8월 2일 19시,화요일,전라북도 남원시 산내면,중상사고,0,1,0,0,차대사람 - 차도통행중,안전운전불이행,건조,맑음,기타 - 기타,승용,남,59세,상해없음,보행자,남,10세,중상
2022080200100497,2022년 8월 2일 21시,화요일,전라북도 익산시 모현동1가,경상사고,0,0,1,0,차대차 - 정면충돌,신호위반,건조,맑음,교차로 - 교차로안,승용,남,18세,상해없음,승용,남,31세,경상
2022080200100498,2022년 8월 2일 21시,화요일,전라북도 남원시 고죽동,중상사고,0,2,1,0,차대차 - 측면충돌,교차로운행방법위반,건조,맑음,교차로 - 교차로안,승용,남,66세,상해없음,승용,여,36세,경상
2022080200100518,2022년 8월 2일 22시,화요일,전라북도 익산시 동산동,경상사고,0,0,1,0,차대사람 - 횡단중,보행자보호의무위반,건조,맑음,교차로 - 교차로횡단보도내,승용,여,64세,상해없음,보행자,여,20세,경상
2022080300100043,2022년 8월 3일 03시,수요일,전라북도 군산시 나운동,중상사고,0,1,0,0,차대차 - 측면충돌,안전운전불이행,건조,흐림,교차로 - 교차로안,승용,남,66세,상해없음,이륜,남,40세,중상
2022080300100049,2022년 8월 3일 04시,수요일,전라북도 전주시 덕진구 인후동1가,중상사고,0,1,0,0,차대사람 - 횡단중,기타,건조,맑음,단일로 - 기타,승용,남,65세,상해없음,보행자,여,77세,중상
2022080300100068,2022년 8월 3일 06시,수요일,전라북도 고창군 고창읍,경상사고,0,0,1,0,차대차 - 추돌,기타,젖음/습기,비,단일로 - 기타,승용,남,30세,상해없음,승용,남,69세,경상
2022080300100107,2022년 8월 3일 08시,수요일,전라북도 군산시 미룡동,중상사고,0,1,0,0,차대사람 - 횡단중,중앙선침범,건조,맑음,단일로 - 지하차도(도로)내,승용,여,50세,상해없음,보행자,남,21세,중상
2022080300100108,2022년 8월 3일 08시,수요일,전라북도 김제시 서암동,경상사고,0,0,1,0,차대차 - 측면충돌,교차로운행방법위반,건조,맑음,단일로 - 지하차도(도로)내,승용,남,45세,상해없음,승용,남,33세,경상
2022080300100257,2022년 8월 3일 13시,수요일,전라북도 전주시 덕진구 팔복동3가,경상사고,0,0,1,0,차대차 - 측면충돌,중앙선침범,젖음/습기,비,교차로 - 교차로부근,화물,남,65세,상해없음,승용,여,31세,경상
2022080300100321,2022년 8월 3일 15시,수요일,전라북도 군산시 미룡동,경상사고,0,0,1,0,차대사람 - 횡단중,보행자보호의무위반,건조,맑음,교차로 - 교차로횡단보도내,화물,남,30세,상해없음,보행자,여,17세,경상
2022080300100377,2022년 8월 3일 17시,수요일,전라북도 전주시 덕진구 반월동,경상사고,0,0,1,0,차대차 - 추돌,안전운전불이행,건조,맑음,단일로 - 기타,화물,남,54세,상해없음,승용,남,36세,경상
2022080300100378,2022년 8월 3일 17시,수요일,전라북도 전주시 덕진구 인후동2가,경상사고,0,0,1,0,차대차 - 측면충돌,교차로운행방법위반,건조,맑음,교차로 - 교차로안,승용,남,60세,기타불명,승용,남,30세,경상
2022080300100379,2022년 8월 3일 17시,수요일,전라북도 전주시 덕진구 우아동2가,경상사고,0,0,1,0,차대차 - 측면충돌,안전거리미확보,건조,맑음,단일로 - 기타,승용,남,56세,상해없음,승용,남,54세,경상
2022080300100416,2022년 8월 3일 18시,수요일,전라북도 전주시 덕진구 진북동,경상사고,0,0,1,0,차대차 - 추돌,안전운전불이행,건조,맑음,단일로 - 기타,승용,여,36세,상해없음,승용,여,40세,경상
2022080300100417,2022년 8월 3일 18시,수요일,전라북도 군산시 수송동,중상사고,0,1,0,0,차대차 - 측면충돌,신호위반,건조,맑음,교차로 - 교차로안,승용,남,29세,상해없음,이륜,남,48세,중상
2022080300100418,2022년 8월 3일 18시,수요일,전라북도 고창군 아산면,중상사고,0,1,0,0,차대사람 - 차도통행중,안전운전불이행,건조,맑음,교차로 - 교차로안,화물,남,66세,상해없음,보행자,여,70세,중상
2022080400100059,2022년 8월 4일 07시,목요일,전라북도 군산시 서흥남동,경상사고,0,0,3,0,차대차 - 측면충돌,신호위반,건조,맑음,교차로 - 교차로안,승용,여,71세,상해없음,승용,남,71세,경상