사고번호,사고일시,요일,시군구,사고내용,사망자수,중상자수,경상자수,부상신고자수,사고유형,법규위반,노면상태,기상상태,도로형태,가해운전자 차종,가해운전자 성별,가해운전자 연령,가해운전자 상해정도,피해운전자 차종,피해운전자 성별,피해운전자 연령,피해운전자 상해정도
2022080400100060,2022년 8월 4일 07시,목요일,전라북도 익산시 삼기면,중상사고,0,1,1,0,차대차 - 측면충돌,안전운전불이행,건조,맑음,기타 - 기타,승용,여,52세,경상,이륜,남,36세,중상
2022080400100109,2022년 8월 4일 09시,목요일,전라북도 전주시 완산구 효자동1가,중상사고,0,1,2,0,차대차 - 추돌,안전운전불이행,건조,맑음,교차로 - 교차로부근,이륜,남,26세,중상,승용,여,48세,경상
2022080400100110,2022년 8월 4일 09시,목요일,전라북도 군산시 소룡동,경상사고,0,0,2,0,차대차 - 측면충돌,직진우회전진행방해,젖음/습기,비,교차로 - 교차로안,승용,남,71세,경상,승용,여,54세,경상
2022080400100111,2022년 8월 4일 09시,목요일,전라북도 익산시 모현동2가,경상사고,0,0,2,0,차대차 - 측면충돌,신호위반,젖음/습기,흐림,교차로 - 교차로안,승용,남,48세,상해없음,승용,남,60세,경상
2022080400100204,2022년 8월 4일 12시,목요일,전라북도 전주시 덕진구 산정동,경상사고,0,0,1,0,차대사람 - 횡단중,보행자보호의무위반,건조,맑음,교차로 - 교차로안,승용,남,70세,상해없음,보행자,남,58세,경상
2022080400100205,2022년 8월 4일 12시,목요일,전라북도 익산시 인화동2가,사망사고,1,0,1,0,차대차 - 측면충돌,신호위반,건조,맑음,교차로 - 교차로안,이륜,남,63세,사망,승용,여,68세,경상
2022080400100319,2022년 8월 4일 15시,목요일,전라북도 익산시 평화동,사망사고,1,0,0,0,차대사람 - 횡단중,안전운전불이행,건조,맑음,단일로 - 기타,화물,남,60세,상해없음,보행자,남,81세,사망
2022080400100357,2022년 8월 4일 16시,목요일,전라북도 부안군 부안읍,경상사고,0,0,1,0,차대차 - 측면충돌,안전운전불이행,건조,맑음,교차로 - 교차로안,승용,여,25세,상해없음,승용,남,51세,경상
2022080400100388,2022년 8월 4일 17시,목요일,전라북도 정읍시 상동,경상사고,0,0,2,0,차대차 - 측면충돌,안전운전불이행,건조,맑음,교차로 - 교차로안,승용,남,47세,경상,승용,여,61세,경상
2022080400100458,2022년 8월 4일 19시,목요일,전라북도 익산시 영등동,중상사고,0,1,0,0,차대차 - 측면충돌,안전운전불이행,건조,맑음,교차로 - 교차로부근,승용,남,28세,상해없음,이륜,남,29세,중상
2022080400100459,2022년 8월 4일 19시,목요일,전라북도 남원시 운봉읍,중상사고,0,1,0,0,차대차 - 정면충돌,안전운전불이행,젖음/습기,흐림,단일로 - 기타,화물,남,28세,상해없음,이륜,남,65세,중상
2022080500100008,2022년 8월 5일 00시,금요일,전라북도 정읍시 연지동,경상사고,0,0,2,0,차대차 - 측면충돌,신호위반,건조,맑음,교차로 - 교차로안,이륜,남,20세,경상,승용,여,50세,경상
2022080500100009,2022년 8월 5일 00시,금요일,전라북도 고창군 고창읍,경상사고,0,0,1,0,차량단독 - 공작물충돌,안전운전불이행,건조,맑음,단일로 - 교량,이륜,남,53세,경상,,,,
2022080500100014,2022년 8월 5일 01시,금요일,전라북도 완주군 봉동읍,중상사고,0,1,1,0,차대차 - 정면충돌,중앙선침범,건조,흐림,단일로 - 기타,승용,여,23세,경상,승용,남,47세,중상
2022080500100064,2022년 8월 5일 07시,금요일,전라북도 군산시 나운동,경상사고,0,0,1,0,차대차 - 측면충돌,안전운전불이행,건조,맑음,단일로 - 기타,승용,남,69세,상해없음,승용,여,27세,경상
2022080500100115,2022년 8월 5일 09시,금요일,전라북도 전주시 완산구 효자동2가,중상사고,0,1,1,0,차대사람 - 횡단중,신호위반,건조,맑음,단일로 - 기타,승용,여,67세,상해없음,보행자,여,34세,경상
2022080500100116,2022년 8월 5일 09시,금요일,전라북도 김제시 교동,사망사고,1,0,0,0,차대차 - 측면충돌,신호위반,건조,맑음,교차로 - 교차로안,이륜,남,87세,사망,승용,남,36세,상해없음
2022080500100151,2022년 8월 5일 10시,금요일,전라북도 전주시 덕진구 덕진동2가,경상사고,0,0,1,0,차대차 - 측면충돌,신호위반,건조,맑음,교차로 - 교차로안,승합,남,61세,상해없음,승용,여,67세,경상
2022080500100152,2022년 8월 5일 10시,금요일,전라북도 익산시 부송동,경상사고,0,0,1,0,차대차 - 측면충돌,차로위반,건조,맑음,교차로 - 교차로부근,건설기계,남,57세,상해없음,승용,남,61세,경상
2022080500100218,2022년 8월 5일 12시,금요일,전라북도 완주군 삼례읍,경상사고,0,0,3,0,차대차 - 측면충돌,안전운전불이행,건조,맑음,단일로 - 기타,승용,여,60세,경상,승용,남,27세,경상
2022080500100258,2022년 8월 5일 13시,금요일,전라북도 전주시 완산구 삼천동1가,경상사고,0,0,1,0,차대사람 - 기타,안전운전불이행,건조,맑음,기타 - 기타,승용,여,45세,상해없음,보행자,여,16세,경상
2022080500100259,2022년 8월 5일 13시,금요일,전라북도 전주시 완산구 전동,경상사고,0,0,1,0,차대차 - 측면충돌,안전운전불이행,건조,맑음,교차로 - 교차로부근,승용,여,59세,상해없음,승용,남,52세,경상
2022080500100260,2022년 8월 5일 13시,금요일,전라북도 전주시 완산구 효자동1가,경상사고,0,0,1,0,차대사람 - 기타,안전운전불이행,건조,맑음,단일로 - 기타,승용,여,43세,상해없음,보행자,남,69세,경상
2022080500100292,2022년 8월 5일 14시,금요일,전라북도 전주시 완산구 효자동1가,경상사고,0,0,1,0,차대차 - 측면충돌,안전운전불이행,건조,맑음,교차로 - 교차로안,승용,여,29세,상해없음,화물,남,51세,경상
2022080500100293,2022년 8월 5일 14시,금요일,전라북도 전주시 완산구 서신동,경상사고,0,0,1,0,차대차 - 측면충돌,신호위반,건조,맑음,교차로 - 교차로안,승용,여,60세,상해없음,승용,여,38세,경상
2022080500100294,2022년 8월 5일 14시,금요일,전라북도 전주시 완산구 서신동,경상사고,0,0,2,0,차대차 - 측면충돌,안전운전불이행,건조,맑음,교차로 - 교차로안,승용,여,47세,상해없음,승용,여,53세,경상
2022080500100295,2022년 8월 5일 14시,금요일,전라북도 전주시 덕진구 인후동1가,경상사고,0,0,1,0,차대차 - 측면충돌,신호위반,건조,맑음,단일로 - 기타,승용,남,62세,상해없음,승용,남,31세,경상
2022080500100500,2022년 8월 5일 19시,금요일,전라북도 군산시 미장동,부상신고사고,0,0,0,1,차대차 - 측면충돌,안전운전불이행,건조,맑음,단일로 - 기타,개인형이동수단(PM),남,14세,부상신고,승용,남,58세,상해없음
2022080500100533,2022년 8월 5일 20시,금요일,전라북도 전주시 덕진구 송천동1가,경상사고,0,0,1,0,차대차 - 측면충돌,직진우회전진행방해,건조,맑음,교차로 - 교차로안,승용,남,61세,상해없음,승합,남,23세,상해없음
2022080500100560,2022년 8월 5일 21시,금요일,전라북도 군산시 나운동,경상사고,0,0,1,0,차대사람 - 차도통행중,안전운전불이행,건조,맑음,교차로 - 교차로부근,개인형이동수단(PM),남,23세,상해없음,보행자,남,56세,경상
2022080500100607,2022년 8월 5일 23시,금요일,전라북도 익산시 모현동1가,경상사고,0,0,2,0,차대차 - 측면충돌,안전거리미확보,건조,맑음,단일로 - 기타,승용,남,59세,상해없음,승용,남,68세,경상
2022080600100030,2022년 8월 6일 03시,토요일,전라북도 익산시 영등동,경상사고,0,0,1,0,차대차 - 추돌,안전운전불이행,건조,맑음,교차로 - 교차로안,승용,남,18세,상해없음,승용,남,18세,경상
2022080600100063,2022년 8월 6일 07시,토요일,전라북도 익산시 성당면,사망사고,1,0,0,0,차대차 - 정면충돌,신호위반,건조,맑음,교차로 - 교차로횡단보도내,농기계,남,83세,사망,승용,남,65세,상해없음
2022080600100105,2022년 8월 6일 09시,토요일,전라북도 무주군 설천면,경상사고,0,0,1,0,차대사람 - 횡단중,안전운전불이행,건조,맑음,단일로 - 지하차도(도로)내,승합,남,57세,상해없음,보행자,남,57세,경상
2022080600100126,2022년 8월 6일 10시,토요일,전라북도 고창군 고창읍,중상사고,0,1,0,0,차대차 - 측면충돌,안전운전불이행,건조,맑음,단일로 - 교량,화물,남,72세,상해없음,이륜,남,82세,중상
2022080600100187,2022년 8월 6일 12시,토요일,전라북도 정읍시 상동,경상사고,0,0,2,0,차대차 - 기타,직진우회전진행방해,건조,맑음,교차로 - 교차로안,승용,여,59세,경상,승용,여,26세,경상
2022080600100293,2022년 8월 6일 15시,토요일,전라북도 전주시 완산구 상림동,중상사고,0,1,0,0,차량단독 - 공작물충돌,안전운전불이행,건조,맑음,단일로 - 기타,승용,남,23세,상해없음,,,,
2022080600100294,2022년 8월 6일 15시,토요일,전라북도 익산시 신동,경상사고,0,0,3,0,차대차 - 측면충돌,신호위반,건조,맑음,단일로 - 기타,승용,남,34세,상해없음,승용,남,41세,경상
2022080600100326,2022년 8월 6일 16시,토요일,전라북도 전주시 완산구 원당동,경상사고,0,0,4,0,차대차 - 측면충돌,직진우회전진행방해,건조,맑음,교차로 - 교차로안,승합,여,47세,경상,승합,남,70세,상해없음
2022080600100327,2022년 8월 6일 16시,토요일,전라북도 순창군 쌍치면,경상사고,0,0,2,1,차대차 - 측면충돌,안전운전불이행,건조,맑음,단일로 - 기타,화물,남,47세,부상신고,화물,남,47세,경상
2022080600100328,2022년 8월 6일 16시,토요일,전라북도 순창군 구림면,경상사고,0,0,2,0,차대사람 - 기타,안전운전불이행,건조,맑음,단일로 - 기타,화물,남,42세,상해없음,보행자,여,52세,경상
2022080600100382,2022년 8월 6일 18시,토요일,전라북도 김제시 신풍동,경상사고,0,0,6,0,차대차 - 측면충돌,직진우회전진행방해,건조,맑음,교차로 - 교차로안,화물,남,64세,상해없음,승용,남,37세,경상
2022080600100404,2022년 8월 6일 19시,토요일,전라북도 전주시 완산구 서신동,중상사고,0,1,0,0,차대차 - 정면충돌,안전운전불이행,건조,맑음,교차로 - 교차로안,승용,남,70세,상해없음,이륜,남,48세,중상
2022080600100405,2022년 8월 6일 19시,토요일,전라북도 전주시 덕진구 진북동,경상사고,0,0,4,0,차대차 - 추돌,안전거리미확보,건조,맑음,단일로 - 기타,승용,남,21세,상해없음,승용,여,32세,경상
2022080600100406,2022년 8월 6일 19시,토요일,전라북도 부안군 행안면,중상사고,0,3,4,0,차대차 - 추돌,기타,건조,맑음,단일로 - 지하차도(도로)내,승용,여,24세,경상,승용,남,46세,경상
2022080600100429,2022년 8월 6일 20시,토요일,전라북도 군산시 미룡동,경상사고,0,0,1,0,차대사람 - 기타,보행자보호의무위반,건조,맑음,교차로 - 교차로횡단보도내,승용,남,55세,상해없음,보행자,남,65세,경상
2022080600100430,2022년 8월 6일 20시,토요일,전라북도 군산시 나운동,경상사고,0,0,2,0,차대차 - 후진중충돌,안전운전불이행,건조,맑음,교차로 - 교차로부근,승용,남,50세,상해없음,승용,남,56세,경상
2022080600100470,2022년 8월 6일 22시,토요일,전라북도 전주시 덕진구 호성동2가,경상사고,0,0,1,0,차대차 - 후진중충돌,안전운전불이행,건조,맑음,교차로 - 교차로부근,화물,남,64세,상해없음,승용,남,33세,경상
2022080600100471,2022년 8월 6일 22시,토요일,전라북도 익산시 신동,경상사고,0,0,1,0,차대차 - 측면충돌,차로위반,건조,맑음,단일로 - 기타,승용,남,58세,상해없음,승용,여,69세,상해없음
2022080700100037,2022년 8월 7일 05시,일요일,전라북도 전주시 완산구 풍남동1가,경상사고,0,0,1,0,차대사람 - 기타,안전운전불이행,건조,맑음,교차로 - 교차로부근,승용,남,59세,상해없음,보행자,여,38세,경상
2022080700100050,2022년 8월 7일 07시,일요일,전라북도 군산시 옥구읍,중상사고,0,1,1,0,차대사람 - 기타,중앙선침범,건조,맑음,단일로 - 기타,승용,남,23세,상해없음,보행자,남,70세,경상
2022080700100051,2022년 8월 7일 07시,일요일,전라북도 무주군 무풍면,중상사고,0,1,0,0,차량단독 - 전도전복 - 전도,안전운전불이행,건조,맑음,단일로 - 지하차도(도로)내,자전거,남,42세,중상,,,,
2022080700100073,2022년 8월 7일 09시,일요일,전라북도 전주시 덕진구 인후동1가,경상사고,0,0,1,0,차대차 - 측면충돌,안전운전불이행,건조,맑음,교차로 - 교차로부근,화물,남,57세,상해없음,승용,남,49세,경상
2022080700100084,2022년 8월 7일 10시,일요일,전라북도 군산시 조촌동,경상사고,0,0,1,0,차대차 - 측면충돌,안전운전불이행,건조,맑음,단일로 - 지하차도(도로)내,승용,남,60세,상해없음,승용,남,27세,경상
2022080700100107,2022년 8월 7일 11시,일요일,전라북도 전주시 덕진구 송천동2가,경상사고,0,0,1,0,차대차 - 추돌,안전운전불이행,건조,맑음,교차로 - 교차로부근,승용,남,56세,상해없음,승합,남,50세,경상
2022080700100156,2022년 8월 7일 13시,일요일,전라북도 군산시 나운동,경상사고,0,0,1,0,차대차 - 측면충돌,안전운전불이행,건조,맑음,단일로 - 지하차도(도로)내,이륜,남,20세,경상,승용,남,67세,상해없음
2022080700100157,2022년 8월 7일 13시,일요일,전라북도 익산시 부송동,경상사고,0,0,1,0,차대차 - 추돌,안전운전불이행,건조,맑음,교차로 - 교차로부근,승용,남,28세,상해없음,승용,남,48세,경상
2022080700100158,2022년 8월 7일 13시,일요일,전라북도 김제시 요촌동,경상사고,0,0,1,0,차대차 - 정면충돌,중앙선침범,건조,맑음,교차로 - 교차로부근,승합,남,55세,상해없음,이륜,남,29세,경상
2022080700100185,2022년 8월 7일 14시,일요일,전라북도 정읍시 내장동,경상사고,0,0,3,0,차대차 - 추돌,안전운전불이행,건조,맑음,단일로 - 기타,승용,여,67세,상해없음,승합,남,60세,경상
2022080700100209,2022년 8월 7일 15시,일요일,전라북도 전주시 덕진구 호성동1가,경상사고,0,0,2,0,차대차 - 측면충돌,교차로운행방법위반,건조,맑음,교차로 - 교차로안,승용,여,46세,상해없음,승용,남,36세,경상
2022080700100210,2022년 8월 7일 15시,일요일,전라북도 군산시 조촌동,경상사고,0,0,1,0,차대차 - 기타,안전거리미확보,건조,맑음,단일로 - 지하차도(도로)내,승용,여,50세,상해없음,승용,남,70세,상해없음
2022080700100304,2022년 8월 7일 19시,일요일,전라북도 전주시 완산구 중화산동1가,경상사고,0,0,1,0,차대사람 - 기타,안전운전불이행,건조,맑음,교차로 - 교차로부근,승용,남,66세,상해없음,보행자,남,52세,경상
2022080700100355,2022년 8월 7일 21시,일요일,전라북도 전주시 덕진구 인후동1가,중상사고,0,1,0,0,차대차 - 측면충돌,안전운전불이행,건조,맑음,교차로 - 교차로안,이륜,남,27세,상해없음,이륜,남,57세,중상
2022080700100356,2022년 8월 7일 21시,일요일,전라북도 남원시 하정동,경상사고,0,0,1,0,차대차 - 기타,기타,건조,맑음,단일로 - 기타,승용,여,29세,상해없음,자전거,남,76세,경상
2022080800100007,2022년 8월 8일 00시,월요일,전라북도 군산시 오식도동,경상사고,0,0,2,0,차대차 - 기타,신호위반,건조,맑음,교차로 - 교차로안,승용,남,52세,상해없음,승용,여,48세,경상
2022080800100057,2022년 8월 8일 07시,월요일,전라북도 군산시 경암동,경상사고,0,0,1,0,차대사람 - 기타,안전운전불이행,건조,맑음,단일로 - 지하차도(도로)내,승용,남,72세,상해없음,보행자,여,78세,경상
2022080800100079,2022년 8월 8일 08시,월요일,전라북도 전주시 완산구 중화산동2가,중상사고,0,1,0,0,차대사람 - 횡단중,보행자보호의무위반,건조,맑음,교차로 - 교차로안,승용,남,66세,상해없음,보행자,남,18세,중상
2022080800100080,2022년 8월 8일 08시,월요일,전라북도 전주시 완산구 서신동,경상사고,0,0,1,0,차대사람 - 기타,기타,건조,맑음,교차로 - 교차로안,승합,남,63세,상해없음,보행자,여,72세,경상
2022080800100106,2022년 8월 8일 09시,월요일,전라북도 익산시 춘포면,경상사고,0,0,1,0,차대차 - 기타,안전거리미확보,건조,맑음,단일로 - 기타,승합,남,37세,상해없음,승용,남,39세,경상
2022080800100127,2022년 8월 8일 10시,월요일,전라북도 군산시 중앙로2가,경상사고,0,0,1,0,차대차 - 측면충돌,안전운전불이행,건조,맑음,단일로 - 기타,승용,남,69세,상해없음,자전거,여,75세,경상
2022080800100128,2022년 8월 8일 10시,월요일,전라북도 익산시 모현동2가,중상사고,0,1,0,0,차대사람 - 횡단중,중앙선침범,건조,맑음,단일로 - 기타,승합,남,75세,상해없음,보행자,여,70세,중상
2022080800100129,2022년 8월 8일 10시,월요일,전라북도 장수군 산서면,경상사고,0,0,1,0,차대차 - 정면충돌,교차로운행방법위반,젖음/습기,맑음,교차로 - 교차로안,화물,여,45세,상해없음,이륜,남,78세,경상
2022080800100190,2022년 8월 8일 12시,월요일,전라북도 완주군 봉동읍,중상사고,0,1,0,0,차대차 - 기타,중앙선침범,건조,맑음,단일로 - 기타,승용,남,70세,상해없음,이륜,남,64세,중상
2022080800100291,2022년 8월 8일 15시,월요일,전라북도 진안군 진안읍,경상사고,0,0,1,1,차대차 - 기타,기타,건조,맑음,교차로 - 교차로안,승용,남,81세,부상신고,특수,남,53세,상해없음
2022080800100370,2022년 8월 8일 17시,월요일,전라북도 익산시 모현동1가,경상사고,0,0,1,0,차대사람 - 기타,안전운전불이행,건조,맑음,단일로 - 기타,승용,남,30세,상해없음,보행자,남,10세,경상
2022080800100415,2022년 8월 8일 18시,월요일,전라북도 군산시 미장동,경상사고,0,0,1,0,차대차 - 추돌,안전운전불이행,건조,맑음,교차로 - 교차로부근,승용,남,50세,상해없음,화물,남,61세,경상
2022080800100416,2022년 8월 8일 18시,월요일,전라북도 익산시 마동,경상사고,0,0,1,0,차대차 - 기타,안전운전불이행,건조,맑음,교차로 - 교차로부근,이륜,여,30세,경상,승용,남,54세,상해없음
2022080800100446,2022년 8월 8일 19시,월요일,전라북도 익산시 신동,경상사고,0,0,1,0,차대차 - 측면충돌,안전운전불이행,건조,맑음,단일로 - 기타,화물,남,75세,상해없음,자전거,남,32세,경상
2022080800100480,2022년 8월 8일 20시,월요일,전라북도 전주시 완산구 평화동2가,경상사고,0,0,1,0,차대차 - 측면충돌,안전운전불이행,건조,맑음,교차로 - 교차로부근,승용,여,26세,상해없음,승용,여,60세,경상
2022080800100515,2022년 8월 8일 21시,월요일,전라북도 전주시 덕진구 인후동1가,경상사고,0,0,1,0,차대차 - 정면충돌,중앙선침범,건조,맑음,단일로 - 기타,승용,여,39세,상해없음,승용,남,52세,경상
2022080800100516,2022년 8월 8일 21시,월요일,전라북도 익산시 중앙동3가,경상사고,0,0,1,0,차대차 - 측면충돌,불법유턴,건조,맑음,단일로 - 기타,개인형이동수단(PM),남,16세,경상,승용,남,55세,상해없음
2022080800100560,2022년 8월 8일 23시,월요일,전라북도 전주시 덕진구 인후동1가,경상사고,0,0,2,0,차대차 - 측면충돌,안전운전불이행,건조,맑음,교차로 - 교차로안,승용,남,53세,상해없음,승용,남,47세,경상
2022080900100006,2022년 8월 9일 00시,화요일,전라북도 군산시 지곡동,중상사고,0,1,0,1,차대차 - 추돌,안전운전불이행,건조,맑음,단일로 - 지하차도(도로)내,이륜,남,20세,중상,승용,남,24세,상해없음
2022080900100137,2022년 8월 9일 10시,화요일,전라북도 전주시 완산구 평화동1가,중상사고,0,1,0,0,차대차 - 측면충돌,안전거리미확보,건조,맑음,단일로 - 기타,이륜,남,71세,중상,승용,여,63세,상해없음
2022080900100193,2022년 8월 9일 12시,화요일,전라북도 전주시 완산구 서신동,경상사고,0,0,1,0,차대차 - 측면충돌,안전운전불이행,건조,맑음,교차로 - 교차로부근,승용,남,62세,상해없음,승용,여,49세,경상
2022080900100276,2022년 8월 9일 15시,화요일,전라북도 순창군 순창읍,사망사고,1,0,0,0,차대사람 - 차도통행중,안전운전불이행,건조,맑음,단일로 - 기타,화물,남,35세,상해없음,보행자,여,75세,사망
2022080900100336,2022년 8월 9일 17시,화요일,전라북도 군산시 소룡동,경상사고,0,0,1,1,차대차 - 측면충돌,안전운전불이행,젖음/습기,흐림,교차로 - 교차로안,승용,남,56세,경상,화물,남,63세,부상신고
2022080900100337,2022년 8월 9일 17시,화요일,전라북도 고창군 해리면,사망사고,1,0,0,0,차량단독 - 도로외이탈 - 추락,안전운전불이행,건조,맑음,단일로 - 교량,농기계,남,63세,사망,,,,
2022081000100063,2022년 8월 10일 07시,수요일,전라북도 익산시 남중동,경상사고,0,0,1,0,차대차 - 기타,교차로운행방법위반,건조,맑음,교차로 - 교차로안,개인형이동수단(PM),남,14세,경상,화물,남,74세,상해없음
2022081000100087,2022년 8월 10일 08시,수요일,전라북도 군산시 임피면,경상사고,0,0,2,0,차대차 - 측면충돌,교차로운행방법위반,젖음/습기,흐림,교차로 - 교차로안,화물,남,63세,상해없음,승용,여,43세,경상
2022081000100088,2022년 8월 10일 08시,수요일,전라북도 남원시 금동,경상사고,0,0,1,0,차대차 - 측면충돌,안전운전불이행,건조,맑음,교차로 - 교차로안,화물,남,22세,상해없음,자전거,남,64세,경상
2022081000100161,2022년 8월 10일 11시,수요일,전라북도 군산시 소룡동,경상사고,0,0,1,0,차대사람 - 기타,안전운전불이행,젖음/습기,비,단일로 - 기타,화물,남,62세,상해없음,보행자,남,6세,경상
2022081000100347,2022년 8월 10일 17시,수요일,전라북도 무주군 무주읍,중상사고,0,1,0,0,차대차 - 정면충돌,교차로운행방법위반,젖음/습기,비,교차로 - 교차로안,승용,남,33세,상해없음,이륜,남,21세,중상
2022081000100390,2022년 8월 10일 18시,수요일,전라북도 전주시 완산구 삼천동1가,경상사고,0,0,1,0,차대차 - 기타,기타,건조,맑음,단일로 - 기타,승용,남,55세,상해없음,승용,남,53세,경상
2022081000100461,2022년 8월 10일 20시,수요일,전라북도 전주시 덕진구 팔복동2가,중상사고,0,1,1,0,차대사람 - 기타,기타,젖음/습기,비,단일로 - 기타,개인형이동수단(PM),남,21세,상해없음,보행자,여,22세,경상
2022081000100493,2022년 8월 10일 21시,수요일,전라북도 전주시 완산구 효자동1가,경상사고,0,0,1,0,차대사람 - 차도통행중,안전운전불이행,젖음/습기,비,단일로 - 기타,이륜,남,42세,상해없음,보행자,남,48세,경상
2022081000100494,2022년 8월 10일 21시,수요일,전라북도 군산시 서흥남동,경상사고,0,0,1,0,차대차 - 기타,안전운전불이행,젖음/습기,비,단일로 - 기타,화물,남,42세,상해없음,이륜,남,23세,경상
2022081100100012,2022년 8월 11일 01시,목요일,전라북도 고창군 부안면,사망사고,1,0,0,0,차량단독 - 공작물충돌,안전운전불이행,젖음/습기,비,단일로 - 기타,화물,남,63세,사망,,,,
2022081100100056,2022년 8월 11일 06시,목요일,전라북도 김제시 금구면,경상사고,0,0,2,0,차대차 - 측면충돌,신호위반,건조,맑음,교차로 - 교차로안,화물,남,79세,상해없음,화물,남,64세,경상
2022081100100065,2022년 8월 11일 07시,목요일,전라북도 익산시 삼기면,중상사고,0,1,1,0,차대차 - 측면충돌,신호위반,젖음/습기,비,교차로 - 교차로안,이륜,남,68세,중상,승용,여,27세,경상
2022081100100087,2022년 8월 11일 08시,목요일,전라북도 전주시 덕진구 송천동2가,경상사고,0,0,1,0,차대차 - 측면충돌,신호위반,젖음/습기,비,교차로 - 교차로안,기타불명,기타불명,미분류,기타불명,승용,여,27세,경상
2022081100100102,2022년 8월 11일 09시,목요일,전라북도 전주시 덕진구 덕진동1가,경상사고,0,0,1,0,차대사람 - 횡단중,신호위반,젖음/습기,비,교차로 - 교차로횡단보도내,승용,여,57세,상해없음,보행자,여,57세,경상
2022081100100103,2022년 8월 11일 09시,목요일,전라북도 군산시 미룡동,중상사고,0,1,0,0,차대사람 - 기타,안전운전불이행,젖음/습기,비,기타 - 기타,승용,남,70세,상해없음,보행자,여,80세,중상
2022081100100146,2022년 8월 11일 11시,목요일,전라북도 완주군 봉동읍,사망사고,1,1,1,0,차대차 - 추돌,안전운전불이행,젖음/습기,비,단일로 - 기타,화물,남,51세,상해없음,화물,남,73세,사망
2022081100100173,2022년 8월 11일 12시,목요일,전라북도 정읍시 신태인읍,중상사고,0,1,0,0,차대차 - 기타,직진우회전진행방해,젖음/습기,비,교차로 - 교차로안,승용,남,30세,상해없음,승용,여,68세,중상
2022081100100174,2022년 8월 11일 12시,목요일,전라북도 정읍시 연지동,경상사고,0,0,1,0,차대차 - 기타,안전운전불이행,젖음/습기,비,기타 - 기타,승용,남,41세,상해없음,승용,남,36세,경상
2022081100100212,2022년 8월 11일 13시,목요일,전라북도 익산시 여산면,경상사고,0,0,2,0,차대차 - 측면충돌,안전거리미확보,젖음/습기,비,단일로 - 기타,화물,남,64세,상해없음,승용,남,33세,경상
2022081100100237,2022년 8월 11일 14시,목요일,전라북도 전주시 덕진구 반월동,중상사고,0,1,0,0,차대차 - 추돌,안전거리미확보,젖음/습기,비,단일로 - 교량,승용,남,76세,상해없음,승용,여,64세,중상
2022081100100275,2022년 8월 11일 15시,목요일,전라북도 전주시 덕진구 송천동1가,경상사고,0,0,1,0,차대차 - 추돌,안전운전불이행,건조,맑음,단일로 - 기타,승용,남,50세,상해없음,승용,여,42세,경상
2022081100100276,2022년 8월 11일 15시,목요일,전라북도 군산시 수송동,경상사고,0,0,2,0,차대차 - 측면충돌,안전운전불이행,젖음/습기,비,단일로 - 지하차도(도로)내,승용,남,39세,상해없음,승용,남,65세,경상
2022081100100343,2022년 8월 11일 17시,목요일,전라북도 군산시 수송동,경상사고,0,0,2,0,차대차 - 추돌,안전운전불이행,젖음/습기,비,단일로 - 지하차도(도로)내,승용,여,50세,상해없음,승용,남,27세,상해없음
2022081100100474,2022년 8월 11일 22시,목요일,전라북도 전주시 완산구 효자동2가,경상사고,0,0,1,0,차대차 - 측면충돌,안전운전불이행,젖음/습기,맑음,교차로 - 교차로부근,승용,남,57세,상해없음,승용,남,32세,경상
2022081200100042,2022년 8월 12일 05시,금요일,전라북도 전주시 완산구 삼천동1가,중상사고,0,1,0,0,차대사람 - 횡단중,안전운전불이행,건조,맑음,교차로 - 교차로횡단보도내,승용,남,43세,상해없음,보행자,남,72세,중상
2022081200100049,2022년 8월 12일 06시,금요일,전라북도 익산시 여산면,중상사고,0,1,1,0,차대차 - 추돌,안전운전불이행,건조,흐림,단일로 - 기타,화물,남,22세,상해없음,화물,남,55세,경상
2022081200100098,2022년 8월 12일 08시,금요일,전라북도 전주시 덕진구 진북동,경상사고,0,0,2,0,차대차 - 측면충돌,신호위반,건조,맑음,교차로 - 교차로안,승용,남,22세,상해없음,승용,남,57세,경상
2022081200100099,2022년 8월 12일 08시,금요일,전라북도 정읍시 송산동,중상사고,0,3,0,0,차대차 - 측면충돌,신호위반,건조,맑음,교차로 - 교차로안,승용,남,64세,중상,승용,여,49세,중상
2022081200100125,2022년 8월 12일 09시,금요일,전라북도 군산시 해망동,경상사고,0,0,1,0,차대사람 - 횡단중,안전운전불이행,건조,맑음,교차로 - 교차로안,화물,남,59세,상해없음,보행자,여,71세,경상
2022081200100126,2022년 8월 12일 09시,금요일,전라북도 군산시 구암동,중상사고,0,1,1,0,차대사람 - 횡단중,보행자보호의무위반,건조,맑음,교차로 - 교차로횡단보도내,승용,여,27세,경상,보행자,남,87세,중상
2022081200100127,2022년 8월 12일 09시,금요일,전라북도 김제시 백산면,경상사고,0,0,1,0,차대차 - 후진중충돌,불법유턴,건조,맑음,교차로 - 교차로안,화물,남,61세,상해없음,승용,여,48세,경상
2022081200100167,2022년 8월 12일 10시,금요일,전라북도 전주시 완산구 효자동2가,경상사고,0,0,2,0,차대차 - 기타,신호위반,건조,맑음,교차로 - 교차로안,승용,여,67세,경상,화물,남,59세,경상
2022081200100196,2022년 8월 12일 11시,금요일,전라북도 군산시 수송동,경상사고,0,0,1,0,차대사람 - 횡단중,안전운전불이행,건조,맑음,교차로 - 교차로안,승용,남,49세,상해없음,보행자,여,54세,경상