사고번호,사고일시,요일,시군구,사고내용,사망자수,중상자수,경상자수,부상신고자수,사고유형,법규위반,노면상태,기상상태,도로형태,가해운전자 차종,가해운전자 성별,가해운전자 연령,가해운전자 상해정도,피해운전자 차종,피해운전자 성별,피해운전자 연령,피해운전자 상해정도
2022081200100235,2022년 8월 12일 12시,금요일,전라북도 완주군 이서면,경상사고,0,0,2,0,차대차 - 측면충돌,신호위반,건조,맑음,교차로 - 교차로안,이륜,남,21세,상해없음,승용,여,23세,경상
2022081200100236,2022년 8월 12일 12시,금요일,전라북도 고창군 고창읍,경상사고,0,0,2,0,차대차 - 정면충돌,안전운전불이행,건조,맑음,교차로 - 교차로안,화물,남,64세,상해없음,승용,남,35세,경상
2022081200100304,2022년 8월 12일 14시,금요일,전라북도 전주시 덕진구 덕진동2가,경상사고,0,0,1,0,차대차 - 측면충돌,신호위반,건조,맑음,교차로 - 교차로안,승용,남,42세,상해없음,승용,남,32세,경상
2022081200100305,2022년 8월 12일 14시,금요일,전라북도 부안군 부안읍,경상사고,0,0,1,0,차대차 - 측면충돌,교차로운행방법위반,건조,맑음,교차로 - 교차로부근,화물,남,49세,상해없음,이륜,남,39세,경상
2022081200100335,2022년 8월 12일 15시,금요일,전라북도 진안군 동향면,중상사고,0,1,0,0,차대차 - 측면충돌,안전운전불이행,건조,맑음,단일로 - 기타,사륜오토바이(ATV),남,87세,중상,승용,남,53세,상해없음
2022081200100379,2022년 8월 12일 16시,금요일,전라북도 부안군 부안읍,경상사고,0,0,1,0,차대사람 - 차도통행중,안전운전불이행,건조,맑음,교차로 - 교차로부근,승용,여,53세,상해없음,보행자,여,68세,경상
2022081200100425,2022년 8월 12일 17시,금요일,전라북도 전주시 덕진구 덕진동2가,경상사고,0,0,1,0,차대차 - 측면충돌,안전운전불이행,건조,맑음,단일로 - 기타,승용,남,73세,상해없음,승용,남,31세,경상
2022081200100468,2022년 8월 12일 18시,금요일,전라북도 군산시 나운동,경상사고,0,0,4,0,차대차 - 측면충돌,신호위반,건조,맑음,교차로 - 교차로부근,승용,남,74세,상해없음,승용,남,39세,경상
2022081200100469,2022년 8월 12일 18시,금요일,전라북도 순창군 순창읍,경상사고,0,0,4,0,차대차 - 추돌,안전운전불이행,건조,맑음,교차로 - 교차로안,승용,남,62세,상해없음,승용,남,61세,경상
2022081200100560,2022년 8월 12일 20시,금요일,전라북도 전주시 덕진구 덕진동2가,경상사고,0,0,3,0,차대사람 - 기타,안전운전불이행,건조,맑음,교차로 - 교차로부근,승용,여,25세,상해없음,보행자,남,46세,경상
2022081200100561,2022년 8월 12일 20시,금요일,전라북도 익산시 부송동,경상사고,0,0,1,0,차대차 - 측면충돌,차로위반,건조,맑음,단일로 - 기타,승용,남,63세,상해없음,이륜,남,62세,경상
2022081300100039,2022년 8월 13일 03시,토요일,전라북도 전주시 덕진구 송천동1가,중상사고,0,1,1,0,차대차 - 기타,안전운전불이행,건조,맑음,단일로 - 기타,승용,남,22세,상해없음,승용,남,31세,중상
2022081300100060,2022년 8월 13일 06시,토요일,전라북도 군산시 오식도동,경상사고,0,0,1,0,차대차 - 측면충돌,신호위반,건조,맑음,교차로 - 교차로부근,승용,남,54세,상해없음,승용,남,36세,경상
2022081300100067,2022년 8월 13일 07시,토요일,전라북도 군산시 대명동,중상사고,0,1,0,0,차대사람 - 횡단중,보행자보호의무위반,건조,맑음,단일로 - 기타,화물,남,70세,상해없음,보행자,여,72세,중상
2022081300100098,2022년 8월 13일 09시,토요일,전라북도 군산시 구암동,경상사고,0,0,1,0,차대차 - 추돌,안전운전불이행,건조,맑음,교차로 - 교차로부근,승용,여,39세,상해없음,승용,남,36세,경상
2022081300100124,2022년 8월 13일 10시,토요일,전라북도 정읍시 과교동,중상사고,0,1,0,0,차대차 - 측면충돌,직진우회전진행방해,건조,맑음,교차로 - 교차로안,승용,여,32세,상해없음,이륜,남,83세,중상
2022081300100146,2022년 8월 13일 11시,토요일,전라북도 군산시 신영동,경상사고,0,0,5,0,차대차 - 측면충돌,직진우회전진행방해,건조,맑음,교차로 - 교차로안,승용,남,32세,상해없음,승용,여,37세,경상
2022081300100147,2022년 8월 13일 11시,토요일,전라북도 정읍시 산외면,경상사고,0,0,1,0,차대차 - 측면충돌,안전운전불이행,건조,맑음,단일로 - 기타,이륜,남,55세,경상,농기계,남,47세,상해없음
2022081300100265,2022년 8월 13일 14시,토요일,전라북도 전주시 덕진구 진북동,경상사고,0,0,1,0,차대차 - 측면충돌,교차로운행방법위반,건조,맑음,단일로 - 기타,승용,남,71세,상해없음,승용,남,75세,경상
2022081300100266,2022년 8월 13일 14시,토요일,전라북도 군산시 경암동,경상사고,0,0,1,0,차대사람 - 기타,안전운전불이행,건조,맑음,주차장 - 주차장,승용,여,64세,상해없음,보행자,여,60세,경상
2022081300100267,2022년 8월 13일 14시,토요일,전라북도 군산시 명산동,경상사고,0,0,2,0,차대차 - 측면충돌,신호위반,젖음/습기,비,교차로 - 교차로안,승용,남,27세,상해없음,승용,남,46세,경상
2022081300100268,2022년 8월 13일 14시,토요일,전라북도 익산시 신동,경상사고,0,0,2,0,차대차 - 추돌,안전운전불이행,젖음/습기,비,교차로 - 교차로부근,화물,남,59세,상해없음,승용,여,27세,경상
2022081300100302,2022년 8월 13일 15시,토요일,전라북도 전주시 완산구 효자동2가,경상사고,0,0,2,0,차대차 - 추돌,안전운전불이행,건조,맑음,교차로 - 교차로부근,승용,남,23세,상해없음,승용,남,24세,경상
2022081300100356,2022년 8월 13일 17시,토요일,전라북도 전주시 완산구 중화산동2가,경상사고,0,0,1,0,차대차 - 정면충돌,안전운전불이행,젖음/습기,비,교차로 - 교차로부근,이륜,남,20세,상해없음,승용,남,38세,경상
2022081300100387,2022년 8월 13일 18시,토요일,전라북도 전주시 덕진구 우아동3가,경상사고,0,0,1,0,차대차 - 추돌,안전운전불이행,젖음/습기,비,단일로 - 기타,승용,남,53세,상해없음,승용,남,28세,경상
2022081300100388,2022년 8월 13일 18시,토요일,전라북도 군산시 미장동,중상사고,0,1,0,0,차대차 - 기타,안전운전불이행,젖음/습기,흐림,교차로 - 교차로안,승용,남,49세,상해없음,이륜,남,50세,중상
2022081300100389,2022년 8월 13일 18시,토요일,전라북도 익산시 동산동,경상사고,0,0,2,0,차대차 - 추돌,안전거리미확보,건조,흐림,단일로 - 기타,화물,남,63세,상해없음,승합,여,68세,경상
2022081300100421,2022년 8월 13일 19시,토요일,전라북도 군산시 오식도동,중상사고,0,1,0,0,차대차 - 정면충돌,안전운전불이행,건조,맑음,교차로 - 교차로부근,승용,남,61세,상해없음,승용,여,49세,중상
2022081300100453,2022년 8월 13일 20시,토요일,전라북도 전주시 덕진구 금암동,경상사고,0,0,3,0,차대차 - 추돌,안전운전불이행,건조,맑음,단일로 - 기타,승용,남,32세,상해없음,승용,남,61세,경상
2022081300100454,2022년 8월 13일 20시,토요일,전라북도 순창군 순창읍,부상신고사고,0,0,0,1,차대차 - 측면충돌,안전운전불이행,건조,맑음,단일로 - 기타,원동기,남,52세,부상신고,승용,여,53세,상해없음
2022081300100528,2022년 8월 13일 23시,토요일,전라북도 전주시 완산구 평화동1가,경상사고,0,0,4,0,차대차 - 정면충돌,신호위반,건조,맑음,교차로 - 교차로안,승용,여,42세,경상,승용,남,36세,경상
2022081400100036,2022년 8월 14일 04시,일요일,전라북도 군산시 수송동,중상사고,0,1,0,0,차대사람 - 차도통행중,기타,건조,맑음,단일로 - 교량,승용,남,21세,상해없음,보행자,여,71세,중상
2022081400100065,2022년 8월 14일 08시,일요일,전라북도 완주군 삼례읍,사망사고,1,0,0,0,차대사람 - 횡단중,안전운전불이행,건조,흐림,단일로 - 기타,이륜,여,22세,기타불명,보행자,여,80세,사망
2022081400100089,2022년 8월 14일 10시,일요일,전라북도 군산시 문화동,경상사고,0,0,1,0,차대차 - 측면충돌,신호위반,건조,맑음,교차로 - 교차로안,승용,여,59세,상해없음,원동기,남,79세,경상
2022081400100176,2022년 8월 14일 14시,일요일,전라북도 군산시 옥도면,경상사고,0,0,1,0,차대사람 - 기타,안전운전불이행,건조,맑음,단일로 - 기타,승용,남,53세,상해없음,보행자,남,30세,경상
2022081400100243,2022년 8월 14일 17시,일요일,전라북도 전주시 완산구 중화산동2가,중상사고,0,1,0,0,차대사람 - 길가장자리구역통행중,안전운전불이행,건조,맑음,단일로 - 기타,개인형이동수단(PM),남,13세,상해없음,보행자,여,72세,중상
2022081400100244,2022년 8월 14일 17시,일요일,전라북도 진안군 부귀면,중상사고,0,1,4,0,차대차 - 정면충돌,중앙선침범,건조,맑음,단일로 - 기타,승용,남,24세,경상,승용,여,27세,경상
2022081400100300,2022년 8월 14일 19시,일요일,전라북도 임실군 오수면,중상사고,0,1,0,0,차대사람 - 기타,안전운전불이행,건조,맑음,단일로 - 기타,승용,남,61세,상해없음,보행자,남,48세,중상
2022081400100342,2022년 8월 14일 21시,일요일,전라북도 전주시 완산구 효자동3가,경상사고,0,0,1,0,차대사람 - 횡단중,보행자보호의무위반,건조,맑음,단일로 - 기타,이륜,남,18세,상해없음,보행자,남,31세,경상
2022081400100363,2022년 8월 14일 22시,일요일,전라북도 군산시 문화동,중상사고,0,1,0,0,차대차 - 정면충돌,교차로운행방법위반,건조,흐림,교차로 - 교차로안,승용,남,44세,상해없음,이륜,남,17세,중상
2022081400100380,2022년 8월 14일 23시,일요일,전라북도 익산시 오산면,중상사고,0,1,2,0,차대차 - 기타,중앙선침범,건조,맑음,단일로 - 기타,승용,남,40세,상해없음,승용,남,29세,경상
2022081500100011,2022년 8월 15일 01시,월요일,전라북도 전주시 완산구 서신동,경상사고,0,0,3,0,차대차 - 측면충돌,신호위반,건조,맑음,교차로 - 교차로안,승용,여,22세,상해없음,승용,여,23세,상해없음
2022081500100045,2022년 8월 15일 05시,월요일,전라북도 군산시 서흥남동,중상사고,0,1,0,0,차대사람 - 기타,안전운전불이행,건조,기타,단일로 - 기타,승용,여,32세,상해없음,보행자,남,86세,중상
2022081500100046,2022년 8월 15일 05시,월요일,전라북도 정읍시 수성동,중상사고,0,1,1,0,차대차 - 측면충돌,신호위반,건조,흐림,교차로 - 교차로안,승용,남,38세,상해없음,승합,남,57세,경상
2022081500100086,2022년 8월 15일 09시,월요일,전라북도 김제시 금구면,부상신고사고,0,0,0,1,차대사람 - 기타,안전운전불이행,건조,맑음,단일로 - 기타,승용,남,66세,상해없음,보행자,여,84세,부상신고
2022081500100087,2022년 8월 15일 09시,월요일,전라북도 임실군 오수면,중상사고,0,1,0,0,차대차 - 측면충돌,안전운전불이행,건조,맑음,단일로 - 교량,승용,여,59세,상해없음,원동기,남,80세,상해없음
2022081500100103,2022년 8월 15일 10시,월요일,전라북도 익산시 웅포면,경상사고,0,0,1,0,차대차 - 추돌,안전운전불이행,건조,맑음,단일로 - 기타,승용,남,66세,상해없음,자전거,남,44세,경상
2022081500100122,2022년 8월 15일 11시,월요일,전라북도 정읍시 금붕동,중상사고,0,1,1,0,차대차 - 기타,신호위반,건조,맑음,교차로 - 교차로안,승용,여,56세,상해없음,승용,여,62세,중상
2022081500100163,2022년 8월 15일 12시,월요일,전라북도 완주군 소양면,중상사고,0,1,1,0,차량단독 - 공작물충돌,안전운전불이행,건조,맑음,단일로 - 기타,승용,남,56세,경상,,,,
2022081500100197,2022년 8월 15일 13시,월요일,전라북도 전주시 덕진구 호성동2가,경상사고,0,0,1,0,차대차 - 측면충돌,안전거리미확보,건조,맑음,단일로 - 기타,승용,여,66세,상해없음,승용,남,30세,경상
2022081500100254,2022년 8월 15일 15시,월요일,전라북도 전주시 완산구 서신동,경상사고,0,0,1,0,차대차 - 측면충돌,안전운전불이행,건조,맑음,기타 - 기타,승용,여,43세,상해없음,이륜,남,44세,경상
2022081500100255,2022년 8월 15일 15시,월요일,전라북도 군산시 미장동,중상사고,0,1,0,0,차대차 - 기타,안전운전불이행,건조,맑음,단일로 - 지하차도(도로)내,개인형이동수단(PM),여,13세,중상,승용,남,36세,상해없음
2022081500100283,2022년 8월 15일 16시,월요일,전라북도 임실군 오수면,중상사고,0,1,0,0,차대사람 - 차도통행중,안전운전불이행,건조,맑음,단일로 - 지하차도(도로)내,승용,여,51세,상해없음,보행자,남,66세,중상
2022081500100332,2022년 8월 15일 18시,월요일,전라북도 군산시 미장동,중상사고,0,2,0,0,차대사람 - 횡단중,안전운전불이행,건조,맑음,단일로 - 지하차도(도로)내,승용,남,47세,상해없음,보행자,남,70세,중상
2022081500100333,2022년 8월 15일 18시,월요일,전라북도 익산시 오산면,경상사고,0,0,1,0,차대차 - 측면충돌,안전운전불이행,건조,맑음,교차로 - 교차로안,승용,남,23세,상해없음,이륜,남,21세,경상
2022081500100412,2022년 8월 15일 21시,월요일,전라북도 익산시 신동,중상사고,0,1,1,0,차대사람 - 횡단중,안전운전불이행,건조,맑음,교차로 - 교차로안,승용,여,62세,상해없음,보행자,남,7세,중상
2022081600100082,2022년 8월 16일 08시,화요일,전라북도 전주시 완산구 효자동2가,경상사고,0,0,1,0,차대차 - 측면충돌,신호위반,건조,맑음,교차로 - 교차로안,승용,남,72세,상해없음,승용,여,48세,경상
2022081600100083,2022년 8월 16일 08시,화요일,전라북도 전주시 완산구 효자동3가,경상사고,0,0,2,0,차대차 - 측면충돌,기타,건조,맑음,교차로 - 교차로안,승용,남,33세,경상,승용,남,30세,경상
2022081600100142,2022년 8월 16일 10시,화요일,전라북도 군산시 조촌동,경상사고,0,0,1,0,차대차 - 측면충돌,교차로운행방법위반,젖음/습기,비,교차로 - 교차로안,화물,남,72세,상해없음,승용,남,57세,상해없음
2022081600100188,2022년 8월 16일 11시,화요일,전라북도 정읍시 수성동,경상사고,0,0,3,0,차대차 - 측면충돌,교차로운행방법위반,건조,맑음,교차로 - 교차로안,승용,여,50세,경상,승용,남,66세,경상
2022081600100253,2022년 8월 16일 13시,화요일,전라북도 전주시 완산구 전동,경상사고,0,0,2,0,차대차 - 측면충돌,안전운전불이행,건조,맑음,교차로 - 교차로안,승용,여,74세,상해없음,승합,여,56세,경상
2022081600100254,2022년 8월 16일 13시,화요일,전라북도 임실군 신평면,중상사고,0,1,0,0,차량단독 - 공작물충돌,안전운전불이행,건조,맑음,단일로 - 기타,승용,남,69세,상해없음,,,,
2022081600100292,2022년 8월 16일 14시,화요일,전라북도 전주시 덕진구 호성동2가,경상사고,0,0,1,0,차대차 - 측면충돌,안전운전불이행,건조,맑음,교차로 - 교차로안,승용,여,57세,상해없음,승용,여,46세,경상
2022081600100293,2022년 8월 16일 14시,화요일,전라북도 익산시 어양동,경상사고,0,0,2,0,차대차 - 추돌,안전운전불이행,젖음/습기,흐림,교차로 - 교차로안,화물,남,47세,상해없음,승용,여,62세,경상
2022081600100294,2022년 8월 16일 14시,화요일,전라북도 부안군 부안읍,경상사고,0,0,1,0,차대사람 - 기타,안전운전불이행,건조,맑음,교차로 - 교차로부근,승용,남,82세,상해없음,보행자,남,42세,경상
2022081600100397,2022년 8월 16일 17시,화요일,전라북도 전주시 덕진구 덕진동2가,경상사고,0,0,1,0,차대사람 - 기타,안전운전불이행,젖음/습기,흐림,기타 - 기타,화물,남,70세,상해없음,보행자,여,86세,경상
2022081600100398,2022년 8월 16일 17시,화요일,전라북도 군산시 창성동,경상사고,0,0,1,0,차대차 - 측면충돌,안전운전불이행,건조,맑음,단일로 - 기타,승용,남,79세,상해없음,자전거,남,80세,경상
2022081600100510,2022년 8월 16일 20시,화요일,전라북도 익산시 모현동1가,중상사고,0,1,0,0,차대사람 - 차도통행중,안전운전불이행,건조,맑음,단일로 - 기타,승용,여,37세,상해없음,보행자,여,68세,중상
2022081600100511,2022년 8월 16일 20시,화요일,전라북도 김제시 요촌동,경상사고,0,0,2,0,차대사람 - 횡단중,보행자보호의무위반,건조,맑음,교차로 - 교차로횡단보도내,화물,남,37세,상해없음,보행자,남,50세,경상
2022081600100532,2022년 8월 16일 21시,화요일,전라북도 전주시 완산구 평화동1가,경상사고,0,0,1,0,차대차 - 정면충돌,중앙선침범,젖음/습기,비,교차로 - 교차로안,승용,여,63세,기타불명,승용,여,54세,경상
2022081600100571,2022년 8월 16일 23시,화요일,전라북도 전주시 덕진구 덕진동2가,경상사고,0,0,1,0,차대차 - 추돌,안전거리미확보,건조,맑음,단일로 - 기타,승용,남,65세,상해없음,승용,남,57세,경상
2022081700100072,2022년 8월 17일 07시,수요일,전라북도 진안군 안천면,중상사고,0,1,2,0,차대차 - 정면충돌,직진우회전진행방해,건조,맑음,교차로 - 교차로안,화물,남,72세,경상,승용,남,40세,중상
2022081700100104,2022년 8월 17일 08시,수요일,전라북도 군산시 미장동,중상사고,0,1,1,0,차대차 - 추돌,안전거리미확보,건조,맑음,교차로 - 교차로안,승합,남,57세,상해없음,승용,여,70세,경상
2022081700100105,2022년 8월 17일 08시,수요일,전라북도 익산시 신동,경상사고,0,0,1,0,차대차 - 기타,안전운전불이행,건조,맑음,교차로 - 교차로부근,이륜,남,71세,상해없음,이륜,남,80세,경상
2022081700100138,2022년 8월 17일 09시,수요일,전라북도 정읍시 상동,중상사고,0,1,0,0,차대차 - 측면충돌,안전운전불이행,건조,맑음,단일로 - 기타,자전거,남,81세,중상,승용,남,55세,상해없음
2022081700100199,2022년 8월 17일 11시,수요일,전라북도 군산시 나운동,부상신고사고,0,0,0,1,차량단독 - 공작물충돌,안전운전불이행,건조,맑음,교차로 - 교차로부근,승용,남,14세,부상신고,,,,
2022081700100232,2022년 8월 17일 12시,수요일,전라북도 군산시 나운동,경상사고,0,0,1,0,차대차 - 기타,안전거리미확보,건조,맑음,단일로 - 지하차도(도로)내,화물,남,64세,상해없음,승용,여,28세,경상
2022081700100233,2022년 8월 17일 12시,수요일,전라북도 정읍시 소성면,경상사고,0,0,3,0,차대차 - 추돌,안전운전불이행,건조,맑음,교차로 - 교차로부근,승용,남,21세,경상,승용,남,65세,경상
2022081700100234,2022년 8월 17일 12시,수요일,전라북도 정읍시 수성동,경상사고,0,0,1,0,차대차 - 정면충돌,안전운전불이행,건조,맑음,교차로 - 교차로안,개인형이동수단(PM),남,16세,상해없음,승용,여,46세,상해없음
2022081700100273,2022년 8월 17일 13시,수요일,전라북도 전주시 덕진구 우아동3가,경상사고,0,0,1,0,차대사람 - 길가장자리구역통행중,안전운전불이행,건조,맑음,단일로 - 기타,화물,남,54세,상해없음,보행자,여,38세,경상
2022081700100274,2022년 8월 17일 13시,수요일,전라북도 익산시 팔봉동,경상사고,0,0,1,0,차대차 - 정면충돌,중앙선침범,건조,맑음,단일로 - 기타,승용,남,43세,상해없음,화물,남,46세,경상
2022081700100430,2022년 8월 17일 17시,수요일,전라북도 군산시 산북동,경상사고,0,0,2,0,차대차 - 측면충돌,불법유턴,건조,맑음,교차로 - 교차로부근,승용,남,41세,경상,건설기계,남,47세,경상
2022081700100483,2022년 8월 17일 18시,수요일,전라북도 군산시 창성동,경상사고,0,0,1,0,차대사람 - 기타,안전운전불이행,건조,맑음,단일로 - 기타,승용,여,63세,상해없음,보행자,남,57세,경상
2022081700100484,2022년 8월 17일 18시,수요일,전라북도 익산시 중앙동1가,중상사고,0,1,0,0,차대사람 - 횡단중,안전운전불이행,건조,맑음,단일로 - 기타,화물,남,55세,상해없음,보행자,남,57세,중상
2022081700100556,2022년 8월 17일 20시,수요일,전라북도 정읍시 부전동,중상사고,0,2,1,0,차대차 - 정면충돌,중앙선침범,건조,맑음,단일로 - 교량,승용,남,39세,경상,승용,남,77세,중상
2022081700100593,2022년 8월 17일 21시,수요일,전라북도 군산시 구암동,경상사고,0,0,1,0,차대차 - 추돌,안전거리미확보,건조,맑음,교차로 - 교차로부근,승용,여,65세,상해없음,승용,여,51세,경상
2022081700100615,2022년 8월 17일 22시,수요일,전라북도 군산시 금광동,중상사고,0,1,0,0,차대차 - 측면충돌,안전운전불이행,건조,맑음,단일로 - 기타,승용,남,29세,상해없음,자전거,남,65세,중상
2022081700100633,2022년 8월 17일 23시,수요일,전라북도 전주시 완산구 효자동1가,경상사고,0,0,4,0,차대사람 - 기타,안전운전불이행,건조,맑음,교차로 - 교차로안,승용,남,69세,상해없음,보행자,남,37세,경상
2022081800100020,2022년 8월 18일 02시,목요일,전라북도 군산시 경장동,경상사고,0,0,3,0,차대차 - 측면충돌,직진우회전진행방해,건조,맑음,교차로 - 교차로안,승용,여,39세,경상,승용,남,67세,경상
2022081800100048,2022년 8월 18일 06시,목요일,전라북도 전주시 덕진구 덕진동1가,경상사고,0,0,2,0,차대차 - 측면충돌,신호위반,건조,흐림,교차로 - 교차로안,화물,남,57세,상해없음,승용,여,54세,경상
2022081800100065,2022년 8월 18일 07시,목요일,전라북도 임실군 임실읍,경상사고,0,0,1,0,차대차 - 측면충돌,불법유턴,건조,맑음,주차장 - 주차장,승용,여,37세,상해없음,자전거,남,67세,경상
2022081800100096,2022년 8월 18일 08시,목요일,전라북도 익산시 송학동,중상사고,0,1,1,0,차대차 - 기타,안전운전불이행,건조,맑음,교차로 - 교차로안,자전거,남,75세,중상,승용,여,62세,경상
2022081800100097,2022년 8월 18일 08시,목요일,전라북도 무주군 설천면,경상사고,0,0,1,0,차대차 - 측면충돌,교차로운행방법위반,건조,맑음,교차로 - 교차로안,이륜,남,70세,경상,승용,남,51세,상해없음
2022081800100130,2022년 8월 18일 09시,목요일,전라북도 익산시 망성면,중상사고,0,1,0,0,차대차 - 측면충돌,안전운전불이행,건조,맑음,기타 - 기타,화물,남,81세,상해없음,원동기,여,88세,중상
2022081800100131,2022년 8월 18일 09시,목요일,전라북도 익산시 동산동,사망사고,1,0,0,0,차대차 - 정면충돌,안전운전불이행,건조,맑음,단일로 - 기타,화물,남,58세,사망,승용,기타불명,미분류,기타불명
2022081800100165,2022년 8월 18일 10시,목요일,전라북도 군산시 신영동,경상사고,0,0,1,0,차대사람 - 차도통행중,안전운전불이행,건조,맑음,단일로 - 기타,승용,남,61세,상해없음,보행자,여,44세,경상
2022081800100197,2022년 8월 18일 11시,목요일,전라북도 익산시 마동,경상사고,0,0,1,0,차대차 - 측면충돌,중앙선침범,건조,맑음,단일로 - 기타,화물,남,53세,상해없음,승용,남,51세,경상
2022081800100198,2022년 8월 18일 11시,목요일,전라북도 정읍시 정우면,중상사고,0,1,0,0,차대차 - 측면충돌,안전운전불이행,건조,맑음,교차로 - 교차로부근,승용,여,54세,상해없음,원동기,남,51세,중상
2022081800100199,2022년 8월 18일 11시,목요일,전라북도 남원시 도통동,중상사고,0,1,0,0,차대차 - 측면충돌,안전운전불이행,건조,맑음,교차로 - 교차로횡단보도내,승용,남,49세,상해없음,자전거,남,69세,중상
2022081800100236,2022년 8월 18일 12시,목요일,전라북도 군산시 대야면,중상사고,0,1,3,0,차대차 - 측면충돌,직진우회전진행방해,건조,맑음,교차로 - 교차로안,승용,남,55세,상해없음,승용,여,48세,경상
2022081800100237,2022년 8월 18일 12시,목요일,전라북도 남원시 죽항동,경상사고,0,0,1,0,차대차 - 측면충돌,안전운전불이행,건조,맑음,교차로 - 교차로안,승용,남,79세,상해없음,자전거,남,82세,경상
2022081800100268,2022년 8월 18일 13시,목요일,전라북도 전주시 완산구 삼천동1가,경상사고,0,0,1,0,차대차 - 기타,안전운전불이행,건조,맑음,교차로 - 교차로부근,승용,남,26세,상해없음,자전거,남,62세,경상
2022081800100401,2022년 8월 18일 17시,목요일,전라북도 전주시 덕진구 우아동3가,경상사고,0,0,1,0,차대차 - 기타,안전운전불이행,건조,맑음,단일로 - 기타,승용,여,58세,상해없음,승용,남,71세,경상
2022081800100402,2022년 8월 18일 17시,목요일,전라북도 군산시 수송동,경상사고,0,0,2,0,차대차 - 정면충돌,중앙선침범,건조,맑음,교차로 - 교차로안,승용,남,42세,상해없음,승용,남,50세,경상
2022081800100445,2022년 8월 18일 18시,목요일,전라북도 전주시 완산구 효자동1가,중상사고,0,1,0,0,차대차 - 측면충돌,신호위반,건조,맑음,교차로 - 교차로안,승용,남,63세,상해없음,이륜,남,45세,중상
2022081800100490,2022년 8월 18일 19시,목요일,전라북도 전주시 완산구 효자동2가,경상사고,0,0,1,0,차대차 - 추돌,안전운전불이행,건조,맑음,단일로 - 기타,승용,남,34세,상해없음,승용,남,45세,경상
2022081800100491,2022년 8월 18일 19시,목요일,전라북도 전주시 완산구 중화산동2가,경상사고,0,0,1,0,차대차 - 측면충돌,기타,건조,맑음,교차로 - 교차로안,승용,남,24세,상해없음,승용,여,32세,경상
2022081800100492,2022년 8월 18일 19시,목요일,전라북도 전주시 완산구 효자동3가,경상사고,0,0,1,0,차대차 - 추돌,안전운전불이행,건조,맑음,교차로 - 교차로부근,승용,남,36세,상해없음,이륜,남,40세,경상
2022081800100493,2022년 8월 18일 19시,목요일,전라북도 남원시 도통동,중상사고,0,2,0,0,차대차 - 기타,중앙선침범,건조,맑음,교차로 - 교차로안,이륜,남,33세,중상,이륜,남,28세,중상
2022081800100557,2022년 8월 18일 22시,목요일,전라북도 전주시 덕진구 금암동,경상사고,0,0,1,0,차대차 - 측면충돌,교차로운행방법위반,건조,맑음,교차로 - 교차로안,승용,남,75세,상해없음,승용,여,31세,경상
2022081900100052,2022년 8월 19일 06시,금요일,전라북도 정읍시 공평동,중상사고,0,1,0,0,차량단독 - 기타,안전운전불이행,건조,맑음,교차로 - 교차로안,원동기,남,71세,중상,,,,
2022081900100098,2022년 8월 19일 08시,금요일,전라북도 전주시 완산구 효자동3가,중상사고,0,1,0,0,차대사람 - 횡단중,신호위반,건조,맑음,교차로 - 교차로횡단보도내,승용,여,22세,상해없음,보행자,여,25세,중상
2022081900100099,2022년 8월 19일 08시,금요일,전라북도 정읍시 감곡면,사망사고,1,1,0,0,차대차 - 기타,안전운전불이행,건조,맑음,교차로 - 교차로안,원동기,남,85세,사망,승용,여,67세,상해없음
2022081900100164,2022년 8월 19일 10시,금요일,전라북도 군산시 나운동,경상사고,0,0,1,0,차대차 - 측면충돌,안전운전불이행,건조,맑음,단일로 - 지하차도(도로)내,승용,남,61세,상해없음,승용,남,77세,경상
2022081900100165,2022년 8월 19일 10시,금요일,전라북도 익산시 모현동1가,중상사고,0,1,0,0,차대차 - 측면충돌,직진우회전진행방해,건조,맑음,교차로 - 교차로안,승용,여,30세,상해없음,이륜,남,79세,중상
2022081900100208,2022년 8월 19일 11시,금요일,전라북도 군산시 서수면,경상사고,0,0,1,0,차대차 - 추돌,안전운전불이행,건조,맑음,단일로 - 지하차도(도로)내,승용,남,26세,상해없음,승용,여,61세,경상
2022081900100239,2022년 8월 19일 12시,금요일,전라북도 익산시 영등동,경상사고,0,0,1,0,차대차 - 측면충돌,차로위반,건조,맑음,교차로 - 교차로부근,승용,남,73세,상해없음,승용,남,37세,경상
2022081900100240,2022년 8월 19일 12시,금요일,전라북도 정읍시 상동,경상사고,0,0,1,0,차대차 - 측면충돌,직진우회전진행방해,건조,맑음,교차로 - 교차로안,승용,여,59세,상해없음,화물,남,47세,경상
2022081900100305,2022년 8월 19일 14시,금요일,전라북도 군산시 지곡동,중상사고,0,1,0,0,차대사람 - 횡단중,신호위반,건조,맑음,교차로 - 교차로횡단보도내,승용,남,63세,상해없음,보행자,남,9세,중상
2022081900100306,2022년 8월 19일 14시,금요일,전라북도 익산시 함열읍,경상사고,0,0,1,0,차대차 - 기타,안전운전불이행,건조,맑음,교차로 - 교차로부근,승용,여,63세,경상,화물,남,53세,상해없음
2022081900100307,2022년 8월 19일 14시,금요일,전라북도 김제시 명덕동,중상사고,0,1,0,0,차대차 - 측면충돌,안전운전불이행,건조,맑음,교차로 - 교차로부근,이륜,남,67세,중상,승용,남,63세,상해없음