사고번호,사고일시,요일,시군구,사고내용,사망자수,중상자수,경상자수,부상신고자수,사고유형,법규위반,노면상태,기상상태,도로형태,가해운전자 차종,가해운전자 성별,가해운전자 연령,가해운전자 상해정도,피해운전자 차종,피해운전자 성별,피해운전자 연령,피해운전자 상해정도
2022081900100339,2022년 8월 19일 15시,금요일,전라북도 전주시 덕진구 금암동,경상사고,0,0,1,0,차대차 - 측면충돌,안전운전불이행,건조,맑음,교차로 - 교차로안,승용,여,42세,상해없음,승용,남,69세,경상
2022081900100340,2022년 8월 19일 15시,금요일,전라북도 김제시 청하면,중상사고,0,1,0,0,차대사람 - 기타,안전운전불이행,건조,맑음,교차로 - 교차로부근,승용,남,74세,상해없음,보행자,여,80세,중상
2022081900100370,2022년 8월 19일 16시,금요일,전라북도 군산시 옥산면,경상사고,0,0,1,0,차량단독 - 전도전복 - 전도,안전운전불이행,건조,맑음,단일로 - 지하차도(도로)내,이륜,남,59세,경상,,,,
2022081900100415,2022년 8월 19일 17시,금요일,전라북도 전주시 완산구 효자동1가,중상사고,0,1,0,0,차대사람 - 기타,기타,건조,맑음,기타 - 기타,승용,여,73세,상해없음,보행자,남,56세,중상
2022081900100417,2022년 8월 19일 17시,금요일,전라북도 전주시 덕진구 중동,경상사고,0,0,1,0,차대차 - 기타,안전운전불이행,건조,맑음,교차로 - 교차로안,이륜,남,48세,상해없음,승용,여,28세,경상
2022081900100418,2022년 8월 19일 17시,금요일,전라북도 군산시 나운동,경상사고,0,0,1,0,차대차 - 측면충돌,안전운전불이행,건조,맑음,단일로 - 지하차도(도로)내,이륜,남,55세,경상,승용,남,55세,상해없음
2022081900100459,2022년 8월 19일 18시,금요일,전라북도 군산시 나운동,경상사고,0,0,1,0,차대차 - 측면충돌,안전운전불이행,건조,맑음,단일로 - 지하차도(도로)내,화물,남,72세,상해없음,이륜,남,19세,경상
2022081900100460,2022년 8월 19일 18시,금요일,전라북도 정읍시 상동,중상사고,0,1,1,0,차대사람 - 횡단중,신호위반,건조,맑음,교차로 - 교차로횡단보도내,이륜,남,26세,경상,보행자,남,84세,중상
2022081900100514,2022년 8월 19일 19시,금요일,전라북도 전주시 덕진구 성덕동,경상사고,0,0,1,0,차대차 - 기타,안전운전불이행,건조,맑음,단일로 - 기타,승용,남,52세,상해없음,승용,여,46세,경상
2022081900100515,2022년 8월 19일 19시,금요일,전라북도 군산시 신영동,부상신고사고,0,0,0,1,차대차 - 기타,안전거리미확보,건조,맑음,단일로 - 지하차도(도로)내,승용,남,46세,상해없음,승용,남,41세,상해없음
2022081900100516,2022년 8월 19일 19시,금요일,전라북도 군산시 소룡동,경상사고,0,0,1,0,차대차 - 추돌,안전운전불이행,건조,맑음,단일로 - 지하차도(도로)내,승용,남,61세,상해없음,승용,남,39세,경상
2022081900100549,2022년 8월 19일 20시,금요일,전라북도 전주시 완산구 중노송동,중상사고,0,1,0,0,차대사람 - 차도통행중,안전운전불이행,건조,맑음,단일로 - 기타,승합,남,51세,상해없음,보행자,남,34세,중상
2022081900100583,2022년 8월 19일 21시,금요일,전라북도 완주군 삼례읍,경상사고,0,0,1,0,차대차 - 측면충돌,신호위반,건조,맑음,교차로 - 교차로안,승용,남,51세,상해없음,승용,남,59세,경상
2022081900100604,2022년 8월 19일 22시,금요일,전라북도 남원시 향교동,중상사고,0,1,0,0,차대차 - 측면충돌,신호위반,건조,맑음,교차로 - 교차로횡단보도내,승용,여,61세,상해없음,원동기,남,26세,중상
2022082000100008,2022년 8월 20일 00시,토요일,전라북도 전주시 완산구 평화동1가,중상사고,0,2,0,0,차대차 - 기타,신호위반,건조,맑음,교차로 - 교차로안,이륜,남,27세,중상,이륜,남,44세,중상
2022082000100280,2022년 8월 20일 13시,토요일,전라북도 군산시 조촌동,경상사고,0,0,3,0,차대차 - 측면충돌,안전운전불이행,건조,맑음,교차로 - 교차로안,승용,남,56세,경상,승용,여,38세,경상
2022082000100367,2022년 8월 20일 15시,토요일,전라북도 진안군 부귀면,경상사고,0,0,3,0,차대차 - 측면충돌,기타,건조,맑음,교차로 - 교차로안,화물,남,72세,상해없음,승용,남,44세,경상
2022082000100479,2022년 8월 20일 18시,토요일,전라북도 군산시 나운동,경상사고,0,0,3,0,차대차 - 후진중충돌,안전운전불이행,건조,맑음,주차장 - 주차장,승용,여,27세,경상,승용,여,37세,경상
2022082000100480,2022년 8월 20일 18시,토요일,전라북도 순창군 동계면,중상사고,0,1,0,0,차대차 - 정면충돌,중앙선침범,건조,맑음,단일로 - 기타,이륜,남,14세,중상,승용,여,25세,상해없음
2022082000100515,2022년 8월 20일 19시,토요일,전라북도 완주군 소양면,경상사고,0,0,1,0,차대차 - 정면충돌,안전운전불이행,건조,맑음,교차로 - 교차로부근,승용,남,74세,상해없음,승용,여,42세,경상
2022082000100537,2022년 8월 20일 20시,토요일,전라북도 완주군 이서면,중상사고,0,1,0,0,차대사람 - 횡단중,안전운전불이행,건조,맑음,교차로 - 교차로안,승용,여,32세,상해없음,보행자,여,52세,중상
2022082000100604,2022년 8월 20일 22시,토요일,전라북도 군산시 수송동,중상사고,0,1,0,0,차대차 - 추돌,안전운전불이행,건조,맑음,단일로 - 기타,개인형이동수단(PM),남,58세,중상,승용,남,27세,상해없음
2022082000100630,2022년 8월 20일 23시,토요일,전라북도 군산시 나운동,경상사고,0,0,2,0,차대차 - 측면충돌,안전운전불이행,건조,맑음,교차로 - 교차로안,개인형이동수단(PM),남,16세,경상,승용,남,30세,상해없음
2022082100100065,2022년 8월 21일 07시,일요일,전라북도 완주군 동상면,경상사고,0,0,7,0,차대차 - 측면충돌,안전운전불이행,건조,맑음,단일로 - 기타,승합,남,36세,상해없음,승용,여,44세,경상
2022082100100106,2022년 8월 21일 10시,일요일,전라북도 전주시 완산구 중노송동,중상사고,0,1,1,0,차대차 - 측면충돌,신호위반,건조,맑음,교차로 - 교차로안,승용,여,62세,상해없음,승용,남,68세,중상
2022082100100107,2022년 8월 21일 10시,일요일,전라북도 전주시 완산구 평화동2가,경상사고,0,0,1,0,차대사람 - 기타,안전운전불이행,건조,맑음,기타 - 기타,승용,남,52세,상해없음,보행자,여,79세,경상
2022082100100219,2022년 8월 21일 14시,일요일,전라북도 완주군 운주면,경상사고,0,0,1,0,차대차 - 정면충돌,안전운전불이행,건조,맑음,단일로 - 기타,농기계,남,74세,기타불명,승용,여,60세,경상
2022082100100357,2022년 8월 21일 19시,일요일,전라북도 무주군 무주읍,중상사고,0,1,1,0,차대차 - 추돌,기타,건조,맑음,단일로 - 지하차도(도로)내,이륜,남,51세,중상,승용,여,66세,경상
2022082100100409,2022년 8월 21일 21시,일요일,전라북도 남원시 죽항동,중상사고,0,1,0,0,차대사람 - 기타,기타,건조,맑음,단일로 - 기타,승용,남,52세,상해없음,보행자,남,63세,중상
2022082100100427,2022년 8월 21일 22시,일요일,전라북도 군산시 성산면,부상신고사고,0,0,0,1,차량단독 - 공작물충돌,안전운전불이행,건조,맑음,단일로 - 기타,화물,남,41세,부상신고,,,,
2022082200100001,2022년 8월 22일 00시,월요일,전라북도 정읍시 상동,경상사고,0,0,1,0,차대차 - 후진중충돌,안전운전불이행,건조,맑음,단일로 - 기타,승용,남,73세,상해없음,이륜,남,28세,경상
2022082200100037,2022년 8월 22일 06시,월요일,전라북도 전주시 완산구 서신동,경상사고,0,0,1,0,차대차 - 기타,안전거리미확보,건조,맑음,교차로 - 교차로부근,승용,남,36세,상해없음,승용,남,53세,경상
2022082200100061,2022년 8월 22일 07시,월요일,전라북도 전주시 덕진구 팔복동3가,경상사고,0,0,1,0,차대차 - 측면충돌,신호위반,건조,맑음,교차로 - 교차로안,승용,여,50세,상해없음,승용,남,60세,상해없음
2022082200100062,2022년 8월 22일 07시,월요일,전라북도 군산시 개사동,경상사고,0,0,1,0,차대차 - 추돌,안전운전불이행,건조,맑음,단일로 - 기타,승용,남,34세,상해없음,승용,여,41세,경상
2022082200100102,2022년 8월 22일 08시,월요일,전라북도 전주시 덕진구 진북동,경상사고,0,0,3,0,차대차 - 기타,신호위반,건조,맑음,교차로 - 교차로안,승용,여,62세,상해없음,승용,남,46세,경상
2022082200100103,2022년 8월 22일 08시,월요일,전라북도 익산시 동산동,중상사고,0,1,0,0,차대차 - 기타,직진우회전진행방해,건조,맑음,교차로 - 교차로안,승용,여,48세,상해없음,자전거,남,80세,중상
2022082200100104,2022년 8월 22일 08시,월요일,전라북도 익산시 남중동,사망사고,1,0,0,0,차대차 - 기타,안전운전불이행,건조,맑음,교차로 - 교차로안,승합,남,69세,상해없음,자전거,남,68세,사망
2022082200100145,2022년 8월 22일 09시,월요일,전라북도 전주시 완산구 효자동1가,경상사고,0,0,1,0,차대차 - 정면충돌,신호위반,건조,맑음,교차로 - 교차로횡단보도내,승용,남,36세,상해없음,자전거,남,66세,경상
2022082200100146,2022년 8월 22일 09시,월요일,전라북도 전주시 덕진구 진북동,경상사고,0,0,1,0,차대차 - 측면충돌,신호위반,건조,맑음,교차로 - 교차로안,화물,남,39세,상해없음,승용,남,70세,경상
2022082200100238,2022년 8월 22일 12시,월요일,전라북도 전주시 완산구 중노송동,경상사고,0,0,1,0,차대차 - 측면충돌,신호위반,건조,맑음,교차로 - 교차로횡단보도내,이륜,남,49세,상해없음,이륜,남,62세,경상
2022082200100272,2022년 8월 22일 13시,월요일,전라북도 남원시 쌍교동,중상사고,0,1,0,0,차대차 - 측면충돌,안전거리미확보,건조,맑음,단일로 - 기타,화물,남,82세,상해없음,이륜,남,25세,중상
2022082200100345,2022년 8월 22일 16시,월요일,전라북도 전주시 덕진구 송천동1가,중상사고,0,1,0,0,차대사람 - 기타,안전운전불이행,건조,맑음,단일로 - 기타,화물,남,64세,상해없음,보행자,남,86세,중상
2022082200100346,2022년 8월 22일 16시,월요일,전라북도 완주군 이서면,중상사고,0,1,0,0,차대사람 - 기타,안전운전불이행,건조,맑음,단일로 - 기타,승합,남,49세,상해없음,보행자,여,23세,중상
2022082200100376,2022년 8월 22일 17시,월요일,전라북도 부안군 계화면,중상사고,0,1,0,0,차대차 - 측면충돌,안전운전불이행,건조,맑음,교차로 - 교차로안,승용,남,59세,상해없음,화물,남,50세,상해없음
2022082200100420,2022년 8월 22일 18시,월요일,전라북도 전주시 완산구 중화산동2가,경상사고,0,0,3,0,차대차 - 추돌,안전운전불이행,건조,맑음,교차로 - 교차로부근,승용,남,25세,상해없음,승용,여,58세,경상
2022082200100526,2022년 8월 22일 22시,월요일,전라북도 전주시 완산구 평화동2가,경상사고,0,0,1,0,차대사람 - 기타,안전운전불이행,건조,맑음,교차로 - 교차로안,승용,남,45세,상해없음,보행자,남,46세,경상
2022082300100022,2022년 8월 23일 01시,화요일,전라북도 전주시 덕진구 우아동2가,경상사고,0,0,1,0,차대차 - 추돌,안전운전불이행,건조,맑음,단일로 - 기타,승용,남,30세,상해없음,승용,남,44세,경상
2022082300100027,2022년 8월 23일 02시,화요일,전라북도 전주시 완산구 서신동,경상사고,0,0,1,0,차대차 - 정면충돌,안전운전불이행,건조,맑음,단일로 - 기타,승용,남,30세,상해없음,승용,여,32세,경상
2022082300100041,2022년 8월 23일 05시,화요일,전라북도 전주시 덕진구 금암동,경상사고,0,0,1,0,차대차 - 측면충돌,신호위반,건조,맑음,교차로 - 교차로안,승용,남,21세,상해없음,승용,남,42세,경상
2022082300100072,2022년 8월 23일 07시,화요일,전라북도 전주시 덕진구 장동,중상사고,0,1,0,0,차대차 - 측면충돌,안전운전불이행,건조,맑음,교차로 - 교차로안,승용,여,64세,상해없음,승용,여,62세,중상
2022082300100131,2022년 8월 23일 09시,화요일,전라북도 익산시 부송동,경상사고,0,0,1,0,차대차 - 기타,안전운전불이행,젖음/습기,비,단일로 - 기타,특수,남,48세,상해없음,승용,남,64세,경상
2022082300100132,2022년 8월 23일 09시,화요일,전라북도 김제시 신풍동,경상사고,0,0,1,0,차대사람 - 횡단중,안전운전불이행,젖음/습기,비,단일로 - 기타,승용,여,74세,상해없음,보행자,여,66세,경상
2022082300100161,2022년 8월 23일 10시,화요일,전라북도 완주군 상관면,경상사고,0,0,1,0,차대차 - 측면충돌,안전운전불이행,건조,맑음,단일로 - 기타,화물,남,67세,상해없음,승용,남,85세,경상
2022082300100214,2022년 8월 23일 12시,화요일,전라북도 고창군 부안면,중상사고,0,2,0,0,차대차 - 측면충돌,교차로운행방법위반,젖음/습기,비,교차로 - 교차로안,화물,남,53세,상해없음,화물,남,68세,중상
2022082300100260,2022년 8월 23일 13시,화요일,전라북도 익산시 함열읍,중상사고,0,1,0,0,차대사람 - 횡단중,보행자보호의무위반,건조,맑음,교차로 - 교차로횡단보도내,화물,남,63세,상해없음,보행자,남,67세,중상
2022082300100294,2022년 8월 23일 14시,화요일,전라북도 전주시 완산구 서노송동,경상사고,0,0,1,0,차대차 - 측면충돌,안전운전불이행,젖음/습기,비,기타 - 기타,화물,남,67세,상해없음,자전거,남,18세,경상
2022082300100295,2022년 8월 23일 14시,화요일,전라북도 남원시 도통동,경상사고,0,0,1,0,차대차 - 측면충돌,직진우회전진행방해,건조,맑음,교차로 - 교차로안,자전거,남,26세,경상,승용,남,54세,상해없음
2022082300100337,2022년 8월 23일 15시,화요일,전라북도 군산시 소룡동,경상사고,0,0,1,0,차대차 - 측면충돌,신호위반,건조,맑음,단일로 - 지하차도(도로)내,승용,남,40세,상해없음,승용,남,20세,경상
2022082300100379,2022년 8월 23일 16시,화요일,전라북도 군산시 문화동,중상사고,0,1,1,0,차대사람 - 횡단중,중앙선침범,기타,맑음,단일로 - 지하차도(도로)내,이륜,남,18세,경상,보행자,여,39세,중상
2022082300100380,2022년 8월 23일 16시,화요일,전라북도 군산시 미원동,경상사고,0,0,2,0,차대차 - 측면충돌,차로위반,건조,맑음,단일로 - 지하차도(도로)내,승합,남,63세,상해없음,승용,여,50세,경상
2022082300100432,2022년 8월 23일 17시,화요일,전라북도 익산시 마동,경상사고,0,0,1,0,차대차 - 측면충돌,신호위반,건조,맑음,교차로 - 교차로안,승용,남,65세,상해없음,승용,남,22세,경상
2022082300100486,2022년 8월 23일 18시,화요일,전라북도 군산시 미장동,경상사고,0,0,1,0,차대차 - 기타,신호위반,건조,맑음,단일로 - 지하차도(도로)내,이륜,남,23세,상해없음,자전거,남,65세,경상
2022082300100487,2022년 8월 23일 18시,화요일,전라북도 부안군 부안읍,중상사고,0,1,0,0,차대사람 - 횡단중,보행자보호의무위반,건조,맑음,교차로 - 교차로횡단보도내,승용,여,53세,상해없음,보행자,여,17세,중상
2022082300100520,2022년 8월 23일 19시,화요일,전라북도 전주시 완산구 상림동,경상사고,0,0,3,0,차대차 - 추돌,안전운전불이행,건조,맑음,교차로 - 교차로부근,승용,여,63세,경상,승용,남,21세,경상
2022082300100521,2022년 8월 23일 19시,화요일,전라북도 정읍시 시기동,경상사고,0,0,1,0,차대차 - 기타,직진우회전진행방해,젖음/습기,흐림,교차로 - 교차로안,승용,남,31세,상해없음,이륜,남,59세,경상
2022082300100615,2022년 8월 23일 23시,화요일,전라북도 군산시 나운동,경상사고,0,0,1,0,차대차 - 측면충돌,안전운전불이행,건조,맑음,교차로 - 교차로부근,승용,남,48세,상해없음,개인형이동수단(PM),남,41세,경상
2022082400100007,2022년 8월 24일 00시,수요일,전라북도 전주시 완산구 중노송동,경상사고,0,0,2,0,차대차 - 추돌,안전운전불이행,젖음/습기,비,교차로 - 교차로부근,승용,남,42세,상해없음,승용,남,42세,경상
2022082400100008,2022년 8월 24일 00시,수요일,전라북도 익산시 어양동,경상사고,0,0,2,0,차대차 - 추돌,안전운전불이행,건조,맑음,단일로 - 기타,승용,남,25세,상해없음,승용,여,53세,경상
2022082400100021,2022년 8월 24일 01시,수요일,전라북도 정읍시 연지동,경상사고,0,0,1,0,차대차 - 측면충돌,신호위반,건조,맑음,교차로 - 교차로안,승용,남,19세,상해없음,승용,여,18세,경상
2022082400100104,2022년 8월 24일 08시,수요일,전라북도 군산시 조촌동,경상사고,0,0,1,0,차대차 - 추돌,안전운전불이행,건조,흐림,단일로 - 기타,승용,남,51세,상해없음,이륜,남,85세,경상
2022082400100105,2022년 8월 24일 08시,수요일,전라북도 익산시 영등동,경상사고,0,0,1,0,차대사람 - 횡단중,보행자보호의무위반,건조,맑음,단일로 - 기타,승용,남,47세,상해없음,보행자,남,63세,경상
2022082400100146,2022년 8월 24일 09시,수요일,전라북도 전주시 덕진구 팔복동2가,경상사고,0,0,1,0,차대차 - 측면충돌,신호위반,젖음/습기,비,교차로 - 교차로부근,승용,남,75세,상해없음,자전거,남,78세,경상
2022082400100147,2022년 8월 24일 09시,수요일,전라북도 익산시 팔봉동,중상사고,0,1,0,0,차대사람 - 횡단중,안전운전불이행,젖음/습기,비,단일로 - 기타,승용,남,69세,상해없음,보행자,남,54세,중상
2022082400100148,2022년 8월 24일 09시,수요일,전라북도 남원시 도통동,중상사고,0,1,0,0,차대차 - 측면충돌,안전운전불이행,건조,맑음,단일로 - 기타,승용,남,80세,상해없음,승용,남,41세,중상
2022082400100184,2022년 8월 24일 10시,수요일,전라북도 전주시 덕진구 팔복동2가,경상사고,0,0,1,0,차대차 - 측면충돌,신호위반,젖음/습기,비,교차로 - 교차로안,승용,남,65세,상해없음,승용,남,21세,경상
2022082400100381,2022년 8월 24일 16시,수요일,전라북도 김제시 신풍동,경상사고,0,0,1,0,차대차 - 측면충돌,안전운전불이행,건조,맑음,교차로 - 교차로부근,승합,남,59세,상해없음,이륜,남,43세,경상
2022082400100428,2022년 8월 24일 17시,수요일,전라북도 전주시 덕진구 인후동1가,경상사고,0,0,1,0,차대사람 - 횡단중,안전운전불이행,건조,맑음,교차로 - 교차로부근,화물,남,61세,상해없음,보행자,여,77세,경상
2022082400100429,2022년 8월 24일 17시,수요일,전라북도 군산시 옥구읍,경상사고,0,0,2,0,차대차 - 추돌,안전거리미확보,건조,맑음,단일로 - 기타,승용,여,30세,상해없음,승용,남,66세,경상
2022082400100430,2022년 8월 24일 17시,수요일,전라북도 김제시 검산동,경상사고,0,0,1,0,차대차 - 추돌,안전거리미확보,건조,맑음,단일로 - 기타,승용,남,29세,상해없음,승용,여,36세,경상
2022082400100472,2022년 8월 24일 18시,수요일,전라북도 군산시 옥산면,사망사고,1,0,0,0,차대사람 - 기타,안전운전불이행,건조,맑음,단일로 - 기타,승용,남,61세,상해없음,보행자,여,91세,사망
2022082400100505,2022년 8월 24일 19시,수요일,전라북도 전주시 덕진구 호성동2가,사망사고,1,0,0,0,차대차 - 측면충돌,안전운전불이행,건조,맑음,단일로 - 기타,승용,남,73세,상해없음,자전거,남,78세,사망
2022082500100025,2022년 8월 25일 03시,목요일,전라북도 군산시 문화동,부상신고사고,0,0,0,1,차대차 - 추돌,안전운전불이행,건조,맑음,단일로 - 기타,이륜,남,31세,부상신고,승용,남,69세,상해없음
2022082500100047,2022년 8월 25일 06시,목요일,전라북도 전주시 완산구 태평동,경상사고,0,0,3,0,차대차 - 기타,안전운전불이행,건조,맑음,기타 - 기타,이륜,남,64세,경상,승용,여,42세,경상
2022082500100048,2022년 8월 25일 06시,목요일,전라북도 전주시 덕진구 호성동3가,중상사고,0,1,0,0,차대차 - 측면충돌,안전운전불이행,건조,맑음,단일로 - 기타,승용,남,19세,상해없음,자전거,남,44세,중상
2022082500100090,2022년 8월 25일 08시,목요일,전라북도 김제시 요촌동,중상사고,0,1,0,0,차대차 - 후진중충돌,안전운전불이행,건조,맑음,단일로 - 기타,화물,남,61세,상해없음,이륜,남,72세,중상
2022082500100120,2022년 8월 25일 09시,목요일,전라북도 군산시 월명동,경상사고,0,0,1,0,차대차 - 기타,직진우회전진행방해,건조,맑음,교차로 - 교차로안,승용,남,65세,상해없음,자전거,여,75세,경상
2022082500100221,2022년 8월 25일 12시,목요일,전라북도 부안군 진서면,경상사고,0,0,1,0,차대차 - 측면충돌,안전운전불이행,건조,맑음,단일로 - 지하차도(도로)내,승용,남,52세,상해없음,승용,남,70세,경상
2022082500100261,2022년 8월 25일 13시,목요일,전라북도 익산시 황등면,중상사고,0,1,0,0,차대차 - 추돌,안전운전불이행,건조,맑음,교차로 - 교차로부근,승용,남,69세,상해없음,자전거,여,82세,중상
2022082500100320,2022년 8월 25일 15시,목요일,전라북도 익산시 팔봉동,경상사고,0,0,1,0,차대차 - 측면충돌,안전운전불이행,건조,맑음,단일로 - 기타,건설기계,남,60세,상해없음,화물,남,53세,경상
2022082500100359,2022년 8월 25일 16시,목요일,전라북도 고창군 해리면,사망사고,1,2,0,0,차대차 - 정면충돌,중앙선침범,건조,맑음,단일로 - 기타,승용,여,48세,중상,승용,남,67세,중상
2022082500100393,2022년 8월 25일 17시,목요일,전라북도 전주시 완산구 효자동1가,경상사고,0,0,1,0,차대사람 - 횡단중,안전운전불이행,건조,맑음,단일로 - 기타,승용,여,60세,상해없음,보행자,여,42세,경상
2022082500100426,2022년 8월 25일 18시,목요일,전라북도 익산시 모현동2가,경상사고,0,0,4,0,차대차 - 기타,안전거리미확보,건조,맑음,교차로 - 교차로부근,승용,여,49세,경상,승용,여,34세,경상
2022082500100427,2022년 8월 25일 18시,목요일,전라북도 익산시 영등동,경상사고,0,0,2,0,차대차 - 기타,교차로운행방법위반,건조,맑음,교차로 - 교차로안,승용,남,29세,경상,승용,남,36세,경상
2022082500100428,2022년 8월 25일 18시,목요일,전라북도 부안군 줄포면,중상사고,0,2,0,0,차대차 - 측면충돌,안전운전불이행,건조,흐림,단일로 - 지하차도(도로)내,이륜,남,71세,중상,승용,여,51세,중상
2022082500100468,2022년 8월 25일 19시,목요일,전라북도 부안군 줄포면,사망사고,1,0,0,0,차대사람 - 길가장자리구역통행중,안전운전불이행,건조,흐림,단일로 - 지하차도(도로)내,승합,남,67세,상해없음,보행자,남,58세,사망
2022082500100555,2022년 8월 25일 22시,목요일,전라북도 전주시 덕진구 우아동1가,경상사고,0,0,1,0,차대차 - 추돌,안전운전불이행,건조,맑음,교차로 - 교차로부근,화물,남,53세,상해없음,승용,남,30세,경상
2022082500100556,2022년 8월 25일 22시,목요일,전라북도 익산시 부송동,경상사고,0,0,1,0,차대차 - 기타,안전거리미확보,건조,맑음,교차로 - 교차로부근,화물,남,61세,상해없음,승용,남,40세,경상
2022082500100574,2022년 8월 25일 23시,목요일,전라북도 군산시 영화동,경상사고,0,0,1,0,차대차 - 측면충돌,직진우회전진행방해,건조,맑음,교차로 - 교차로안,승용,남,40세,상해없음,승용,남,29세,상해없음
2022082600100003,2022년 8월 26일 00시,금요일,전라북도 전주시 완산구 다가동3가,경상사고,0,0,1,0,차대차 - 정면충돌,신호위반,건조,맑음,교차로 - 교차로안,승용,남,29세,상해없음,승용,남,28세,경상
2022082600100075,2022년 8월 26일 07시,금요일,전라북도 군산시 구암동,경상사고,0,0,1,0,차대차 - 측면충돌,안전운전불이행,건조,맑음,교차로 - 교차로부근,화물,남,50세,상해없음,이륜,남,63세,경상
2022082600100076,2022년 8월 26일 07시,금요일,전라북도 정읍시 농소동,경상사고,0,0,1,0,차대차 - 추돌,안전거리미확보,건조,맑음,기타 - 기타,승용,남,56세,상해없음,승용,여,30세,경상
2022082600100111,2022년 8월 26일 08시,금요일,전라북도 군산시 경암동,경상사고,0,0,1,0,차대차 - 기타,안전운전불이행,건조,맑음,교차로 - 교차로안,승합,여,28세,상해없음,자전거,남,58세,경상
2022082600100173,2022년 8월 26일 10시,금요일,전라북도 전주시 완산구 서신동,경상사고,0,0,2,0,차대차 - 기타,중앙선침범,건조,맑음,단일로 - 지하차도(도로)내,승용,남,73세,기타불명,승용,남,53세,경상
2022082600100208,2022년 8월 26일 11시,금요일,전라북도 익산시 모현동1가,경상사고,0,0,1,0,차대사람 - 횡단중,안전운전불이행,건조,맑음,단일로 - 기타,승용,여,69세,상해없음,보행자,여,74세,경상
2022082600100236,2022년 8월 26일 12시,금요일,전라북도 전주시 덕진구 덕진동1가,경상사고,0,0,3,0,차대차 - 측면충돌,신호위반,건조,맑음,교차로 - 교차로안,승용,남,53세,경상,승용,여,51세,경상
2022082600100336,2022년 8월 26일 15시,금요일,전라북도 무주군 안성면,경상사고,0,0,1,0,차대차 - 측면충돌,신호위반,건조,맑음,교차로 - 교차로안,승용,남,79세,상해없음,화물,남,60세,경상
2022082600100381,2022년 8월 26일 16시,금요일,전라북도 전주시 완산구 서신동,경상사고,0,0,2,0,차대차 - 기타,안전거리미확보,건조,맑음,단일로 - 기타,승용,남,33세,상해없음,승용,여,24세,경상
2022082600100423,2022년 8월 26일 17시,금요일,전라북도 전주시 완산구 효자동3가,중상사고,0,1,0,0,차대차 - 정면충돌,신호위반,건조,맑음,단일로 - 기타,이륜,남,31세,기타불명,이륜,남,43세,중상
2022082600100424,2022년 8월 26일 17시,금요일,전라북도 전주시 완산구 중화산동2가,경상사고,0,0,3,0,차대차 - 측면충돌,신호위반,건조,맑음,기타 - 기타,승용,남,32세,기타불명,승용,여,55세,경상
2022082600100481,2022년 8월 26일 18시,금요일,전라북도 익산시 부송동,경상사고,0,0,1,0,차대차 - 측면충돌,안전운전불이행,건조,맑음,단일로 - 기타,승용,여,45세,상해없음,승용,여,50세,경상
2022082600100482,2022년 8월 26일 18시,금요일,전라북도 김제시 검산동,경상사고,0,0,2,0,차대차 - 측면충돌,불법유턴,건조,맑음,단일로 - 지하차도(도로)내,승용,여,28세,상해없음,승용,여,26세,경상
2022082600100483,2022년 8월 26일 18시,금요일,전라북도 완주군 삼례읍,중상사고,0,1,0,0,차대차 - 측면충돌,신호위반,건조,맑음,교차로 - 교차로안,승용,남,67세,상해없음,이륜,남,77세,중상
2022082600100529,2022년 8월 26일 19시,금요일,전라북도 전주시 완산구 효자동2가,중상사고,0,2,0,0,차량단독 - 공작물충돌,안전운전불이행,건조,맑음,교차로 - 교차로부근,화물,남,71세,중상,,,,
2022082600100530,2022년 8월 26일 19시,금요일,전라북도 정읍시 시기동,중상사고,0,1,1,0,차대차 - 측면충돌,기타,건조,맑음,교차로 - 교차로안,이륜,남,20세,중상,승용,남,52세,경상
2022082600100645,2022년 8월 26일 23시,금요일,전라북도 전주시 완산구 평화동2가,사망사고,1,0,0,0,차대사람 - 횡단중,안전운전불이행,건조,맑음,단일로 - 기타,승용,남,76세,상해없음,보행자,남,71세,사망
2022082600100646,2022년 8월 26일 23시,금요일,전라북도 전주시 덕진구 덕진동1가,경상사고,0,0,1,0,차대사람 - 횡단중,보행자보호의무위반,건조,맑음,단일로 - 기타,승용,남,36세,기타불명,보행자,남,28세,경상
2022082700100021,2022년 8월 27일 01시,토요일,전라북도 전주시 완산구 효자동2가,중상사고,0,1,0,0,차대사람 - 횡단중,보행자보호의무위반,건조,맑음,교차로 - 교차로부근,승용,남,30세,상해없음,보행자,남,40세,중상
2022082700100037,2022년 8월 27일 02시,토요일,전라북도 군산시 수송동,중상사고,0,1,1,0,차대차 - 측면충돌,신호위반,건조,맑음,교차로 - 교차로안,승용,남,28세,상해없음,승용,여,39세,중상
2022082700100069,2022년 8월 27일 05시,토요일,전라북도 김제시 공덕면,중상사고,0,1,0,0,차대사람 - 길가장자리구역통행중,안전운전불이행,건조,맑음,단일로 - 지하차도(도로)내,승용,남,78세,상해없음,보행자,여,80세,중상
2022082700100079,2022년 8월 27일 06시,토요일,전라북도 군산시 조촌동,경상사고,0,0,1,0,차대사람 - 보도통행중,보행자보호의무위반,건조,맑음,교차로 - 교차로횡단보도내,승용,남,73세,상해없음,보행자,남,54세,경상
2022082700100166,2022년 8월 27일 10시,토요일,전라북도 익산시 창인동1가,경상사고,0,0,1,0,차대차 - 측면충돌,안전운전불이행,건조,맑음,단일로 - 기타,승용,남,63세,상해없음,자전거,남,38세,경상