사고번호,사고일시,요일,시군구,사고내용,사망자수,중상자수,경상자수,부상신고자수,사고유형,법규위반,노면상태,기상상태,도로형태,가해운전자 차종,가해운전자 성별,가해운전자 연령,가해운전자 상해정도,피해운전자 차종,피해운전자 성별,피해운전자 연령,피해운전자 상해정도
2022090400100300,2022년 9월 4일 16시,일요일,전라북도 전주시 완산구 평화동1가,경상사고,0,0,2,0,차대차 - 추돌,안전운전불이행,건조,맑음,단일로 - 기타,승용,남,65세,상해없음,승용,남,54세,경상
2022090400100355,2022년 9월 4일 18시,일요일,전라북도 남원시 하정동,중상사고,0,2,0,0,차대차 - 측면충돌,직진우회전진행방해,젖음/습기,흐림,교차로 - 교차로안,승용,여,52세,상해없음,이륜,남,75세,중상
2022090400100383,2022년 9월 4일 19시,일요일,전라북도 익산시 신용동,중상사고,0,1,0,0,차대차 - 추돌,안전운전불이행,젖음/습기,흐림,단일로 - 기타,승용,남,59세,기타불명,자전거,남,71세,중상
2022090400100414,2022년 9월 4일 20시,일요일,전라북도 전주시 덕진구 송천동1가,경상사고,0,0,1,0,차대차 - 기타,안전운전불이행,건조,맑음,교차로 - 교차로부근,승용,남,22세,상해없음,승용,남,28세,경상
2022090400100415,2022년 9월 4일 20시,일요일,전라북도 남원시 도통동,경상사고,0,0,1,0,차대차 - 기타,직진우회전진행방해,건조,맑음,교차로 - 교차로안,승용,남,50세,상해없음,이륜,남,16세,경상
2022090400100448,2022년 9월 4일 21시,일요일,전라북도 군산시 경장동,경상사고,0,0,1,0,차대차 - 기타,안전운전불이행,건조,맑음,교차로 - 교차로부근,기타불명,기타불명,미분류,기타불명,이륜,남,23세,경상
2022090400100449,2022년 9월 4일 21시,일요일,전라북도 김제시 금구면,경상사고,0,0,3,0,차대차 - 추돌,안전운전불이행,건조,흐림,단일로 - 지하차도(도로)내,승용,남,63세,상해없음,승용,여,30세,경상
2022090500100038,2022년 9월 5일 05시,월요일,전라북도 전주시 덕진구 진북동,중상사고,0,1,0,0,차대사람 - 횡단중,안전운전불이행,젖음/습기,비,교차로 - 교차로안,승용,남,27세,상해없음,보행자,여,91세,중상
2022090500100051,2022년 9월 5일 06시,월요일,전라북도 군산시 오식도동,경상사고,0,0,1,0,차대차 - 측면충돌,중앙선침범,젖음/습기,비,단일로 - 지하차도(도로)내,승용,남,56세,상해없음,승용,남,42세,경상
2022090500100071,2022년 9월 5일 07시,월요일,전라북도 전주시 완산구 효자동2가,경상사고,0,0,1,0,차대차 - 추돌,안전운전불이행,건조,맑음,교차로 - 교차로안,승용,남,37세,상해없음,승용,여,55세,경상
2022090500100104,2022년 9월 5일 08시,월요일,전라북도 완주군 삼례읍,경상사고,0,0,1,0,차대차 - 측면충돌,안전운전불이행,젖음/습기,비,교차로 - 교차로안,화물,남,50세,상해없음,승용,남,37세,경상
2022090500100149,2022년 9월 5일 09시,월요일,전라북도 익산시 영등동,중상사고,0,1,0,0,차대사람 - 횡단중,안전운전불이행,젖음/습기,비,교차로 - 교차로횡단보도내,화물,남,62세,상해없음,보행자,여,82세,중상
2022090500100150,2022년 9월 5일 09시,월요일,전라북도 순창군 순창읍,경상사고,0,0,1,1,차대차 - 측면충돌,신호위반,건조,맑음,교차로 - 교차로안,원동기,남,66세,부상신고,승용,여,74세,경상
2022090500100206,2022년 9월 5일 11시,월요일,전라북도 전주시 완산구 중화산동2가,경상사고,0,0,2,0,차대차 - 기타,안전거리미확보,건조,맑음,단일로 - 기타,승용,남,47세,경상,승용,남,70세,경상
2022090500100207,2022년 9월 5일 11시,월요일,전라북도 전주시 덕진구 팔복동2가,경상사고,0,0,1,0,차대차 - 측면충돌,기타,젖음/습기,흐림,교차로 - 교차로안,승합,남,51세,상해없음,승용,여,65세,경상
2022090500100208,2022년 9월 5일 11시,월요일,전라북도 전주시 덕진구 우아동3가,경상사고,0,0,4,0,차대차 - 측면충돌,안전운전불이행,젖음/습기,비,단일로 - 기타,승용,남,74세,상해없음,승용,여,26세,경상
2022090500100264,2022년 9월 5일 13시,월요일,전라북도 전주시 덕진구 여의동,경상사고,0,0,1,0,차대차 - 측면충돌,교차로운행방법위반,젖음/습기,비,교차로 - 교차로안,승용,여,71세,상해없음,승용,여,51세,경상
2022090500100265,2022년 9월 5일 13시,월요일,전라북도 군산시 수송동,부상신고사고,0,0,0,1,차대차 - 추돌,안전운전불이행,젖음/습기,비,교차로 - 교차로부근,승용,남,74세,상해없음,승용,여,42세,부상신고
2022090500100266,2022년 9월 5일 13시,월요일,전라북도 부안군 부안읍,경상사고,0,0,2,0,차대차 - 정면충돌,중앙선침범,젖음/습기,비,단일로 - 지하차도(도로)내,화물,남,59세,상해없음,승합,남,72세,경상
2022090500100293,2022년 9월 5일 14시,월요일,전라북도 정읍시 망제동,경상사고,0,0,1,0,차대차 - 측면충돌,신호위반,젖음/습기,비,교차로 - 교차로안,화물,남,65세,상해없음,승용,남,29세,경상
2022090500100349,2022년 9월 5일 16시,월요일,전라북도 임실군 임실읍,경상사고,0,0,2,0,차대차 - 측면충돌,교차로운행방법위반,젖음/습기,비,교차로 - 교차로안,승용,남,39세,상해없음,승합,여,48세,경상
2022090500100388,2022년 9월 5일 17시,월요일,전라북도 군산시 지곡동,경상사고,0,0,1,0,차대차 - 정면충돌,중앙선침범,젖음/습기,비,단일로 - 기타,승용,남,40세,경상,승용,여,46세,상해없음
2022090500100389,2022년 9월 5일 17시,월요일,전라북도 군산시 삼학동,경상사고,0,0,1,0,차대사람 - 차도통행중,안전운전불이행,젖음/습기,비,단일로 - 기타,승용,남,34세,상해없음,보행자,남,49세,경상
2022090500100390,2022년 9월 5일 17시,월요일,전라북도 익산시 금강동,경상사고,0,0,1,0,차대차 - 측면충돌,신호위반,젖음/습기,비,교차로 - 교차로안,승용,남,59세,상해없음,승용,남,63세,경상
2022090500100510,2022년 9월 5일 19시,월요일,전라북도 군산시 나운동,중상사고,0,1,0,0,차대차 - 추돌,안전운전불이행,젖음/습기,비,교차로 - 교차로부근,승용,남,56세,상해없음,이륜,남,38세,중상
2022090500100511,2022년 9월 5일 19시,월요일,전라북도 완주군 봉동읍,경상사고,0,0,1,0,차대차 - 측면충돌,신호위반,젖음/습기,비,교차로 - 교차로안,승용,남,54세,상해없음,승용,여,45세,경상
2022090500100553,2022년 9월 5일 20시,월요일,전라북도 익산시 모현동1가,경상사고,0,0,1,0,차대사람 - 횡단중,보행자보호의무위반,젖음/습기,비,교차로 - 교차로안,이륜,남,28세,상해없음,보행자,여,20세,경상
2022090500100601,2022년 9월 5일 21시,월요일,전라북도 전주시 덕진구 인후동1가,중상사고,0,1,0,0,차대사람 - 차도통행중,안전운전불이행,젖음/습기,비,교차로 - 교차로안,승용,남,62세,상해없음,보행자,남,50세,중상
2022090500100602,2022년 9월 5일 21시,월요일,전라북도 전주시 덕진구 금암동,경상사고,0,0,1,0,차대차 - 측면충돌,신호위반,젖음/습기,비,교차로 - 교차로부근,승용,남,20세,상해없음,승용,남,36세,경상
2022090500100633,2022년 9월 5일 22시,월요일,전라북도 완주군 용진읍,중상사고,0,1,0,0,차대차 - 정면충돌,안전운전불이행,젖음/습기,비,단일로 - 교량,승용,남,51세,상해없음,승용,여,49세,중상
2022090600100072,2022년 9월 6일 07시,화요일,전라북도 군산시 경암동,경상사고,0,0,1,0,차대차 - 측면충돌,직진우회전진행방해,젖음/습기,비,교차로 - 교차로안,승용,여,57세,상해없음,승용,남,70세,경상
2022090600100158,2022년 9월 6일 11시,화요일,전라북도 전주시 덕진구 금암동,경상사고,0,0,1,0,차대사람 - 보도통행중,안전운전불이행,건조,맑음,기타 - 기타,승용,남,79세,상해없음,보행자,남,56세,경상
2022090600100188,2022년 9월 6일 12시,화요일,전라북도 남원시 대강면,경상사고,0,0,2,0,차대차 - 기타,교차로운행방법위반,건조,맑음,교차로 - 교차로안,화물,남,49세,경상,승용,남,45세,경상
2022090600100222,2022년 9월 6일 13시,화요일,전라북도 김제시 요촌동,중상사고,0,1,0,0,차대차 - 측면충돌,불법유턴,건조,맑음,교차로 - 교차로부근,승용,남,69세,상해없음,승용,남,31세,중상
2022090600100258,2022년 9월 6일 14시,화요일,전라북도 진안군 부귀면,경상사고,0,0,2,0,차대차 - 측면충돌,안전운전불이행,건조,맑음,단일로 - 기타,승용,남,49세,경상,승용,여,72세,경상
2022090600100298,2022년 9월 6일 15시,화요일,전라북도 전주시 완산구 효자동2가,경상사고,0,0,4,0,차대차 - 추돌,안전운전불이행,건조,맑음,교차로 - 교차로부근,이륜,남,19세,상해없음,승용,남,66세,경상
2022090600100299,2022년 9월 6일 15시,화요일,전라북도 전주시 덕진구 송천동2가,경상사고,0,0,1,0,차대차 - 측면충돌,안전운전불이행,건조,맑음,기타 - 기타,승용,남,53세,상해없음,승용,여,42세,경상
2022090600100300,2022년 9월 6일 15시,화요일,전라북도 군산시 나운동,경상사고,0,0,1,0,차대차 - 측면충돌,안전운전불이행,건조,맑음,단일로 - 기타,승용,남,54세,상해없음,이륜,남,27세,경상
2022090600100301,2022년 9월 6일 15시,화요일,전라북도 군산시 서수면,부상신고사고,0,0,0,1,차대차 - 측면충돌,중앙선침범,건조,맑음,단일로 - 기타,이륜,남,71세,부상신고,승용,여,53세,상해없음
2022090600100302,2022년 9월 6일 15시,화요일,전라북도 익산시 오산면,경상사고,0,0,1,0,차대차 - 측면충돌,안전운전불이행,건조,맑음,교차로 - 교차로안,승용,남,64세,상해없음,화물,남,58세,상해없음
2022090600100339,2022년 9월 6일 16시,화요일,전라북도 정읍시 송산동,사망사고,1,0,0,0,차대차 - 측면충돌,교차로운행방법위반,건조,맑음,교차로 - 교차로안,승용,남,77세,상해없음,자전거,남,68세,사망
2022090600100340,2022년 9월 6일 16시,화요일,전라북도 임실군 임실읍,경상사고,0,0,2,0,차대차 - 추돌,안전운전불이행,건조,맑음,교차로 - 교차로안,화물,남,70세,경상,승용,남,49세,경상
2022090600100393,2022년 9월 6일 17시,화요일,전라북도 군산시 조촌동,경상사고,0,0,1,0,차대사람 - 보도통행중,보행자보호의무위반,건조,맑음,교차로 - 교차로횡단보도내,승용,남,69세,상해없음,보행자,남,77세,경상
2022090600100394,2022년 9월 6일 17시,화요일,전라북도 남원시 동충동,경상사고,0,0,1,0,차대차 - 추돌,안전거리미확보,건조,맑음,교차로 - 교차로부근,승용,남,33세,상해없음,승용,여,26세,경상
2022090600100395,2022년 9월 6일 17시,화요일,전라북도 부안군 부안읍,경상사고,0,0,1,0,차대사람 - 차도통행중,안전운전불이행,건조,맑음,단일로 - 지하차도(도로)내,승용,남,76세,상해없음,보행자,여,63세,경상
2022090600100450,2022년 9월 6일 18시,화요일,전라북도 전주시 완산구 효자동3가,경상사고,0,0,1,0,차대차 - 측면충돌,신호위반,건조,맑음,교차로 - 교차로안,승용,남,27세,상해없음,승용,남,37세,경상
2022090600100491,2022년 9월 6일 19시,화요일,전라북도 익산시 신동,중상사고,0,1,0,0,차대차 - 측면충돌,교차로운행방법위반,건조,맑음,교차로 - 교차로안,승용,남,22세,상해없음,자전거,남,54세,중상
2022090600100492,2022년 9월 6일 19시,화요일,전라북도 익산시 함열읍,중상사고,0,1,0,0,차대사람 - 횡단중,안전운전불이행,건조,맑음,단일로 - 기타,승용,남,61세,상해없음,보행자,남,55세,중상
2022090600100570,2022년 9월 6일 22시,화요일,전라북도 군산시 지곡동,경상사고,0,0,1,0,차대사람 - 보도통행중,보행자보호의무위반,건조,맑음,교차로 - 교차로안,승용,남,58세,상해없음,보행자,남,29세,경상
2022090600100571,2022년 9월 6일 22시,화요일,전라북도 김제시 백구면,경상사고,0,0,1,0,차대사람 - 차도통행중,안전운전불이행,건조,맑음,교차로 - 교차로횡단보도내,화물,남,60세,상해없음,보행자,남,62세,경상
2022090600100601,2022년 9월 6일 23시,화요일,전라북도 전주시 완산구 경원동3가,중상사고,0,1,0,0,차대사람 - 횡단중,안전운전불이행,건조,맑음,단일로 - 기타,승용,남,64세,상해없음,보행자,남,65세,중상
2022090700100007,2022년 9월 7일 00시,수요일,전라북도 전주시 완산구 효자동2가,경상사고,0,0,1,0,차대사람 - 횡단중,보행자보호의무위반,건조,맑음,교차로 - 교차로횡단보도내,승합,남,65세,상해없음,보행자,여,22세,경상
2022090700100092,2022년 9월 7일 07시,수요일,전라북도 전주시 완산구 중화산동1가,경상사고,0,0,1,0,차대차 - 정면충돌,교차로운행방법위반,건조,맑음,교차로 - 교차로안,승용,남,35세,상해없음,승용,여,60세,경상
2022090700100133,2022년 9월 7일 08시,수요일,전라북도 전주시 완산구 효자동2가,경상사고,0,0,1,0,차대차 - 측면충돌,안전거리미확보,건조,맑음,단일로 - 기타,승용,남,56세,상해없음,승용,남,57세,경상
2022090700100134,2022년 9월 7일 08시,수요일,전라북도 전주시 완산구 효자동2가,경상사고,0,0,1,0,차대차 - 추돌,안전운전불이행,건조,맑음,교차로 - 교차로부근,화물,남,56세,상해없음,승용,남,43세,경상
2022090700100135,2022년 9월 7일 08시,수요일,전라북도 정읍시 수성동,경상사고,0,0,1,0,차대사람 - 횡단중,신호위반,건조,맑음,교차로 - 교차로횡단보도내,승용,남,68세,상해없음,보행자,여,61세,경상
2022090700100182,2022년 9월 7일 09시,수요일,전라북도 군산시 수송동,중상사고,0,1,0,0,차대차 - 추돌,안전운전불이행,건조,맑음,단일로 - 기타,승용,남,34세,상해없음,자전거,여,77세,중상
2022090700100183,2022년 9월 7일 09시,수요일,전라북도 남원시 죽항동,경상사고,0,0,1,0,차대사람 - 기타,교차로운행방법위반,건조,맑음,교차로 - 교차로안,화물,남,63세,상해없음,보행자,여,80세,경상
2022090700100235,2022년 9월 7일 10시,수요일,전라북도 전주시 완산구 서신동,경상사고,0,0,1,0,차대차 - 추돌,안전운전불이행,건조,맑음,기타 - 기타,승용,남,83세,상해없음,승용,여,59세,경상
2022090700100236,2022년 9월 7일 10시,수요일,전라북도 전주시 덕진구 덕진동1가,경상사고,0,0,1,0,차대차 - 정면충돌,신호위반,건조,맑음,교차로 - 교차로안,승용,여,50세,상해없음,승용,여,49세,경상
2022090700100339,2022년 9월 7일 13시,수요일,전라북도 익산시 신용동,중상사고,0,1,0,0,차대차 - 측면충돌,직진우회전진행방해,건조,맑음,교차로 - 교차로안,승용,여,46세,상해없음,이륜,남,33세,중상
2022090700100340,2022년 9월 7일 13시,수요일,전라북도 익산시 남중동,경상사고,0,0,2,0,차대차 - 측면충돌,안전운전불이행,건조,맑음,단일로 - 기타,승용,여,42세,경상,승용,남,46세,경상
2022090700100375,2022년 9월 7일 14시,수요일,전라북도 전주시 완산구 삼천동3가,경상사고,0,0,1,0,차대차 - 추돌,안전운전불이행,건조,맑음,단일로 - 기타,승용,남,53세,상해없음,승용,남,28세,경상
2022090700100409,2022년 9월 7일 15시,수요일,전라북도 전주시 완산구 서신동,중상사고,0,1,0,0,차대차 - 정면충돌,안전운전불이행,건조,맑음,교차로 - 교차로안,승용,남,70세,상해없음,자전거,남,81세,중상
2022090700100512,2022년 9월 7일 17시,수요일,전라북도 군산시 미룡동,중상사고,0,1,0,0,차대사람 - 횡단중,보행자보호의무위반,건조,맑음,단일로 - 기타,승용,남,51세,상해없음,보행자,여,20세,중상
2022090700100513,2022년 9월 7일 17시,수요일,전라북도 김제시 검산동,경상사고,0,0,1,0,차대사람 - 길가장자리구역통행중,안전운전불이행,건조,맑음,주차장 - 주차장,화물,남,65세,상해없음,보행자,남,21세,경상
2022090700100608,2022년 9월 7일 19시,수요일,전라북도 전주시 완산구 효자동1가,경상사고,0,0,1,0,차대사람 - 기타,안전운전불이행,건조,흐림,단일로 - 기타,승용,여,79세,기타불명,보행자,여,79세,경상
2022090700100609,2022년 9월 7일 19시,수요일,전라북도 익산시 어양동,경상사고,0,0,1,0,차대차 - 측면충돌,직진우회전진행방해,건조,맑음,교차로 - 교차로부근,승용,남,66세,상해없음,승용,남,22세,경상
2022090700100683,2022년 9월 7일 21시,수요일,전라북도 군산시 미장동,경상사고,0,0,2,0,차대차 - 추돌,안전거리미확보,건조,흐림,교차로 - 교차로부근,승합,남,72세,상해없음,승용,여,54세,경상
2022090700100708,2022년 9월 7일 22시,수요일,전라북도 전주시 완산구 서신동,경상사고,0,0,1,0,차대차 - 추돌,안전운전불이행,건조,맑음,교차로 - 교차로부근,승용,남,24세,상해없음,승용,남,45세,상해없음
2022090700100709,2022년 9월 7일 22시,수요일,전라북도 군산시 나운동,경상사고,0,0,1,0,차대차 - 측면충돌,안전거리미확보,건조,맑음,단일로 - 기타,화물,남,50세,상해없음,승용,남,66세,경상
2022090800100104,2022년 9월 8일 08시,목요일,전라북도 전주시 완산구 태평동,중상사고,0,1,0,0,차대차 - 기타,안전운전불이행,건조,맑음,단일로 - 기타,승용,여,30세,상해없음,자전거,남,76세,중상
2022090800100105,2022년 9월 8일 08시,목요일,전라북도 무주군 부남면,중상사고,0,2,1,0,차대차 - 추돌,안전거리미확보,건조,맑음,단일로 - 지하차도(도로)내,승용,여,50세,경상,승용,여,52세,상해없음
2022090800100148,2022년 9월 8일 09시,목요일,전라북도 전주시 덕진구 덕진동1가,경상사고,0,0,1,0,차대사람 - 횡단중,안전운전불이행,건조,맑음,교차로 - 교차로횡단보도내,승용,여,51세,상해없음,보행자,남,80세,경상
2022090800100150,2022년 9월 8일 09시,목요일,전라북도 전주시 덕진구 송천동2가,경상사고,0,0,1,0,차대사람 - 기타,기타,건조,맑음,교차로 - 교차로부근,승합,남,56세,상해없음,보행자,여,29세,경상
2022090800100237,2022년 9월 8일 11시,목요일,전라북도 익산시 남중동,중상사고,0,1,0,0,차대차 - 측면충돌,안전운전불이행,건조,맑음,교차로 - 교차로안,승용,남,44세,상해없음,자전거,여,60세,중상
2022090800100238,2022년 9월 8일 11시,목요일,전라북도 장수군 장수읍,중상사고,0,1,0,0,차대차 - 측면충돌,신호위반,건조,맑음,교차로 - 교차로안,화물,남,50세,상해없음,이륜,남,89세,중상
2022090800100239,2022년 9월 8일 11시,목요일,전라북도 완주군 삼례읍,중상사고,0,1,0,0,차대사람 - 횡단중,안전운전불이행,건조,맑음,단일로 - 기타,승용,남,61세,상해없음,보행자,여,73세,중상
2022090800100279,2022년 9월 8일 12시,목요일,전라북도 군산시 수송동,경상사고,0,0,1,0,차대차 - 기타,안전운전불이행,건조,맑음,단일로 - 지하차도(도로)내,승용,남,30세,상해없음,승용,여,25세,경상
2022090800100316,2022년 9월 8일 13시,목요일,전라북도 군산시 수송동,경상사고,0,0,1,0,차대차 - 측면충돌,신호위반,건조,맑음,교차로 - 교차로안,승용,남,69세,상해없음,승용,여,62세,경상
2022090800100317,2022년 9월 8일 13시,목요일,전라북도 정읍시 신태인읍,중상사고,0,1,0,0,차대차 - 측면충돌,기타,건조,맑음,단일로 - 기타,자전거,남,91세,중상,승용,남,66세,상해없음
2022090800100422,2022년 9월 8일 15시,목요일,전라북도 전주시 완산구 평화동1가,경상사고,0,0,1,0,차대차 - 추돌,안전운전불이행,건조,맑음,교차로 - 교차로부근,승용,남,41세,상해없음,승용,남,48세,경상
2022090800100489,2022년 9월 8일 16시,목요일,전라북도 군산시 조촌동,경상사고,0,0,1,0,차대차 - 기타,안전운전불이행,건조,맑음,교차로 - 교차로안,자전거,남,53세,경상,승용,남,29세,상해없음
2022090800100573,2022년 9월 8일 17시,목요일,전라북도 김제시 백구면,중상사고,0,1,3,0,차대차 - 추돌,안전운전불이행,건조,맑음,단일로 - 지하차도(도로)내,승용,남,57세,상해없음,승용,남,48세,중상
2022090800100643,2022년 9월 8일 18시,목요일,전라북도 전주시 덕진구 인후동1가,경상사고,0,0,1,0,차대사람 - 보도통행중,보행자보호의무위반,건조,맑음,교차로 - 교차로횡단보도내,승용,남,27세,상해없음,보행자,남,67세,경상
2022090800100645,2022년 9월 8일 18시,목요일,전라북도 김제시 검산동,경상사고,0,0,2,0,차대차 - 추돌,안전운전불이행,건조,맑음,단일로 - 기타,승용,남,45세,상해없음,승용,남,68세,경상
2022090800100696,2022년 9월 8일 19시,목요일,전라북도 군산시 조촌동,경상사고,0,0,1,0,차대차 - 기타,안전운전불이행,건조,맑음,단일로 - 지하차도(도로)내,승용,남,48세,상해없음,이륜,남,31세,경상
2022090800100697,2022년 9월 8일 19시,목요일,전라북도 임실군 임실읍,경상사고,0,0,2,0,차대차 - 측면충돌,안전운전불이행,건조,맑음,교차로 - 교차로안,승용,남,18세,상해없음,화물,남,41세,경상
2022090800100726,2022년 9월 8일 20시,목요일,전라북도 정읍시 연지동,경상사고,0,0,1,0,차대차 - 측면충돌,신호위반,건조,맑음,교차로 - 교차로안,승용,남,52세,상해없음,승용,남,46세,경상
2022090900100010,2022년 9월 9일 00시,금요일,전라북도 군산시 수송동,경상사고,0,0,1,0,차대차 - 기타,안전운전불이행,건조,맑음,단일로 - 지하차도(도로)내,승용,남,23세,상해없음,승용,남,50세,경상
2022090900100022,2022년 9월 9일 01시,금요일,전라북도 전주시 완산구 서신동,중상사고,0,1,0,0,차대차 - 정면충돌,신호위반,건조,맑음,교차로 - 교차로안,승용,남,22세,상해없음,승용,남,62세,중상
2022090900100122,2022년 9월 9일 09시,금요일,전라북도 고창군 고창읍,경상사고,0,0,1,0,차대사람 - 차도통행중,안전운전불이행,건조,맑음,기타 - 기타,승합,여,49세,상해없음,보행자,여,79세,경상
2022090900100173,2022년 9월 9일 11시,금요일,전라북도 전주시 덕진구 송천동2가,경상사고,0,0,1,0,차대사람 - 기타,안전운전불이행,건조,맑음,교차로 - 교차로부근,승합,남,48세,상해없음,보행자,남,22세,경상
2022090900100245,2022년 9월 9일 13시,금요일,전라북도 무주군 설천면,경상사고,0,0,2,0,차대차 - 측면충돌,중앙선침범,건조,맑음,단일로 - 지하차도(도로)내,승용,남,77세,기타불명,승용,남,31세,경상
2022090900100284,2022년 9월 9일 14시,금요일,전라북도 군산시 장미동,경상사고,0,0,2,0,차대차 - 추돌,안전운전불이행,건조,맑음,교차로 - 교차로안,승용,남,58세,상해없음,승용,남,56세,경상
2022090900100285,2022년 9월 9일 14시,금요일,전라북도 익산시 함열읍,경상사고,0,0,1,0,차대사람 - 기타,중앙선침범,건조,맑음,교차로 - 교차로부근,화물,남,76세,상해없음,보행자,남,16세,경상
2022090900100326,2022년 9월 9일 15시,금요일,전라북도 전주시 완산구 효자동1가,경상사고,0,0,1,0,차대차 - 측면충돌,안전운전불이행,건조,맑음,교차로 - 교차로안,화물,남,67세,상해없음,승용,남,35세,경상
2022090900100327,2022년 9월 9일 15시,금요일,전라북도 고창군 공음면,경상사고,0,0,4,0,차대차 - 정면충돌,중앙선침범,건조,맑음,기타 - 기타,승용,여,28세,상해없음,승합,남,51세,경상
2022090900100375,2022년 9월 9일 17시,금요일,전라북도 전주시 완산구 서신동,경상사고,0,0,1,0,차대차 - 측면충돌,중앙선침범,건조,맑음,단일로 - 기타,승용,남,56세,상해없음,승용,남,38세,경상
2022090900100461,2022년 9월 9일 20시,금요일,전라북도 남원시 천거동,경상사고,0,0,1,0,차대차 - 측면충돌,중앙선침범,건조,맑음,교차로 - 교차로부근,승용,남,49세,상해없음,이륜,남,55세,경상
2022090900100481,2022년 9월 9일 21시,금요일,전라북도 순창군 순창읍,경상사고,0,0,3,0,차대차 - 기타,교차로운행방법위반,건조,맑음,교차로 - 교차로안,승용,남,72세,상해없음,승용,남,60세,상해없음
2022091000100031,2022년 9월 10일 03시,토요일,전라북도 정읍시 수성동,경상사고,0,0,4,0,차대차 - 기타,신호위반,건조,맑음,교차로 - 교차로안,승용,남,38세,상해없음,승용,남,58세,경상
2022091000100050,2022년 9월 10일 06시,토요일,전라북도 군산시 나운동,부상신고사고,0,0,0,1,차대사람 - 길가장자리구역통행중,안전운전불이행,건조,맑음,단일로 - 기타,승용,여,32세,상해없음,보행자,여,88세,부상신고
2022091000100103,2022년 9월 10일 10시,토요일,전라북도 전주시 완산구 평화동2가,경상사고,0,0,1,0,차대차 - 정면충돌,안전운전불이행,건조,맑음,교차로 - 교차로안,승용,여,53세,상해없음,승용,여,37세,경상
2022091000100149,2022년 9월 10일 12시,토요일,전라북도 무주군 무풍면,경상사고,0,0,1,0,차대사람 - 차도통행중,안전운전불이행,건조,맑음,단일로 - 지하차도(도로)내,이륜,남,65세,상해없음,보행자,여,77세,경상
2022091000100233,2022년 9월 10일 15시,토요일,전라북도 전주시 완산구 서서학동,경상사고,0,0,2,0,차대차 - 추돌,안전운전불이행,건조,맑음,단일로 - 기타,승용,남,60세,상해없음,승용,남,25세,경상
2022091000100234,2022년 9월 10일 15시,토요일,전라북도 김제시 죽산면,중상사고,0,3,0,0,차대차 - 측면충돌,신호위반,건조,맑음,교차로 - 교차로안,승용,여,25세,상해없음,승용,남,28세,중상
2022091000100366,2022년 9월 10일 22시,토요일,전라북도 익산시 삼기면,중상사고,0,1,2,0,차대차 - 기타,신호위반,건조,흐림,교차로 - 교차로안,승용,남,72세,중상,승용,남,49세,경상
2022091100100007,2022년 9월 11일 00시,일요일,전라북도 전주시 완산구 삼천동1가,중상사고,0,1,0,0,차대사람 - 횡단중,보행자보호의무위반,건조,맑음,교차로 - 교차로횡단보도내,승용,남,61세,기타불명,보행자,여,53세,중상
2022091100100008,2022년 9월 11일 00시,일요일,전라북도 군산시 수송동,경상사고,0,0,1,0,차대사람 - 기타,중앙선침범,건조,맑음,교차로 - 교차로부근,승용,여,29세,상해없음,보행자,남,27세,경상
2022091100100036,2022년 9월 11일 04시,일요일,전라북도 전주시 덕진구 덕진동1가,경상사고,0,0,1,0,차대차 - 측면충돌,신호위반,건조,맑음,교차로 - 교차로안,승용,남,25세,상해없음,승용,남,60세,경상
2022091100100040,2022년 9월 11일 05시,일요일,전라북도 익산시 영등동,경상사고,0,0,1,0,차대차 - 기타,안전운전불이행,건조,맑음,단일로 - 기타,승용,남,64세,상해없음,승용,남,72세,경상
2022091100100065,2022년 9월 11일 09시,일요일,전라북도 전주시 덕진구 인후동2가,경상사고,0,0,1,0,차대차 - 기타,안전운전불이행,건조,맑음,교차로 - 교차로안,승용,남,75세,상해없음,승합,남,31세,경상
2022091100100120,2022년 9월 11일 12시,일요일,전라북도 군산시 금동,경상사고,0,0,2,0,차대차 - 측면충돌,안전운전불이행,건조,맑음,교차로 - 교차로안,승용,남,25세,상해없음,승용,여,33세,경상
2022091100100121,2022년 9월 11일 12시,일요일,전라북도 임실군 임실읍,중상사고,0,2,0,0,차량단독 - 공작물충돌,안전운전불이행,건조,맑음,단일로 - 지하차도(도로)내,화물,남,67세,중상,,,,
2022091100100145,2022년 9월 11일 13시,일요일,전라북도 군산시 지곡동,중상사고,0,1,0,0,차대차 - 측면충돌,교차로운행방법위반,건조,맑음,교차로 - 교차로안,화물,남,73세,상해없음,승용,남,48세,중상
2022091100100254,2022년 9월 11일 17시,일요일,전라북도 전주시 완산구 효자동3가,경상사고,0,0,2,0,차대차 - 후진중충돌,안전운전불이행,건조,맑음,교차로 - 교차로안,승용,남,56세,상해없음,승용,남,24세,경상
2022091100100280,2022년 9월 11일 18시,일요일,전라북도 전주시 덕진구 만성동,경상사고,0,0,1,0,차대차 - 추돌,안전운전불이행,건조,맑음,교차로 - 교차로부근,이륜,남,22세,상해없음,승용,남,40세,경상
2022091100100281,2022년 9월 11일 18시,일요일,전라북도 남원시 대강면,경상사고,0,0,1,0,차대사람 - 횡단중,안전운전불이행,건조,맑음,단일로 - 기타,화물,남,62세,상해없음,보행자,여,90세,경상
2022091100100325,2022년 9월 11일 20시,일요일,전라북도 정읍시 상동,중상사고,0,1,0,0,차대사람 - 횡단중,보행자보호의무위반,건조,맑음,단일로 - 기타,승용,남,30세,상해없음,보행자,여,64세,중상
2022091100100359,2022년 9월 11일 22시,일요일,전라북도 전주시 덕진구 여의동2가,경상사고,0,0,1,0,차대차 - 측면충돌,신호위반,건조,맑음,교차로 - 교차로안,승용,남,30세,상해없음,승용,여,24세,경상