사고번호,사고일시,요일,시군구,사고내용,사망자수,중상자수,경상자수,부상신고자수,사고유형,법규위반,노면상태,기상상태,도로형태,가해운전자 차종,가해운전자 성별,가해운전자 연령,가해운전자 상해정도,피해운전자 차종,피해운전자 성별,피해운전자 연령,피해운전자 상해정도
2022092000100210,2022년 9월 20일 11시,화요일,전라북도 김제시 신풍동,경상사고,0,0,1,0,차대사람 - 차도통행중,안전운전불이행,건조,맑음,기타 - 기타,승용,남,26세,상해없음,보행자,여,26세,경상
2022092000100211,2022년 9월 20일 11시,화요일,전라북도 남원시 어현동,중상사고,0,1,0,0,차대차 - 측면충돌,안전운전불이행,건조,맑음,교차로 - 교차로안,화물,남,49세,상해없음,자전거,남,90세,중상
2022092000100274,2022년 9월 20일 13시,화요일,전라북도 전주시 덕진구 산정동,경상사고,0,0,1,0,차대차 - 추돌,안전거리미확보,건조,맑음,교차로 - 교차로안,승용,남,30세,상해없음,승용,남,38세,경상
2022092000100315,2022년 9월 20일 14시,화요일,전라북도 전주시 덕진구 인후동1가,경상사고,0,0,2,0,차대차 - 추돌,안전운전불이행,건조,맑음,교차로 - 교차로부근,승용,남,37세,상해없음,승용,여,32세,경상
2022092000100316,2022년 9월 20일 14시,화요일,전라북도 익산시 신동,경상사고,0,0,1,0,차대차 - 측면충돌,차로위반,건조,맑음,교차로 - 교차로부근,화물,남,85세,상해없음,승용,남,32세,경상
2022092000100355,2022년 9월 20일 15시,화요일,전라북도 임실군 성수면,경상사고,0,0,1,0,차대차 - 추돌,안전거리미확보,건조,맑음,교차로 - 교차로부근,승용,여,38세,상해없음,승용,남,27세,경상
2022092000100397,2022년 9월 20일 16시,화요일,전라북도 군산시 개정면,경상사고,0,0,3,0,차대차 - 측면충돌,신호위반,건조,맑음,교차로 - 교차로안,승용,남,60세,상해없음,승용,남,50세,경상
2022092000100440,2022년 9월 20일 17시,화요일,전라북도 남원시 향교동,경상사고,0,0,1,0,차대사람 - 횡단중,보행자보호의무위반,건조,맑음,단일로 - 기타,승용,남,35세,상해없음,보행자,여,13세,경상
2022092000100534,2022년 9월 20일 19시,화요일,전라북도 익산시 영등동,중상사고,0,1,0,0,차대차 - 정면충돌,중앙선침범,건조,맑음,단일로 - 기타,승용,남,29세,상해없음,승용,여,48세,중상
2022092000100623,2022년 9월 20일 22시,화요일,전라북도 김제시 죽산면,중상사고,0,1,1,0,차대차 - 정면충돌,중앙선침범,건조,맑음,단일로 - 기타,승용,여,25세,경상,승용,여,47세,중상
2022092100100056,2022년 9월 21일 07시,수요일,전라북도 전주시 덕진구 팔복동2가,중상사고,0,1,1,0,차대차 - 측면충돌,신호위반,건조,맑음,교차로 - 교차로안,승용,남,60세,상해없음,승용,남,71세,중상
2022092100100100,2022년 9월 21일 08시,수요일,전라북도 군산시 내초동,중상사고,0,1,0,0,차대차 - 측면충돌,신호위반,건조,맑음,교차로 - 교차로횡단보도내,화물,남,71세,상해없음,자전거,남,41세,중상
2022092100100145,2022년 9월 21일 09시,수요일,전라북도 전주시 덕진구 진북동,경상사고,0,0,2,0,차대차 - 측면충돌,신호위반,건조,맑음,교차로 - 교차로안,승용,여,63세,상해없음,승용,남,48세,경상
2022092100100183,2022년 9월 21일 10시,수요일,전라북도 전주시 완산구 서신동,경상사고,0,0,1,0,차대차 - 기타,안전운전불이행,건조,맑음,단일로 - 기타,승용,남,38세,상해없음,자전거,남,82세,경상
2022092100100184,2022년 9월 21일 10시,수요일,전라북도 군산시 임피면,경상사고,0,0,1,0,차대차 - 측면충돌,교차로운행방법위반,건조,맑음,교차로 - 교차로안,승합,남,68세,상해없음,승용,여,21세,경상
2022092100100259,2022년 9월 21일 12시,수요일,전라북도 익산시 모현동1가,경상사고,0,0,2,0,차대차 - 정면충돌,신호위반,건조,맑음,교차로 - 교차로안,승용,남,77세,상해없음,승용,남,55세,경상
2022092100100291,2022년 9월 21일 13시,수요일,전라북도 부안군 하서면,중상사고,0,1,1,0,차량단독 - 도로외이탈 - 추락,안전운전불이행,건조,맑음,단일로 - 기타,화물,남,67세,경상,,,,
2022092100100363,2022년 9월 21일 15시,수요일,전라북도 군산시 대야면,중상사고,0,1,4,0,차대차 - 추돌,안전운전불이행,건조,맑음,단일로 - 기타,승용,남,54세,경상,화물,남,55세,경상
2022092100100364,2022년 9월 21일 15시,수요일,전라북도 군산시 사정동,경상사고,0,0,1,0,차량단독 - 기타,안전운전불이행,건조,맑음,단일로 - 기타,승합,남,57세,상해없음,,,,
2022092100100410,2022년 9월 21일 16시,수요일,전라북도 전주시 완산구 중화산동2가,중상사고,0,1,0,0,차대사람 - 횡단중,보행자보호의무위반,건조,맑음,교차로 - 교차로횡단보도내,승용,남,64세,상해없음,보행자,여,7세,중상
2022092100100411,2022년 9월 21일 16시,수요일,전라북도 전주시 덕진구 인후동1가,경상사고,0,0,2,0,차대차 - 측면충돌,안전운전불이행,건조,맑음,교차로 - 교차로부근,화물,남,48세,상해없음,승용,여,54세,경상
2022092100100525,2022년 9월 21일 18시,수요일,전라북도 군산시 옥구읍,경상사고,0,0,2,1,차대차 - 추돌,안전운전불이행,건조,맑음,단일로 - 기타,승용,남,27세,부상신고,승용,남,55세,경상
2022092100100633,2022년 9월 21일 21시,수요일,전라북도 전주시 덕진구 송천동2가,경상사고,0,0,2,0,차대차 - 후진중충돌,안전운전불이행,건조,맑음,주차장 - 주차장,승용,남,36세,상해없음,승용,남,19세,경상
2022092100100634,2022년 9월 21일 21시,수요일,전라북도 익산시 석암동,경상사고,0,0,3,0,차대차 - 측면충돌,중앙선침범,건조,맑음,교차로 - 교차로부근,화물,남,52세,상해없음,승용,남,27세,경상
2022092200100078,2022년 9월 22일 07시,목요일,전라북도 전주시 덕진구 덕진동2가,경상사고,0,0,2,0,차대차 - 기타,불법유턴,건조,맑음,단일로 - 기타,승용,여,36세,상해없음,승용,여,24세,경상
2022092200100079,2022년 9월 22일 07시,목요일,전라북도 군산시 지곡동,경상사고,0,0,1,0,차대사람 - 횡단중,보행자보호의무위반,건조,맑음,교차로 - 교차로안,승용,남,64세,상해없음,보행자,남,55세,경상
2022092200100121,2022년 9월 22일 08시,목요일,전라북도 군산시 오식도동,경상사고,0,0,1,0,차대차 - 측면충돌,신호위반,건조,맑음,교차로 - 교차로안,승합,남,64세,상해없음,승용,남,47세,경상
2022092200100122,2022년 9월 22일 08시,목요일,전라북도 남원시 운봉읍,경상사고,0,0,2,0,차대차 - 기타,교차로운행방법위반,건조,맑음,교차로 - 교차로안,화물,남,59세,경상,승용,여,48세,경상
2022092200100165,2022년 9월 22일 09시,목요일,전라북도 익산시 모현동1가,경상사고,0,0,1,0,차대차 - 측면충돌,신호위반,건조,맑음,교차로 - 교차로안,자전거,남,80세,상해없음,승용,남,60세,경상
2022092200100166,2022년 9월 22일 09시,목요일,전라북도 익산시 신동,중상사고,0,1,0,0,차대차 - 측면충돌,직진우회전진행방해,건조,맑음,교차로 - 교차로부근,승용,여,38세,상해없음,개인형이동수단(PM),여,29세,중상
2022092200100167,2022년 9월 22일 09시,목요일,전라북도 순창군 쌍치면,중상사고,0,1,0,0,차량단독 - 도로외이탈 - 추락,안전운전불이행,건조,맑음,단일로 - 기타,화물,남,58세,상해없음,,,,
2022092200100268,2022년 9월 22일 12시,목요일,전라북도 전주시 완산구 중화산동2가,경상사고,0,0,1,0,차대차 - 측면충돌,직진우회전진행방해,건조,맑음,교차로 - 교차로안,이륜,남,20세,상해없음,승용,여,63세,경상
2022092200100296,2022년 9월 22일 13시,목요일,전라북도 전주시 덕진구 인후동1가,경상사고,0,0,1,0,차대차 - 측면충돌,불법유턴,건조,맑음,단일로 - 기타,승용,여,32세,상해없음,이륜,남,23세,경상
2022092200100297,2022년 9월 22일 13시,목요일,전라북도 익산시 모현동1가,경상사고,0,0,2,0,차대차 - 측면충돌,직진우회전진행방해,건조,맑음,교차로 - 교차로안,승용,남,40세,상해없음,승용,남,61세,경상
2022092200100298,2022년 9월 22일 13시,목요일,전라북도 임실군 관촌면,중상사고,0,1,0,0,차대사람 - 횡단중,안전운전불이행,건조,맑음,교차로 - 교차로안,승용,여,43세,상해없음,보행자,여,77세,중상
2022092200100358,2022년 9월 22일 15시,목요일,전라북도 전주시 완산구 중화산동2가,경상사고,0,0,1,0,차대차 - 측면충돌,안전운전불이행,건조,맑음,교차로 - 교차로안,승용,남,57세,상해없음,개인형이동수단(PM),남,22세,경상
2022092200100359,2022년 9월 22일 15시,목요일,전라북도 익산시 부송동,경상사고,0,0,1,0,차대차 - 추돌,안전운전불이행,건조,맑음,단일로 - 기타,승용,남,64세,상해없음,원동기,남,17세,경상
2022092200100394,2022년 9월 22일 16시,목요일,전라북도 전주시 완산구 용복동,경상사고,0,0,4,0,차대차 - 추돌,안전운전불이행,건조,맑음,단일로 - 기타,승용,여,44세,경상,화물,남,59세,경상
2022092200100395,2022년 9월 22일 16시,목요일,전라북도 전주시 완산구 삼천동1가,경상사고,0,0,1,0,차대차 - 추돌,안전운전불이행,건조,맑음,교차로 - 교차로부근,승용,남,54세,상해없음,승용,여,64세,경상
2022092200100396,2022년 9월 22일 16시,목요일,전라북도 군산시 조촌동,경상사고,0,0,3,0,차대차 - 추돌,안전거리미확보,건조,맑음,교차로 - 교차로부근,승용,남,62세,상해없음,승용,여,54세,경상
2022092200100441,2022년 9월 22일 17시,목요일,전라북도 익산시 함열읍,경상사고,0,0,1,0,차대차 - 측면충돌,안전운전불이행,건조,맑음,교차로 - 교차로안,화물,남,52세,상해없음,승용,남,47세,경상
2022092200100442,2022년 9월 22일 17시,목요일,전라북도 익산시 신흥동,경상사고,0,0,2,0,차대차 - 측면충돌,교차로운행방법위반,건조,맑음,교차로 - 교차로안,승용,남,28세,상해없음,승용,남,50세,경상
2022092200100443,2022년 9월 22일 17시,목요일,전라북도 남원시 금동,중상사고,0,1,1,0,차대차 - 기타,교차로운행방법위반,건조,맑음,교차로 - 교차로안,승용,남,35세,상해없음,화물,여,57세,경상
2022092200100537,2022년 9월 22일 19시,목요일,전라북도 군산시 산북동,중상사고,0,1,0,0,차대사람 - 길가장자리구역통행중,안전운전불이행,건조,맑음,교차로 - 교차로부근,승용,남,61세,상해없음,보행자,남,42세,중상
2022092200100538,2022년 9월 22일 19시,목요일,전라북도 군산시 나운동,경상사고,0,0,1,0,차대사람 - 보도통행중,신호위반,건조,맑음,교차로 - 교차로안,이륜,남,36세,상해없음,보행자,남,13세,경상
2022092300100065,2022년 9월 23일 07시,금요일,전라북도 전주시 완산구 중화산동2가,경상사고,0,0,2,0,차대차 - 추돌,안전운전불이행,건조,맑음,기타 - 기타,승용,남,26세,상해없음,승용,남,50세,경상
2022092300100066,2022년 9월 23일 07시,금요일,전라북도 군산시 오식도동,경상사고,0,0,2,0,차대차 - 측면충돌,직진우회전진행방해,건조,맑음,교차로 - 교차로안,승용,남,28세,경상,승용,남,62세,경상
2022092300100067,2022년 9월 23일 07시,금요일,전라북도 군산시 내흥동,경상사고,0,0,1,0,차대차 - 추돌,안전운전불이행,건조,맑음,교차로 - 교차로부근,승용,여,47세,상해없음,승용,여,65세,경상
2022092300100098,2022년 9월 23일 08시,금요일,전라북도 고창군 무장면,경상사고,0,0,1,0,차대차 - 측면충돌,신호위반,건조,맑음,교차로 - 교차로횡단보도내,승용,남,21세,상해없음,승용,여,34세,경상
2022092300100135,2022년 9월 23일 09시,금요일,전라북도 전주시 완산구 효자동1가,경상사고,0,0,2,0,차대차 - 정면충돌,신호위반,건조,맑음,교차로 - 교차로안,승용,남,66세,상해없음,승용,여,73세,경상
2022092300100169,2022년 9월 23일 10시,금요일,전라북도 정읍시 신월동,사망사고,1,0,1,0,차대차 - 추돌,안전운전불이행,건조,맑음,단일로 - 터널,승용,남,40세,경상,화물,남,69세,사망
2022092300100208,2022년 9월 23일 11시,금요일,전라북도 김제시 공덕면,경상사고,0,0,1,0,차대차 - 측면충돌,신호위반,건조,맑음,단일로 - 기타,승용,남,51세,상해없음,승용,여,42세,경상
2022092300100279,2022년 9월 23일 13시,금요일,전라북도 부안군 부안읍,경상사고,0,0,1,0,차대차 - 측면충돌,교차로운행방법위반,건조,맑음,교차로 - 교차로부근,자전거,남,77세,경상,이륜,남,21세,상해없음
2022092300100322,2022년 9월 23일 14시,금요일,전라북도 군산시 경암동,경상사고,0,0,1,0,차대차 - 측면충돌,안전거리미확보,건조,맑음,단일로 - 기타,승용,남,26세,상해없음,화물,남,46세,경상
2022092300100323,2022년 9월 23일 14시,금요일,전라북도 임실군 관촌면,경상사고,0,0,2,0,차대차 - 측면충돌,안전운전불이행,건조,맑음,단일로 - 지하차도(도로)내,화물,남,79세,상해없음,화물,남,44세,경상
2022092300100404,2022년 9월 23일 16시,금요일,전라북도 전주시 완산구 평화동2가,중상사고,0,1,0,0,차대사람 - 횡단중,보행자보호의무위반,건조,맑음,교차로 - 교차로횡단보도내,화물,남,69세,상해없음,보행자,남,75세,중상
2022092300100405,2022년 9월 23일 16시,금요일,전라북도 전주시 완산구 삼천동1가,경상사고,0,0,2,0,차대차 - 측면충돌,중앙선침범,건조,맑음,교차로 - 교차로부근,승용,남,51세,상해없음,승용,남,33세,경상
2022092300100406,2022년 9월 23일 16시,금요일,전라북도 익산시 남중동,경상사고,0,0,1,0,차대사람 - 차도통행중,안전운전불이행,건조,맑음,단일로 - 기타,승용,남,80세,상해없음,보행자,남,49세,경상
2022092300100407,2022년 9월 23일 16시,금요일,전라북도 정읍시 시기동,경상사고,0,0,3,0,차대차 - 측면충돌,중앙선침범,건조,맑음,단일로 - 기타,승용,남,55세,경상,승용,여,37세,경상
2022092300100461,2022년 9월 23일 17시,금요일,전라북도 전주시 덕진구 덕진동1가,경상사고,0,0,1,0,차대차 - 기타,안전운전불이행,건조,맑음,교차로 - 교차로안,승용,여,63세,상해없음,승용,남,46세,경상
2022092300100462,2022년 9월 23일 17시,금요일,전라북도 군산시 서흥남동,경상사고,0,0,1,0,차대차 - 측면충돌,안전운전불이행,건조,맑음,교차로 - 교차로안,승용,여,62세,상해없음,승용,여,43세,경상
2022092300100507,2022년 9월 23일 18시,금요일,전라북도 전주시 덕진구 진북동,중상사고,0,1,0,0,차대차 - 측면충돌,안전운전불이행,건조,맑음,교차로 - 교차로안,승용,남,69세,상해없음,승용,남,73세,중상
2022092300100567,2022년 9월 23일 19시,금요일,전라북도 순창군 적성면,중상사고,0,1,0,0,차대사람 - 보도통행중,보행자보호의무위반,건조,맑음,교차로 - 교차로횡단보도내,승용,남,93세,상해없음,보행자,여,74세,중상
2022092300100598,2022년 9월 23일 20시,금요일,전라북도 군산시 나운동,경상사고,0,0,1,0,차대차 - 후진중충돌,안전운전불이행,건조,맑음,단일로 - 기타,승용,남,47세,상해없음,승용,남,35세,경상
2022092300100651,2022년 9월 23일 22시,금요일,전라북도 전주시 완산구 효자동2가,경상사고,0,0,3,0,차대차 - 측면충돌,신호위반,건조,맑음,교차로 - 교차로안,승용,남,68세,상해없음,승용,여,43세,경상
2022092300100652,2022년 9월 23일 22시,금요일,전라북도 전주시 덕진구 금암동,중상사고,0,1,1,0,차대차 - 측면충돌,안전운전불이행,건조,맑음,단일로 - 기타,화물,기타불명,미분류,기타불명,승용,여,55세,중상
2022092300100674,2022년 9월 23일 23시,금요일,전라북도 전주시 완산구 효자동3가,경상사고,0,0,2,0,차대차 - 기타,신호위반,건조,맑음,교차로 - 교차로안,승용,남,53세,상해없음,승용,남,23세,경상
2022092400100021,2022년 9월 24일 01시,토요일,전라북도 군산시 수송동,경상사고,0,0,1,0,차대사람 - 횡단중,신호위반,건조,맑음,교차로 - 교차로안,승용,남,27세,상해없음,보행자,남,22세,경상
2022092400100035,2022년 9월 24일 03시,토요일,전라북도 전주시 완산구 중화산동2가,경상사고,0,0,1,0,차대차 - 추돌,안전운전불이행,건조,맑음,교차로 - 교차로부근,승용,여,44세,상해없음,승용,남,23세,경상
2022092400100063,2022년 9월 24일 06시,토요일,전라북도 정읍시 연지동,경상사고,0,0,4,0,차대차 - 후진중충돌,안전운전불이행,건조,맑음,기타 - 기타,화물,남,72세,경상,승용,여,61세,경상
2022092400100094,2022년 9월 24일 08시,토요일,전라북도 전주시 완산구 서서학동,중상사고,0,1,0,0,차대사람 - 횡단중,보행자보호의무위반,건조,맑음,기타 - 기타,이륜,남,68세,상해없음,보행자,여,71세,중상
2022092400100122,2022년 9월 24일 09시,토요일,전라북도 남원시 대산면,경상사고,0,0,1,0,차대사람 - 기타,안전운전불이행,건조,맑음,단일로 - 기타,승용,여,44세,상해없음,보행자,여,69세,경상
2022092400100199,2022년 9월 24일 11시,토요일,전라북도 군산시 해망동,경상사고,0,0,1,0,차대차 - 측면충돌,안전운전불이행,건조,맑음,단일로 - 지하차도(도로)내,이륜,남,66세,경상,승용,남,37세,상해없음
2022092400100241,2022년 9월 24일 12시,토요일,전라북도 전주시 덕진구 송천동1가,사망사고,1,0,0,0,차대사람 - 기타,안전운전불이행,건조,맑음,교차로 - 교차로부근,승용,여,47세,상해없음,보행자,여,78세,사망
2022092400100242,2022년 9월 24일 12시,토요일,전라북도 전주시 덕진구 인후동1가,경상사고,0,0,1,0,차대차 - 측면충돌,직진우회전진행방해,건조,맑음,교차로 - 교차로안,승용,여,57세,상해없음,승용,남,31세,경상
2022092400100243,2022년 9월 24일 12시,토요일,전라북도 군산시 경암동,경상사고,0,0,1,0,차대차 - 추돌,안전운전불이행,건조,맑음,단일로 - 지하차도(도로)내,승용,남,39세,상해없음,승용,여,33세,경상
2022092400100302,2022년 9월 24일 13시,토요일,전라북도 전주시 덕진구 팔복동3가,경상사고,0,0,2,0,차대차 - 측면충돌,불법유턴,건조,맑음,교차로 - 교차로부근,승용,여,57세,상해없음,승용,남,51세,경상
2022092400100347,2022년 9월 24일 14시,토요일,전라북도 고창군 심원면,경상사고,0,0,3,0,차대차 - 측면충돌,직진우회전진행방해,건조,맑음,교차로 - 교차로부근,승용,여,53세,상해없음,화물,남,33세,경상
2022092400100348,2022년 9월 24일 14시,토요일,전라북도 진안군 진안읍,경상사고,0,0,1,0,차량단독 - 공작물충돌,안전운전불이행,건조,맑음,기타 - 기타,승용,남,53세,경상,,,,
2022092400100462,2022년 9월 24일 17시,토요일,전라북도 남원시 산내면,중상사고,0,1,1,0,차대차 - 정면충돌,중앙선침범,건조,맑음,단일로 - 기타,화물,남,65세,경상,승합,남,56세,상해없음
2022092400100463,2022년 9월 24일 17시,토요일,전라북도 부안군 행안면,중상사고,0,1,0,0,차대사람 - 차도통행중,안전운전불이행,건조,맑음,단일로 - 지하차도(도로)내,승용,여,58세,상해없음,보행자,여,69세,중상
2022092500100012,2022년 9월 25일 00시,일요일,전라북도 군산시 미장동,경상사고,0,0,2,0,차대차 - 측면충돌,신호위반,건조,맑음,교차로 - 교차로안,승용,남,25세,상해없음,승용,남,50세,경상
2022092500100022,2022년 9월 25일 01시,일요일,전라북도 익산시 부송동,경상사고,0,0,1,0,차대차 - 측면충돌,신호위반,건조,맑음,교차로 - 교차로안,화물,남,52세,상해없음,승용,남,35세,경상
2022092500100042,2022년 9월 25일 03시,일요일,전라북도 군산시 수송동,경상사고,0,0,1,0,차대차 - 추돌,안전운전불이행,건조,맑음,단일로 - 지하차도(도로)내,승용,남,19세,상해없음,승용,남,66세,경상
2022092500100080,2022년 9월 25일 08시,일요일,전라북도 전주시 완산구 효자동3가,경상사고,0,0,1,0,차대차 - 측면충돌,안전운전불이행,건조,맑음,단일로 - 기타,승용,남,74세,상해없음,승용,남,42세,경상
2022092500100160,2022년 9월 25일 12시,일요일,전라북도 익산시 웅포면,중상사고,0,1,1,0,차대차 - 기타,안전운전불이행,건조,맑음,단일로 - 기타,자전거,남,9세,경상,자전거,남,61세,중상
2022092500100161,2022년 9월 25일 12시,일요일,전라북도 김제시 백구면,중상사고,0,2,0,0,차대차 - 추돌,안전거리미확보,건조,맑음,교차로 - 교차로부근,승용,남,62세,상해없음,승용,남,69세,중상
2022092500100220,2022년 9월 25일 14시,일요일,전라북도 익산시 인화동1가,경상사고,0,0,1,0,차대차 - 기타,교차로운행방법위반,건조,맑음,교차로 - 교차로안,승용,남,69세,상해없음,자전거,남,74세,경상
2022092500100260,2022년 9월 25일 15시,일요일,전라북도 익산시 춘포면,중상사고,0,1,1,0,차대차 - 기타,안전운전불이행,건조,맑음,교차로 - 교차로부근,자전거,남,53세,상해없음,이륜,남,82세,중상
2022092500100282,2022년 9월 25일 16시,일요일,전라북도 군산시 소룡동,경상사고,0,0,1,0,차대사람 - 기타,안전운전불이행,건조,맑음,주차장 - 주차장,승용,남,61세,상해없음,보행자,여,71세,경상
2022092500100283,2022년 9월 25일 16시,일요일,전라북도 완주군 이서면,경상사고,0,0,3,0,차대차 - 추돌,차로위반,건조,맑음,단일로 - 기타,승합,남,47세,상해없음,승용,남,42세,경상
2022092500100339,2022년 9월 25일 18시,일요일,전라북도 전주시 완산구 동서학동,중상사고,0,1,0,0,차대차 - 측면충돌,중앙선침범,건조,맑음,교차로 - 교차로부근,승합,남,49세,상해없음,이륜,남,17세,중상
2022092500100340,2022년 9월 25일 18시,일요일,전라북도 군산시 나운동,중상사고,0,1,0,0,차대차 - 측면충돌,안전운전불이행,건조,맑음,교차로 - 교차로안,승용,남,69세,상해없음,이륜,남,21세,중상
2022092500100382,2022년 9월 25일 19시,일요일,전라북도 남원시 월락동,중상사고,0,1,0,0,차대차 - 측면충돌,안전운전불이행,건조,맑음,교차로 - 교차로안,이륜,남,60세,상해없음,자전거,남,11세,중상
2022092500100413,2022년 9월 25일 20시,일요일,전라북도 전주시 덕진구 인후동2가,경상사고,0,0,1,0,차대차 - 측면충돌,안전운전불이행,건조,맑음,교차로 - 교차로횡단보도내,승용,여,54세,상해없음,자전거,여,22세,경상
2022092500100455,2022년 9월 25일 22시,일요일,전라북도 전주시 덕진구 인후동2가,경상사고,0,0,1,0,차대차 - 측면충돌,중앙선침범,건조,맑음,교차로 - 교차로부근,승용,여,18세,상해없음,승용,남,25세,경상
2022092600100006,2022년 9월 26일 00시,월요일,전라북도 정읍시 금붕동,중상사고,0,4,0,0,차량단독 - 공작물충돌,기타,건조,맑음,단일로 - 기타,승용,남,25세,상해없음,,,,
2022092600100064,2022년 9월 26일 07시,월요일,전라북도 전주시 덕진구 장동,경상사고,0,0,1,0,차대차 - 측면충돌,신호위반,건조,맑음,교차로 - 교차로안,승용,여,40세,상해없음,승용,남,36세,경상
2022092600100065,2022년 9월 26일 07시,월요일,전라북도 익산시 부송동,경상사고,0,0,1,0,차대차 - 추돌,차로위반,건조,맑음,단일로 - 기타,승용,여,69세,상해없음,승용,남,43세,경상
2022092600100066,2022년 9월 26일 07시,월요일,전라북도 김제시 부량면,사망사고,1,0,0,0,차대차 - 정면충돌,중앙선침범,건조,기타,단일로 - 기타,자전거,여,73세,사망,화물,여,56세,상해없음
2022092600100109,2022년 9월 26일 08시,월요일,전라북도 익산시 신동,경상사고,0,0,3,0,차대차 - 측면충돌,안전운전불이행,건조,맑음,교차로 - 교차로부근,승용,여,54세,경상,승용,남,36세,경상
2022092600100110,2022년 9월 26일 08시,월요일,전라북도 익산시 함열읍,중상사고,0,1,0,0,차대사람 - 횡단중,안전운전불이행,건조,맑음,단일로 - 기타,승용,여,47세,상해없음,보행자,여,81세,중상
2022092600100158,2022년 9월 26일 09시,월요일,전라북도 전주시 덕진구 산정동,경상사고,0,0,1,0,차대차 - 후진중충돌,안전운전불이행,건조,맑음,단일로 - 기타,승용,남,61세,상해없음,기타불명,여,76세,경상
2022092600100159,2022년 9월 26일 09시,월요일,전라북도 익산시 용동면,경상사고,0,0,2,0,차대차 - 측면충돌,직진우회전진행방해,건조,맑음,교차로 - 교차로안,화물,남,79세,상해없음,승용,남,64세,경상
2022092600100160,2022년 9월 26일 09시,월요일,전라북도 익산시 신용동,경상사고,0,0,2,0,차대차 - 추돌,안전운전불이행,건조,맑음,교차로 - 교차로부근,승용,여,60세,상해없음,승용,남,50세,경상
2022092600100220,2022년 9월 26일 11시,월요일,전라북도 군산시 오식도동,경상사고,0,0,2,0,차대차 - 측면충돌,기타,건조,맑음,교차로 - 교차로안,승용,여,48세,경상,승용,남,35세,경상
2022092600100278,2022년 9월 26일 13시,월요일,전라북도 군산시 해망동,경상사고,0,0,2,0,차대차 - 추돌,안전운전불이행,건조,맑음,단일로 - 기타,특수,남,41세,상해없음,승용,여,50세,경상
2022092600100279,2022년 9월 26일 13시,월요일,전라북도 익산시 인화동2가,경상사고,0,0,1,0,차대차 - 기타,직진우회전진행방해,건조,맑음,교차로 - 교차로안,승용,남,57세,상해없음,이륜,남,17세,경상
2022092600100417,2022년 9월 26일 17시,월요일,전라북도 전주시 덕진구 송천동2가,경상사고,0,0,2,0,차대사람 - 횡단중,신호위반,건조,맑음,교차로 - 교차로횡단보도내,개인형이동수단(PM),남,16세,상해없음,보행자,여,67세,경상
2022092600100459,2022년 9월 26일 18시,월요일,전라북도 군산시 나운동,경상사고,0,0,1,0,차대차 - 측면충돌,안전운전불이행,건조,맑음,교차로 - 교차로부근,승용,여,51세,상해없음,승용,남,63세,경상
2022092600100460,2022년 9월 26일 18시,월요일,전라북도 부안군 부안읍,중상사고,0,1,1,0,차대차 - 정면충돌,직진우회전진행방해,건조,맑음,교차로 - 교차로안,화물,남,65세,상해없음,승용,여,44세,경상
2022092600100539,2022년 9월 26일 20시,월요일,전라북도 군산시 나운동,경상사고,0,0,1,0,차대차 - 추돌,안전거리미확보,건조,맑음,교차로 - 교차로부근,이륜,남,39세,경상,승용,남,34세,상해없음
2022092600100540,2022년 9월 26일 20시,월요일,전라북도 익산시 모현동1가,경상사고,0,0,1,1,차대차 - 기타,교차로운행방법위반,건조,맑음,교차로 - 교차로안,이륜,남,34세,부상신고,승용,남,58세,경상
2022092600100563,2022년 9월 26일 21시,월요일,전라북도 전주시 완산구 평화동2가,중상사고,0,1,0,0,차대사람 - 차도통행중,안전운전불이행,건조,맑음,교차로 - 교차로안,승용,여,23세,상해없음,보행자,남,64세,중상
2022092600100564,2022년 9월 26일 21시,월요일,전라북도 군산시 수송동,경상사고,0,0,2,0,차대차 - 추돌,안전운전불이행,건조,맑음,교차로 - 교차로부근,승용,여,48세,상해없음,승용,여,28세,경상
2022092700100004,2022년 9월 27일 00시,화요일,전라북도 전주시 완산구 중화산동2가,경상사고,0,0,1,0,차대차 - 기타,안전운전불이행,건조,맑음,교차로 - 교차로부근,승용,남,37세,상해없음,승용,남,67세,경상
2022092700100143,2022년 9월 27일 09시,화요일,전라북도 남원시 동충동,경상사고,0,0,1,0,차대차 - 측면충돌,직진우회전진행방해,건조,맑음,교차로 - 교차로안,이륜,남,42세,경상,특수,남,36세,상해없음
2022092700100172,2022년 9월 27일 10시,화요일,전라북도 전주시 완산구 남노송동,중상사고,0,1,3,0,차대차 - 기타,안전거리미확보,건조,맑음,단일로 - 기타,이륜,남,32세,중상,승용,남,24세,경상
2022092700100236,2022년 9월 27일 12시,화요일,전라북도 전주시 완산구 효자동3가,경상사고,0,0,1,0,차대차 - 기타,안전운전불이행,건조,맑음,주차장 - 주차장,승용,여,57세,상해없음,승용,남,37세,경상
2022092700100237,2022년 9월 27일 12시,화요일,전라북도 정읍시 신태인읍,경상사고,0,0,1,0,차대차 - 정면충돌,직진우회전진행방해,건조,맑음,교차로 - 교차로안,승용,남,84세,상해없음,자전거,남,82세,경상
2022092700100260,2022년 9월 27일 13시,화요일,전라북도 전주시 완산구 중화산동2가,경상사고,0,0,1,0,차대사람 - 횡단중,보행자보호의무위반,건조,맑음,교차로 - 교차로횡단보도내,승용,여,50세,상해없음,보행자,남,68세,경상