사고번호,사고일시,요일,시군구,사고내용,사망자수,중상자수,경상자수,부상신고자수,사고유형,법규위반,노면상태,기상상태,도로형태,가해운전자 차종,가해운전자 성별,가해운전자 연령,가해운전자 상해정도,피해운전자 차종,피해운전자 성별,피해운전자 연령,피해운전자 상해정도
2022100400100193,2022년 10월 4일 11시,화요일,전라북도 전주시 완산구 삼천동3가,경상사고,0,0,2,0,차대차 - 추돌,안전운전불이행,건조,맑음,단일로 - 기타,승용,남,69세,상해없음,승용,여,55세,경상
2022100400100194,2022년 10월 4일 11시,화요일,전라북도 익산시 어양동,경상사고,0,0,2,0,차대차 - 측면충돌,안전운전불이행,건조,맑음,단일로 - 기타,승용,남,80세,상해없음,승용,여,55세,경상
2022100400100288,2022년 10월 4일 14시,화요일,전라북도 전주시 덕진구 진북동,중상사고,0,1,1,0,차대사람 - 차도통행중,안전운전불이행,건조,맑음,단일로 - 기타,승합,남,60세,상해없음,보행자,남,80세,중상
2022100400100289,2022년 10월 4일 14시,화요일,전라북도 장수군 번암면,경상사고,0,0,1,0,차대사람 - 기타,안전운전불이행,건조,맑음,단일로 - 기타,승용,여,68세,상해없음,보행자,남,68세,경상
2022100400100336,2022년 10월 4일 15시,화요일,전라북도 정읍시 수성동,경상사고,0,0,1,0,차대사람 - 횡단중,중앙선침범,건조,맑음,기타 - 기타,개인형이동수단(PM),남,13세,상해없음,보행자,여,74세,경상
2022100400100370,2022년 10월 4일 16시,화요일,전라북도 익산시 낭산면,중상사고,0,2,2,0,차대차 - 정면충돌,안전운전불이행,건조,맑음,교차로 - 교차로안,화물,남,57세,상해없음,승합,남,42세,경상
2022100400100439,2022년 10월 4일 18시,화요일,전라북도 군산시 오식도동,경상사고,0,0,1,2,차대차 - 추돌,안전운전불이행,건조,맑음,교차로 - 교차로부근,승용,남,44세,상해없음,승용,남,39세,부상신고
2022100400100498,2022년 10월 4일 20시,화요일,전라북도 정읍시 상동,경상사고,0,0,1,0,차대차 - 측면충돌,불법유턴,건조,맑음,교차로 - 교차로안,승용,남,27세,상해없음,화물,남,26세,경상
2022100400100531,2022년 10월 4일 21시,화요일,전라북도 익산시 신동,경상사고,0,0,1,0,차대사람 - 기타,안전운전불이행,건조,맑음,단일로 - 기타,개인형이동수단(PM),남,25세,상해없음,보행자,여,19세,경상
2022100400100532,2022년 10월 4일 21시,화요일,전라북도 무주군 적상면,경상사고,0,0,1,0,차대차 - 정면충돌,중앙선침범,건조,흐림,단일로 - 지하차도(도로)내,승용,남,67세,상해없음,승용,남,52세,경상
2022100400100566,2022년 10월 4일 23시,화요일,전라북도 익산시 인화동1가,중상사고,0,1,0,0,차량단독 - 기타,기타,건조,맑음,단일로 - 기타,승용,남,64세,상해없음,,,,
2022100500100016,2022년 10월 5일 01시,수요일,전라북도 군산시 금광동,경상사고,0,0,1,0,차량단독 - 기타,안전운전불이행,건조,맑음,단일로 - 기타,개인형이동수단(PM),남,27세,경상,,,,
2022100500100050,2022년 10월 5일 06시,수요일,전라북도 군산시 소룡동,사망사고,1,0,0,0,차대사람 - 횡단중,기타,건조,맑음,단일로 - 기타,승용,남,45세,상해없음,보행자,여,73세,사망
2022100500100051,2022년 10월 5일 06시,수요일,전라북도 정읍시 교암동,중상사고,0,2,0,0,차대사람 - 차도통행중,안전운전불이행,건조,맑음,단일로 - 기타,승용,남,58세,상해없음,보행자,여,65세,중상
2022100500100073,2022년 10월 5일 07시,수요일,전라북도 익산시 남중동,경상사고,0,0,1,0,차대차 - 추돌,안전운전불이행,건조,맑음,교차로 - 교차로안,승용,여,52세,상해없음,승용,남,49세,상해없음
2022100500100102,2022년 10월 5일 08시,수요일,전라북도 전주시 완산구 고사동,경상사고,0,0,3,0,차대차 - 기타,안전운전불이행,건조,맑음,단일로 - 기타,승용,남,39세,경상,승용,남,31세,경상
2022100500100103,2022년 10월 5일 08시,수요일,전라북도 정읍시 상동,중상사고,0,1,0,0,차대차 - 측면충돌,중앙선침범,건조,맑음,단일로 - 기타,승용,남,69세,상해없음,자전거,남,75세,중상
2022100500100224,2022년 10월 5일 12시,수요일,전라북도 전주시 완산구 풍남동3가,경상사고,0,0,1,0,차대차 - 기타,안전운전불이행,건조,맑음,교차로 - 교차로횡단보도내,화물,남,41세,상해없음,자전거,남,58세,경상
2022100500100225,2022년 10월 5일 12시,수요일,전라북도 군산시 개정면,경상사고,0,0,2,0,차대차 - 측면충돌,안전거리미확보,건조,맑음,단일로 - 기타,화물,남,46세,상해없음,승용,남,70세,경상
2022100500100226,2022년 10월 5일 12시,수요일,전라북도 정읍시 덕천면,중상사고,0,1,3,0,차대차 - 측면충돌,신호위반,건조,맑음,교차로 - 교차로안,화물,남,64세,중상,승합,남,37세,경상
2022100500100227,2022년 10월 5일 12시,수요일,전라북도 남원시 어현동,경상사고,0,0,1,0,차대차 - 측면충돌,안전운전불이행,건조,맑음,교차로 - 교차로안,화물,남,84세,상해없음,승용,남,22세,경상
2022100500100253,2022년 10월 5일 13시,수요일,전라북도 남원시 주생면,중상사고,0,1,2,0,차대차 - 정면충돌,중앙선침범,건조,맑음,단일로 - 기타,승용,남,78세,경상,건설기계,남,50세,경상
2022100500100254,2022년 10월 5일 13시,수요일,전라북도 남원시 운봉읍,중상사고,0,1,3,0,차대차 - 정면충돌,중앙선침범,건조,맑음,단일로 - 기타,승용,여,58세,중상,승용,남,34세,경상
2022100500100334,2022년 10월 5일 15시,수요일,전라북도 남원시 주천면,경상사고,0,0,1,0,차량단독 - 도로외이탈 - 추락,안전운전불이행,건조,맑음,단일로 - 기타,화물,남,71세,경상,,,,
2022100500100335,2022년 10월 5일 15시,수요일,전라북도 남원시 금지면,중상사고,0,1,0,0,차대차 - 측면충돌,직진우회전진행방해,건조,맑음,교차로 - 교차로안,화물,남,65세,상해없음,이륜,남,57세,중상
2022100500100336,2022년 10월 5일 15시,수요일,전라북도 고창군 흥덕면,경상사고,0,0,2,0,차대차 - 추돌,교차로운행방법위반,건조,맑음,교차로 - 교차로부근,화물,남,51세,상해없음,승용,남,26세,경상
2022100500100370,2022년 10월 5일 16시,수요일,전라북도 익산시 팔봉동,중상사고,0,1,6,0,차대차 - 측면충돌,안전운전불이행,건조,맑음,교차로 - 교차로안,승합,남,54세,상해없음,승용,남,57세,상해없음
2022100500100452,2022년 10월 5일 18시,수요일,전라북도 익산시 신흥동,경상사고,0,0,1,0,차대차 - 측면충돌,안전운전불이행,건조,맑음,단일로 - 기타,승용,남,53세,상해없음,자전거,남,24세,경상
2022100500100508,2022년 10월 5일 19시,수요일,전라북도 전주시 완산구 평화동2가,중상사고,0,1,0,0,차대사람 - 횡단중,안전운전불이행,건조,맑음,교차로 - 교차로안,승용,여,27세,상해없음,보행자,여,56세,중상
2022100500100586,2022년 10월 5일 22시,수요일,전라북도 전주시 덕진구 진북동,중상사고,0,1,0,0,차대차 - 기타,안전운전불이행,건조,맑음,교차로 - 교차로안,이륜,남,20세,상해없음,자전거,남,43세,중상
2022100500100600,2022년 10월 5일 23시,수요일,전라북도 전주시 완산구 효자동3가,경상사고,0,0,1,0,차대차 - 측면충돌,안전운전불이행,건조,맑음,교차로 - 교차로안,원동기,여,24세,상해없음,승용,남,22세,경상
2022100600100029,2022년 10월 6일 05시,목요일,전라북도 무주군 안성면,사망사고,1,1,0,0,차대차 - 추돌,안전운전불이행,건조,맑음,단일로 - 기타,승용,남,62세,상해없음,화물,남,56세,사망
2022100600100041,2022년 10월 6일 06시,목요일,전라북도 전주시 덕진구 덕진동2가,경상사고,0,0,1,0,차대차 - 측면충돌,신호위반,건조,맑음,교차로 - 교차로안,승용,남,56세,상해없음,승용,여,71세,경상
2022100600100062,2022년 10월 6일 07시,목요일,전라북도 익산시 금마면,부상신고사고,0,0,0,1,차대차 - 측면충돌,신호위반,건조,맑음,교차로 - 교차로안,개인형이동수단(PM),남,83세,부상신고,화물,남,73세,상해없음
2022100600100098,2022년 10월 6일 08시,목요일,전라북도 전주시 완산구 서신동,중상사고,0,1,0,0,차대사람 - 횡단중,신호위반,건조,맑음,교차로 - 교차로횡단보도내,화물,남,71세,상해없음,보행자,남,21세,중상
2022100600100099,2022년 10월 6일 08시,목요일,전라북도 익산시 신동,경상사고,0,0,1,0,차대차 - 측면충돌,차로위반,건조,맑음,단일로 - 기타,승용,여,53세,상해없음,승용,남,70세,경상
2022100600100141,2022년 10월 6일 09시,목요일,전라북도 군산시 중동,경상사고,0,0,1,0,차대차 - 측면충돌,안전운전불이행,건조,맑음,단일로 - 지하차도(도로)내,승용,남,76세,상해없음,승용,남,76세,경상
2022100600100142,2022년 10월 6일 09시,목요일,전라북도 정읍시 덕천면,경상사고,0,0,2,0,차대차 - 측면충돌,기타,건조,맑음,교차로 - 교차로안,화물,여,50세,경상,화물,남,64세,경상
2022100600100143,2022년 10월 6일 09시,목요일,전라북도 정읍시 농소동,경상사고,0,0,2,0,차대차 - 측면충돌,차로위반,건조,맑음,교차로 - 교차로부근,승용,남,68세,경상,승용,여,44세,경상
2022100600100170,2022년 10월 6일 10시,목요일,전라북도 부안군 줄포면,중상사고,0,1,0,0,차대사람 - 차도통행중,안전운전불이행,건조,맑음,단일로 - 지하차도(도로)내,화물,남,69세,상해없음,보행자,여,79세,중상
2022100600100206,2022년 10월 6일 11시,목요일,전라북도 군산시 수송동,경상사고,0,0,2,0,차대차 - 추돌,안전운전불이행,건조,맑음,단일로 - 지하차도(도로)내,승용,여,64세,상해없음,승용,남,35세,경상
2022100600100320,2022년 10월 6일 15시,목요일,전라북도 남원시 월락동,중상사고,0,3,0,0,차대차 - 정면충돌,신호위반,건조,맑음,교차로 - 교차로안,승용,남,41세,상해없음,승용,여,21세,중상
2022100600100321,2022년 10월 6일 15시,목요일,전라북도 남원시 이백면,경상사고,0,0,2,0,차대차 - 정면충돌,중앙선침범,건조,맑음,단일로 - 기타,승용,여,59세,경상,승용,남,72세,경상
2022100600100400,2022년 10월 6일 17시,목요일,전라북도 전주시 덕진구 팔복동2가,경상사고,0,0,1,0,차대차 - 기타,안전운전불이행,건조,맑음,교차로 - 교차로안,승용,남,50세,상해없음,승용,여,49세,경상
2022100600100401,2022년 10월 6일 17시,목요일,전라북도 군산시 문화동,경상사고,0,0,2,0,차대사람 - 기타,안전운전불이행,건조,맑음,단일로 - 지하차도(도로)내,승용,남,29세,상해없음,보행자,여,8세,경상
2022100600100444,2022년 10월 6일 18시,목요일,전라북도 전주시 완산구 효자동3가,경상사고,0,0,1,0,차대차 - 측면충돌,안전운전불이행,건조,맑음,교차로 - 교차로횡단보도내,승용,여,46세,기타불명,개인형이동수단(PM),남,26세,경상
2022100700100059,2022년 10월 7일 06시,금요일,전라북도 남원시 노암동,중상사고,0,1,0,0,차대차 - 측면충돌,직진우회전진행방해,건조,맑음,교차로 - 교차로안,승용,남,62세,상해없음,이륜,남,54세,중상
2022100700100129,2022년 10월 7일 08시,금요일,전라북도 순창군 순창읍,경상사고,0,0,1,0,차대차 - 측면충돌,신호위반,건조,맑음,교차로 - 교차로안,화물,남,57세,상해없음,승용,남,58세,경상
2022100700100178,2022년 10월 7일 09시,금요일,전라북도 완주군 삼례읍,중상사고,0,2,0,0,차대차 - 정면충돌,신호위반,건조,맑음,교차로 - 교차로안,화물,남,45세,상해없음,승용,여,53세,중상
2022100700100273,2022년 10월 7일 12시,금요일,전라북도 익산시 신흥동,경상사고,0,0,2,0,차대차 - 측면충돌,교차로운행방법위반,건조,맑음,교차로 - 교차로안,승용,남,62세,상해없음,승용,여,63세,경상
2022100700100274,2022년 10월 7일 12시,금요일,전라북도 정읍시 시기동,경상사고,0,0,2,0,차대차 - 측면충돌,안전거리미확보,건조,맑음,교차로 - 교차로안,화물,남,71세,상해없음,승용,남,77세,경상
2022100700100320,2022년 10월 7일 13시,금요일,전라북도 군산시 미룡동,사망사고,1,0,0,0,차량단독 - 전도전복 - 전도,안전운전불이행,건조,맑음,단일로 - 기타,이륜,남,40세,사망,,,,
2022100700100361,2022년 10월 7일 14시,금요일,전라북도 군산시 서흥남동,경상사고,0,0,3,0,차대차 - 측면충돌,교차로운행방법위반,건조,맑음,교차로 - 교차로안,승용,남,65세,경상,승용,남,72세,경상
2022100700100362,2022년 10월 7일 14시,금요일,전라북도 장수군 장수읍,중상사고,0,1,0,0,차대사람 - 기타,안전운전불이행,건조,맑음,단일로 - 기타,화물,남,72세,상해없음,보행자,남,60세,중상
2022100700100396,2022년 10월 7일 15시,금요일,전라북도 군산시 해망동,경상사고,0,0,3,0,차대차 - 측면충돌,기타,건조,맑음,단일로 - 기타,화물,남,56세,경상,승용,남,55세,경상
2022100700100397,2022년 10월 7일 15시,금요일,전라북도 군산시 미원동,경상사고,0,0,2,0,차대차 - 측면충돌,교차로운행방법위반,건조,맑음,교차로 - 교차로안,승용,여,66세,경상,원동기,남,63세,경상
2022100700100430,2022년 10월 7일 16시,금요일,전라북도 군산시 오식도동,경상사고,0,0,3,0,차대차 - 정면충돌,신호위반,건조,맑음,교차로 - 교차로안,승용,남,36세,경상,승용,남,37세,경상
2022100700100431,2022년 10월 7일 16시,금요일,전라북도 남원시 금동,중상사고,0,1,0,0,차대사람 - 횡단중,안전운전불이행,건조,맑음,단일로 - 기타,승용,여,65세,상해없음,보행자,남,62세,중상
2022100700100523,2022년 10월 7일 18시,금요일,전라북도 완주군 이서면,경상사고,0,0,1,0,차대사람 - 횡단중,보행자보호의무위반,건조,맑음,교차로 - 교차로횡단보도내,승용,남,46세,상해없음,보행자,여,68세,경상
2022100700100583,2022년 10월 7일 19시,금요일,전라북도 정읍시 소성면,경상사고,0,0,2,0,차대차 - 측면충돌,신호위반,건조,맑음,교차로 - 교차로안,승용,여,37세,상해없음,승용,남,71세,경상
2022100700100584,2022년 10월 7일 19시,금요일,전라북도 정읍시 시기동,경상사고,0,0,2,0,차대차 - 측면충돌,안전운전불이행,건조,맑음,단일로 - 기타,승용,남,63세,상해없음,승용,남,29세,경상
2022100700100613,2022년 10월 7일 20시,금요일,전라북도 전주시 덕진구 덕진동1가,중상사고,0,1,0,0,차량단독 - 공작물충돌,안전운전불이행,건조,맑음,교차로 - 교차로부근,승용,남,75세,상해없음,,,,
2022100700100614,2022년 10월 7일 20시,금요일,전라북도 무주군 적상면,경상사고,0,0,1,0,차대차 - 추돌,안전운전불이행,건조,맑음,단일로 - 지하차도(도로)내,승용,남,40세,상해없음,승용,남,29세,경상
2022100700100680,2022년 10월 7일 22시,금요일,전라북도 익산시 부송동,경상사고,0,0,1,0,차대사람 - 횡단중,보행자보호의무위반,건조,맑음,교차로 - 교차로횡단보도내,승용,남,51세,상해없음,보행자,남,49세,경상
2022100800100056,2022년 10월 8일 04시,토요일,전라북도 군산시 나운동,경상사고,0,0,5,0,차대차 - 측면충돌,신호위반,건조,맑음,교차로 - 교차로안,화물,남,53세,상해없음,승용,남,67세,경상
2022100800100085,2022년 10월 8일 06시,토요일,전라북도 익산시 망성면,사망사고,1,0,0,0,차대사람 - 횡단중,보행자보호의무위반,건조,맑음,단일로 - 기타,화물,남,67세,상해없음,보행자,남,86세,사망
2022100800100140,2022년 10월 8일 09시,토요일,전라북도 전주시 완산구 태평동,중상사고,0,1,1,0,차대차 - 추돌,안전운전불이행,건조,맑음,교차로 - 교차로부근,승용,여,55세,상해없음,승용,여,52세,경상
2022100800100168,2022년 10월 8일 10시,토요일,전라북도 전주시 완산구 효자동1가,경상사고,0,0,5,0,차대차 - 추돌,안전운전불이행,건조,맑음,교차로 - 교차로부근,승용,남,50세,상해없음,승용,여,33세,경상
2022100800100169,2022년 10월 8일 10시,토요일,전라북도 완주군 봉동읍,중상사고,0,1,0,0,차대차 - 측면충돌,안전거리미확보,건조,맑음,교차로 - 교차로부근,승용,여,46세,상해없음,화물,남,53세,중상
2022100800100215,2022년 10월 8일 11시,토요일,전라북도 전주시 완산구 효자동2가,경상사고,0,0,3,0,차대차 - 측면충돌,신호위반,건조,맑음,교차로 - 교차로안,이륜,남,48세,상해없음,승용,여,42세,경상
2022100800100216,2022년 10월 8일 11시,토요일,전라북도 군산시 경장동,경상사고,0,0,2,0,차대차 - 측면충돌,직진우회전진행방해,건조,맑음,교차로 - 교차로안,승합,여,51세,상해없음,승용,남,61세,경상
2022100800100217,2022년 10월 8일 11시,토요일,전라북도 익산시 영등동,경상사고,0,0,1,0,차대차 - 추돌,안전운전불이행,건조,맑음,교차로 - 교차로부근,승용,남,63세,상해없음,승용,여,37세,경상
2022100800100264,2022년 10월 8일 12시,토요일,전라북도 전주시 완산구 평화동1가,경상사고,0,0,1,0,차대사람 - 보도통행중,안전운전불이행,건조,맑음,기타 - 기타,자전거,남,75세,상해없음,보행자,남,50세,경상
2022100800100310,2022년 10월 8일 13시,토요일,전라북도 임실군 관촌면,경상사고,0,0,1,0,차대차 - 측면충돌,안전거리미확보,건조,맑음,단일로 - 지하차도(도로)내,승용,남,61세,상해없음,승용,여,29세,경상
2022100800100345,2022년 10월 8일 14시,토요일,전라북도 전주시 완산구 삼천동1가,경상사고,0,0,1,0,차대차 - 측면충돌,안전운전불이행,건조,맑음,교차로 - 교차로안,승용,남,22세,상해없음,자전거,남,26세,경상
2022100800100377,2022년 10월 8일 15시,토요일,전라북도 완주군 용진읍,경상사고,0,0,2,0,차대차 - 추돌,안전운전불이행,건조,맑음,교차로 - 교차로부근,화물,남,55세,상해없음,승용,여,34세,경상
2022100800100417,2022년 10월 8일 16시,토요일,전라북도 군산시 옥도면,중상사고,0,1,0,0,차량단독 - 기타,안전운전불이행,건조,맑음,단일로 - 기타,자전거,남,44세,중상,,,,
2022100800100418,2022년 10월 8일 16시,토요일,전라북도 정읍시 수성동,부상신고사고,0,0,0,1,차대차 - 기타,안전거리미확보,건조,맑음,단일로 - 기타,승용,남,65세,상해없음,승용,남,49세,부상신고
2022100800100459,2022년 10월 8일 17시,토요일,전라북도 김제시 광활면,중상사고,0,1,0,0,차대차 - 추돌,안전운전불이행,건조,맑음,단일로 - 기타,이륜,남,92세,중상,원동기,여,72세,상해없음
2022100800100506,2022년 10월 8일 18시,토요일,전라북도 전주시 완산구 평화동1가,경상사고,0,0,1,0,차대차 - 측면충돌,안전운전불이행,건조,맑음,단일로 - 기타,승용,남,20세,상해없음,화물,여,42세,경상
2022100800100553,2022년 10월 8일 19시,토요일,전라북도 전주시 덕진구 우아동2가,사망사고,1,0,0,0,차대차 - 측면충돌,기타,건조,맑음,교차로 - 교차로안,승용,남,24세,상해없음,승용,남,69세,상해없음
2022100800100591,2022년 10월 8일 20시,토요일,전라북도 익산시 부송동,경상사고,0,0,1,0,차대차 - 후진중충돌,안전운전불이행,건조,맑음,단일로 - 기타,화물,남,66세,상해없음,개인형이동수단(PM),남,41세,경상
2022100800100618,2022년 10월 8일 21시,토요일,전라북도 전주시 완산구 효자동3가,경상사고,0,0,3,0,차대차 - 측면충돌,안전운전불이행,건조,맑음,교차로 - 교차로안,승용,남,21세,상해없음,화물,남,57세,경상
2022100900100035,2022년 10월 9일 02시,일요일,전라북도 전주시 완산구 효자동3가,경상사고,0,0,2,0,차대차 - 기타,신호위반,건조,맑음,교차로 - 교차로안,승용,남,64세,상해없음,승용,여,33세,경상
2022100900100047,2022년 10월 9일 04시,일요일,전라북도 군산시 오식도동,경상사고,0,0,4,0,차대차 - 측면충돌,신호위반,건조,맑음,교차로 - 교차로안,승용,여,32세,상해없음,승용,남,48세,경상
2022100900100114,2022년 10월 9일 10시,일요일,전라북도 군산시 나운동,경상사고,0,0,1,0,차대차 - 추돌,안전운전불이행,젖음/습기,흐림,단일로 - 기타,승용,여,36세,상해없음,승용,남,40세,경상
2022100900100167,2022년 10월 9일 12시,일요일,전라북도 김제시 금구면,중상사고,0,1,0,0,차대차 - 측면충돌,안전운전불이행,젖음/습기,비,교차로 - 교차로안,화물,남,29세,상해없음,이륜,남,72세,중상
2022100900100227,2022년 10월 9일 14시,일요일,전라북도 순창군 구림면,경상사고,0,0,1,0,차대사람 - 기타,안전운전불이행,젖음/습기,흐림,단일로 - 기타,승용,남,60세,상해없음,보행자,남,80세,경상
2022100900100305,2022년 10월 9일 17시,일요일,전라북도 부안군 보안면,사망사고,1,1,0,0,차대차 - 정면충돌,중앙선침범,젖음/습기,비,단일로 - 기타,승용,여,60세,사망,승용,여,56세,중상
2022100900100358,2022년 10월 9일 18시,일요일,전라북도 김제시 요촌동,경상사고,0,0,1,0,차대사람 - 횡단중,안전운전불이행,젖음/습기,비,단일로 - 기타,승용,여,70세,상해없음,보행자,여,78세,경상
2022100900100405,2022년 10월 9일 19시,일요일,전라북도 전주시 완산구 서서학동,경상사고,0,0,2,0,차대차 - 추돌,안전운전불이행,젖음/습기,비,단일로 - 기타,승용,남,58세,상해없음,화물,남,62세,경상
2022100900100406,2022년 10월 9일 19시,일요일,전라북도 전주시 덕진구 송천동1가,중상사고,0,1,0,0,차대사람 - 횡단중,안전거리미확보,젖음/습기,비,단일로 - 기타,이륜,남,37세,상해없음,보행자,여,51세,중상
2022100900100454,2022년 10월 9일 20시,일요일,전라북도 군산시 조촌동,중상사고,0,1,0,0,차대차 - 측면충돌,교차로운행방법위반,젖음/습기,비,교차로 - 교차로안,승용,남,55세,상해없음,이륜,남,20세,중상
2022100900100503,2022년 10월 9일 22시,일요일,전라북도 전주시 완산구 삼천동1가,경상사고,0,0,1,0,차대사람 - 횡단중,보행자보호의무위반,젖음/습기,흐림,교차로 - 교차로안,이륜,남,56세,상해없음,보행자,남,56세,경상
2022100900100504,2022년 10월 9일 22시,일요일,전라북도 전주시 완산구 서신동,경상사고,0,0,1,0,차대차 - 추돌,안전운전불이행,젖음/습기,흐림,교차로 - 교차로부근,승용,남,65세,상해없음,승용,남,31세,경상
2022101000100005,2022년 10월 10일 00시,월요일,전라북도 익산시 영등동,중상사고,0,1,0,0,차대사람 - 차도통행중,안전운전불이행,건조,맑음,주차장 - 주차장,승용,남,39세,상해없음,보행자,남,65세,중상
2022101000100079,2022년 10월 10일 09시,월요일,전라북도 군산시 금암동,경상사고,0,0,3,0,차대차 - 측면충돌,안전운전불이행,젖음/습기,흐림,교차로 - 교차로안,승용,남,50세,상해없음,승용,남,70세,경상
2022101000100080,2022년 10월 10일 09시,월요일,전라북도 남원시 송동면,중상사고,0,1,0,0,차대사람 - 차도통행중,안전운전불이행,젖음/습기,맑음,단일로 - 기타,화물,남,61세,상해없음,보행자,남,97세,중상
2022101000100102,2022년 10월 10일 10시,월요일,전라북도 김제시 신풍동,경상사고,0,0,1,0,차대차 - 측면충돌,중앙선침범,건조,맑음,단일로 - 기타,화물,남,75세,상해없음,화물,남,68세,경상
2022101000100120,2022년 10월 10일 11시,월요일,전라북도 김제시 오정동,경상사고,0,0,1,0,차대차 - 측면충돌,안전운전불이행,건조,맑음,단일로 - 기타,화물,남,40세,상해없음,농기계,남,65세,경상
2022101000100147,2022년 10월 10일 12시,월요일,전라북도 남원시 고죽동,경상사고,0,0,3,0,차대차 - 추돌,안전운전불이행,건조,맑음,교차로 - 교차로안,화물,남,60세,상해없음,승용,남,63세,경상
2022101000100215,2022년 10월 10일 14시,월요일,전라북도 군산시 중동,경상사고,0,0,1,0,차대차 - 측면충돌,안전운전불이행,젖음/습기,비,단일로 - 지하차도(도로)내,이륜,남,33세,경상,승용,남,72세,상해없음
2022101000100255,2022년 10월 10일 15시,월요일,전라북도 전주시 완산구 서신동,경상사고,0,0,4,0,차대차 - 측면충돌,신호위반,건조,맑음,교차로 - 교차로안,승용,여,46세,상해없음,승용,남,49세,경상
2022101000100256,2022년 10월 10일 15시,월요일,전라북도 전주시 덕진구 진북동,경상사고,0,0,1,0,차대사람 - 횡단중,보행자보호의무위반,젖음/습기,흐림,교차로 - 교차로횡단보도내,승용,남,41세,상해없음,보행자,여,68세,경상
2022101000100257,2022년 10월 10일 15시,월요일,전라북도 정읍시 산외면,경상사고,0,0,1,0,차대차 - 기타,신호위반,젖음/습기,비,교차로 - 교차로안,승용,여,68세,상해없음,승용,남,41세,경상
2022101000100332,2022년 10월 10일 17시,월요일,전라북도 익산시 영등동,경상사고,0,0,1,0,차대사람 - 횡단중,안전운전불이행,젖음/습기,비,단일로 - 기타,승용,여,64세,상해없음,보행자,남,14세,경상
2022101000100333,2022년 10월 10일 17시,월요일,전라북도 익산시 남중동,중상사고,0,1,0,0,차대사람 - 횡단중,신호위반,젖음/습기,흐림,단일로 - 기타,이륜,남,29세,상해없음,보행자,여,51세,중상
2022101000100334,2022년 10월 10일 17시,월요일,전라북도 익산시 신동,경상사고,0,0,1,0,차대차 - 측면충돌,차로위반,건조,맑음,단일로 - 기타,승용,남,63세,상해없음,승용,남,42세,경상
2022101000100335,2022년 10월 10일 17시,월요일,전라북도 무주군 설천면,중상사고,0,1,0,0,차대차 - 정면충돌,중앙선침범,젖음/습기,비,단일로 - 지하차도(도로)내,화물,남,59세,상해없음,승용,남,48세,중상
2022101000100364,2022년 10월 10일 18시,월요일,전라북도 전주시 완산구 효자동3가,경상사고,0,0,1,0,차대차 - 정면충돌,신호위반,젖음/습기,비,교차로 - 교차로안,승용,남,67세,상해없음,승용,남,28세,경상
2022101000100365,2022년 10월 10일 18시,월요일,전라북도 군산시 소룡동,중상사고,0,1,0,0,차대차 - 측면충돌,직진우회전진행방해,젖음/습기,비,교차로 - 교차로안,승용,남,28세,상해없음,승용,남,26세,중상
2022101000100366,2022년 10월 10일 18시,월요일,전라북도 정읍시 시기동,중상사고,0,1,0,0,차대사람 - 횡단중,안전운전불이행,젖음/습기,비,단일로 - 기타,화물,남,63세,상해없음,보행자,여,70세,중상
2022101000100367,2022년 10월 10일 18시,월요일,전라북도 정읍시 수성동,중상사고,0,1,0,0,차대사람 - 횡단중,보행자보호의무위반,건조,맑음,단일로 - 기타,승용,남,68세,상해없음,보행자,남,79세,중상
2022101000100444,2022년 10월 10일 21시,월요일,전라북도 전주시 완산구 평화동2가,중상사고,0,1,4,0,차대차 - 측면충돌,신호위반,젖음/습기,비,교차로 - 교차로안,화물,남,58세,상해없음,승용,남,37세,중상
2022101000100445,2022년 10월 10일 21시,월요일,전라북도 익산시 영등동,경상사고,0,0,1,0,차대차 - 측면충돌,신호위반,젖음/습기,흐림,교차로 - 교차로안,화물,남,51세,상해없음,승합,남,56세,경상
2022101100100003,2022년 10월 11일 00시,화요일,전라북도 익산시 부송동,경상사고,0,0,1,0,차대차 - 측면충돌,신호위반,건조,맑음,교차로 - 교차로안,승합,남,63세,상해없음,승용,여,56세,경상
2022101100100033,2022년 10월 11일 05시,화요일,전라북도 전주시 덕진구 덕진동1가,경상사고,0,0,1,0,차대차 - 기타,신호위반,건조,맑음,교차로 - 교차로안,승용,남,23세,상해없음,승용,여,46세,경상
2022101100100046,2022년 10월 11일 06시,화요일,전라북도 완주군 삼례읍,경상사고,0,0,2,0,차대차 - 측면충돌,신호위반,건조,맑음,단일로 - 기타,승용,남,56세,상해없음,승용,남,67세,경상
2022101100100076,2022년 10월 11일 07시,화요일,전라북도 전주시 덕진구 송천동2가,경상사고,0,0,2,2,차대차 - 추돌,안전운전불이행,건조,맑음,단일로 - 기타,승용,남,78세,상해없음,승용,여,54세,경상
2022101100100203,2022년 10월 11일 10시,화요일,전라북도 전주시 완산구 서신동,경상사고,0,0,1,0,차대차 - 후진중충돌,안전운전불이행,건조,맑음,교차로 - 교차로안,승용,여,68세,상해없음,승용,남,38세,경상
2022101100100204,2022년 10월 11일 10시,화요일,전라북도 익산시 정족동,중상사고,0,1,0,0,차대사람 - 기타,안전운전불이행,건조,맑음,교차로 - 교차로안,승용,남,72세,상해없음,보행자,여,81세,중상