사고번호,사고일시,요일,시군구,사고내용,사망자수,중상자수,경상자수,부상신고자수,사고유형,법규위반,노면상태,기상상태,도로형태,가해운전자 차종,가해운전자 성별,가해운전자 연령,가해운전자 상해정도,피해운전자 차종,피해운전자 성별,피해운전자 연령,피해운전자 상해정도
2022101700100451,2022년 10월 17일 16시,월요일,전라북도 전주시 완산구 삼천동3가,중상사고,0,1,1,0,차대차 - 정면충돌,신호위반,건조,맑음,교차로 - 교차로안,승용,남,73세,상해없음,승용,남,63세,경상
2022101700100452,2022년 10월 17일 16시,월요일,전라북도 익산시 인화동1가,경상사고,0,0,1,0,차대사람 - 횡단중,보행자보호의무위반,건조,맑음,교차로 - 교차로횡단보도내,승용,남,80세,상해없음,보행자,남,42세,경상
2022101700100453,2022년 10월 17일 16시,월요일,전라북도 익산시 황등면,경상사고,0,0,1,0,차대차 - 측면충돌,중앙선침범,건조,맑음,단일로 - 기타,승합,남,59세,상해없음,승용,여,45세,경상
2022101700100454,2022년 10월 17일 16시,월요일,전라북도 정읍시 북면,중상사고,0,1,0,0,차대차 - 기타,기타,건조,맑음,교차로 - 교차로안,화물,남,68세,상해없음,승용,여,57세,중상
2022101700100577,2022년 10월 17일 18시,월요일,전라북도 군산시 선양동,경상사고,0,0,7,0,차대차 - 측면충돌,신호위반,건조,흐림,교차로 - 교차로안,승용,남,57세,상해없음,승합,남,39세,경상
2022101700100578,2022년 10월 17일 18시,월요일,전라북도 남원시 조산동,경상사고,0,0,1,0,차대사람 - 보도통행중,신호위반,건조,맑음,교차로 - 교차로횡단보도내,이륜,남,51세,상해없음,보행자,여,69세,경상
2022101700100631,2022년 10월 17일 19시,월요일,전라북도 김제시 금구면,경상사고,0,0,1,0,차대차 - 측면충돌,신호위반,건조,맑음,교차로 - 교차로안,승용,남,61세,상해없음,승합,남,58세,경상
2022101700100675,2022년 10월 17일 21시,월요일,전라북도 익산시 신동,중상사고,0,1,0,0,차대차 - 기타,직진우회전진행방해,건조,맑음,교차로 - 교차로안,승용,여,65세,상해없음,이륜,남,30세,중상
2022101700100676,2022년 10월 17일 21시,월요일,전라북도 익산시 남중동,경상사고,0,0,2,0,차대차 - 추돌,안전거리미확보,건조,맑음,단일로 - 기타,승용,남,62세,상해없음,승용,남,54세,상해없음
2022101700100700,2022년 10월 17일 22시,월요일,전라북도 전주시 완산구 효자동1가,경상사고,0,0,1,0,차대차 - 기타,안전운전불이행,건조,맑음,단일로 - 기타,승용,남,45세,기타불명,승용,남,26세,경상
2022101700100701,2022년 10월 17일 22시,월요일,전라북도 전주시 완산구 삼천동1가,경상사고,0,0,1,0,차대차 - 추돌,안전운전불이행,건조,맑음,교차로 - 교차로부근,승용,남,30세,상해없음,승용,남,24세,경상
2022101700100718,2022년 10월 17일 23시,월요일,전라북도 완주군 삼례읍,중상사고,0,1,0,0,차대차 - 측면충돌,교차로운행방법위반,건조,맑음,교차로 - 교차로안,승용,여,59세,상해없음,원동기,남,53세,중상
2022101800100036,2022년 10월 18일 05시,화요일,전라북도 김제시 진봉면,중상사고,0,1,0,0,차대차 - 측면충돌,불법유턴,건조,맑음,교차로 - 교차로안,승용,남,34세,상해없음,화물,남,56세,중상
2022101800100061,2022년 10월 18일 07시,화요일,전라북도 군산시 해망동,경상사고,0,0,1,0,차대차 - 측면충돌,신호위반,건조,맑음,교차로 - 교차로부근,승용,남,68세,상해없음,승용,남,65세,경상
2022101800100062,2022년 10월 18일 07시,화요일,전라북도 익산시 남중동,경상사고,0,0,1,0,차대차 - 추돌,안전운전불이행,건조,맑음,교차로 - 교차로부근,화물,남,50세,상해없음,화물,남,60세,상해없음
2022101800100107,2022년 10월 18일 08시,화요일,전라북도 군산시 신영동,경상사고,0,0,1,0,차대사람 - 횡단중,보행자보호의무위반,건조,맑음,교차로 - 교차로안,승용,여,31세,상해없음,보행자,여,89세,경상
2022101800100108,2022년 10월 18일 08시,화요일,전라북도 군산시 중앙로3가,중상사고,0,1,0,0,차대사람 - 횡단중,안전운전불이행,건조,맑음,단일로 - 지하차도(도로)내,승용,여,39세,상해없음,보행자,여,65세,중상
2022101800100109,2022년 10월 18일 08시,화요일,전라북도 무주군 무주읍,중상사고,0,1,0,0,차대사람 - 횡단중,안전운전불이행,건조,맑음,주차장 - 주차장,승합,남,55세,상해없음,보행자,남,86세,중상
2022101800100155,2022년 10월 18일 09시,화요일,전라북도 군산시 수송동,경상사고,0,0,1,0,차대차 - 기타,안전운전불이행,건조,맑음,단일로 - 지하차도(도로)내,승용,여,67세,경상,이륜,남,42세,상해없음
2022101800100179,2022년 10월 18일 10시,화요일,전라북도 정읍시 하북동,경상사고,0,0,1,0,차대차 - 측면충돌,신호위반,건조,맑음,교차로 - 교차로안,승용,남,70세,상해없음,이륜,남,52세,경상
2022101800100180,2022년 10월 18일 10시,화요일,전라북도 장수군 장수읍,경상사고,0,0,1,0,차대사람 - 횡단중,안전운전불이행,건조,맑음,단일로 - 기타,화물,남,48세,상해없음,보행자,여,78세,경상
2022101800100212,2022년 10월 18일 11시,화요일,전라북도 익산시 낭산면,경상사고,0,0,1,0,차대차 - 측면충돌,신호위반,건조,맑음,교차로 - 교차로안,화물,남,49세,상해없음,승용,여,65세,경상
2022101800100244,2022년 10월 18일 12시,화요일,전라북도 익산시 남중동,경상사고,0,0,1,0,차대사람 - 횡단중,안전운전불이행,건조,맑음,교차로 - 교차로안,승용,여,43세,상해없음,보행자,여,79세,경상
2022101800100284,2022년 10월 18일 13시,화요일,전라북도 전주시 덕진구 만성동,경상사고,0,0,1,0,차대차 - 추돌,안전거리미확보,건조,맑음,교차로 - 교차로부근,승용,남,47세,상해없음,승용,여,37세,경상
2022101800100285,2022년 10월 18일 13시,화요일,전라북도 김제시 금구면,경상사고,0,0,1,0,차대차 - 추돌,안전운전불이행,건조,맑음,교차로 - 교차로부근,승용,남,66세,상해없음,승용,여,34세,경상
2022101800100286,2022년 10월 18일 13시,화요일,전라북도 완주군 삼례읍,사망사고,1,0,0,0,차량단독 - 전도전복 - 전도,안전운전불이행,건조,맑음,단일로 - 기타,건설기계,남,68세,사망,,,,
2022101800100379,2022년 10월 18일 15시,화요일,전라북도 전주시 완산구 평화동2가,중상사고,0,1,0,0,차대사람 - 횡단중,보행자보호의무위반,건조,맑음,교차로 - 교차로부근,승합,남,67세,상해없음,보행자,여,83세,중상
2022101800100380,2022년 10월 18일 15시,화요일,전라북도 익산시 왕궁면,경상사고,0,0,1,0,차대차 - 기타,안전거리미확보,건조,맑음,단일로 - 기타,화물,남,59세,상해없음,승용,여,42세,경상
2022101800100522,2022년 10월 18일 18시,화요일,전라북도 군산시 삼학동,경상사고,0,0,1,0,차대차 - 기타,안전운전불이행,건조,맑음,교차로 - 교차로안,승용,남,23세,상해없음,승합,여,59세,경상
2022101800100523,2022년 10월 18일 18시,화요일,전라북도 정읍시 이평면,중상사고,0,1,0,0,차대사람 - 차도통행중,중앙선침범,건조,맑음,단일로 - 기타,승용,여,58세,상해없음,보행자,여,74세,중상
2022101800100524,2022년 10월 18일 18시,화요일,전라북도 완주군 용진읍,경상사고,0,0,1,0,차대차 - 기타,안전운전불이행,건조,맑음,교차로 - 교차로안,화물,남,47세,상해없음,승용,남,64세,경상
2022101800100617,2022년 10월 18일 20시,화요일,전라북도 군산시 경암동,경상사고,0,0,1,0,차대차 - 측면충돌,안전운전불이행,건조,맑음,단일로 - 지하차도(도로)내,승용,남,51세,상해없음,승용,남,27세,경상
2022101800100618,2022년 10월 18일 20시,화요일,전라북도 익산시 어양동,경상사고,0,0,1,0,차대차 - 측면충돌,직진우회전진행방해,건조,맑음,교차로 - 교차로안,승합,남,53세,상해없음,이륜,남,29세,경상
2022101800100644,2022년 10월 18일 21시,화요일,전라북도 군산시 미룡동,경상사고,0,0,1,0,차대사람 - 기타,안전운전불이행,건조,맑음,교차로 - 교차로안,승용,남,21세,상해없음,보행자,남,45세,경상
2022101800100680,2022년 10월 18일 23시,화요일,전라북도 전주시 완산구 효자동3가,경상사고,0,0,2,0,차대차 - 추돌,안전운전불이행,건조,맑음,교차로 - 교차로횡단보도내,승용,남,51세,상해없음,승용,남,28세,경상
2022101900100013,2022년 10월 19일 01시,수요일,전라북도 전주시 완산구 상림동,중상사고,0,1,0,0,차대차 - 정면충돌,중앙선침범,건조,맑음,단일로 - 기타,승용,남,32세,상해없음,승용,남,27세,중상
2022101900100039,2022년 10월 19일 06시,수요일,전라북도 정읍시 시기동,중상사고,0,1,0,0,차대사람 - 횡단중,안전운전불이행,건조,맑음,교차로 - 교차로부근,화물,남,51세,상해없음,보행자,남,85세,중상
2022101900100061,2022년 10월 19일 07시,수요일,전라북도 정읍시 영원면,경상사고,0,0,1,0,차대차 - 추돌,안전운전불이행,건조,맑음,교차로 - 교차로부근,화물,남,65세,상해없음,승용,남,40세,경상
2022101900100112,2022년 10월 19일 08시,수요일,전라북도 전주시 완산구 효자동2가,중상사고,0,1,0,0,차대사람 - 보도통행중,안전운전불이행,건조,맑음,단일로 - 기타,개인형이동수단(PM),남,16세,상해없음,보행자,여,51세,중상
2022101900100113,2022년 10월 19일 08시,수요일,전라북도 익산시 어양동,중상사고,0,1,2,0,차대차 - 기타,신호위반,건조,맑음,교차로 - 교차로안,승용,여,34세,경상,승용,남,41세,중상
2022101900100114,2022년 10월 19일 08시,수요일,전라북도 부안군 부안읍,경상사고,0,0,1,0,차대사람 - 횡단중,보행자보호의무위반,건조,맑음,단일로 - 지하차도(도로)내,승용,여,69세,상해없음,보행자,남,14세,경상
2022101900100253,2022년 10월 19일 12시,수요일,전라북도 전주시 완산구 효자동3가,경상사고,0,0,1,0,차대차 - 측면충돌,안전운전불이행,건조,맑음,교차로 - 교차로안,승용,여,40세,상해없음,승용,남,37세,경상
2022101900100254,2022년 10월 19일 12시,수요일,전라북도 전주시 덕진구 송천동1가,경상사고,0,0,1,0,차대차 - 측면충돌,중앙선침범,건조,맑음,교차로 - 교차로부근,승용,남,52세,상해없음,승용,남,46세,경상
2022101900100334,2022년 10월 19일 14시,수요일,전라북도 군산시 수송동,경상사고,0,0,1,0,차대사람 - 횡단중,안전운전불이행,건조,맑음,교차로 - 교차로안,승용,남,63세,상해없음,보행자,여,80세,경상
2022101900100365,2022년 10월 19일 15시,수요일,전라북도 군산시 조촌동,경상사고,0,0,2,0,차대차 - 후진중충돌,안전운전불이행,건조,맑음,단일로 - 기타,승용,남,64세,상해없음,승용,여,23세,경상
2022101900100406,2022년 10월 19일 16시,수요일,전라북도 전주시 덕진구 인후동1가,경상사고,0,0,1,0,차대차 - 추돌,안전운전불이행,건조,맑음,교차로 - 교차로부근,승용,여,19세,상해없음,승용,남,27세,경상
2022101900100407,2022년 10월 19일 16시,수요일,전라북도 익산시 모현동2가,경상사고,0,0,1,0,차대차 - 기타,안전운전불이행,건조,맑음,교차로 - 교차로부근,승용,남,79세,상해없음,승용,남,24세,경상
2022101900100453,2022년 10월 19일 17시,수요일,전라북도 부안군 상서면,중상사고,0,1,0,0,차대차 - 측면충돌,교차로운행방법위반,건조,맑음,교차로 - 교차로안,이륜,남,77세,중상,화물,남,57세,상해없음
2022101900100501,2022년 10월 19일 18시,수요일,전라북도 군산시 나운동,경상사고,0,0,1,0,차대차 - 측면충돌,안전운전불이행,건조,맑음,교차로 - 교차로안,승용,남,50세,상해없음,승용,남,50세,경상
2022101900100502,2022년 10월 19일 18시,수요일,전라북도 군산시 임피면,경상사고,0,0,1,0,차대사람 - 횡단중,안전운전불이행,건조,맑음,단일로 - 기타,승용,남,64세,상해없음,보행자,여,23세,경상
2022101900100568,2022년 10월 19일 19시,수요일,전라북도 전주시 완산구 고사동,경상사고,0,0,1,0,차대사람 - 보도통행중,안전운전불이행,건조,맑음,단일로 - 기타,승용,여,18세,기타불명,보행자,여,56세,경상
2022101900100601,2022년 10월 19일 20시,수요일,전라북도 전주시 덕진구 우아동3가,경상사고,0,0,3,0,차대차 - 측면충돌,신호위반,건조,맑음,교차로 - 교차로안,승용,남,51세,상해없음,승용,남,63세,경상
2022102000100023,2022년 10월 20일 03시,목요일,전라북도 정읍시 하북동,중상사고,0,1,0,0,차량단독 - 공작물충돌,안전운전불이행,건조,맑음,기타 - 기타,승용,남,42세,중상,,,,
2022102000100067,2022년 10월 20일 07시,목요일,전라북도 익산시 남중동,경상사고,0,0,2,0,차대차 - 측면충돌,신호위반,건조,맑음,교차로 - 교차로안,승용,남,52세,상해없음,승용,남,65세,경상
2022102000100157,2022년 10월 20일 09시,목요일,전라북도 남원시 신정동,중상사고,0,1,0,0,차대차 - 측면충돌,안전운전불이행,건조,맑음,교차로 - 교차로안,승용,남,62세,상해없음,이륜,남,72세,중상
2022102000100158,2022년 10월 20일 09시,목요일,전라북도 진안군 진안읍,경상사고,0,0,1,0,차대차 - 추돌,안전거리미확보,건조,맑음,교차로 - 교차로안,승합,남,66세,상해없음,승용,여,36세,경상
2022102000100198,2022년 10월 20일 10시,목요일,전라북도 남원시 운봉읍,사망사고,1,0,0,0,차량단독 - 공작물충돌,안전운전불이행,건조,맑음,교차로 - 교차로안,원동기,남,79세,사망,,,,
2022102000100225,2022년 10월 20일 11시,목요일,전라북도 군산시 선양동,경상사고,0,0,1,0,차대차 - 기타,기타,건조,맑음,교차로 - 교차로안,승용,남,40세,상해없음,이륜,남,48세,경상
2022102000100261,2022년 10월 20일 12시,목요일,전라북도 전주시 완산구 효자동1가,경상사고,0,0,1,0,차대차 - 측면충돌,안전운전불이행,건조,맑음,교차로 - 교차로안,승용,남,56세,상해없음,승용,여,54세,경상
2022102000100262,2022년 10월 20일 12시,목요일,전라북도 익산시 동산동,경상사고,0,0,1,0,차대차 - 정면충돌,신호위반,건조,맑음,교차로 - 교차로안,승용,여,48세,상해없음,승용,남,69세,경상
2022102000100340,2022년 10월 20일 14시,목요일,전라북도 전주시 완산구 서노송동,경상사고,0,0,1,0,차대차 - 측면충돌,안전운전불이행,건조,맑음,교차로 - 교차로안,승용,남,52세,상해없음,승용,남,62세,경상
2022102000100341,2022년 10월 20일 14시,목요일,전라북도 군산시 수송동,경상사고,0,0,3,0,차대차 - 측면충돌,직진우회전진행방해,건조,맑음,교차로 - 교차로안,승용,남,65세,상해없음,승용,남,23세,경상
2022102000100342,2022년 10월 20일 14시,목요일,전라북도 정읍시 입암면,사망사고,1,0,0,0,차량단독 - 도로외이탈 - 기타,안전운전불이행,건조,맑음,단일로 - 기타,화물,남,56세,사망,,,,
2022102000100343,2022년 10월 20일 14시,목요일,전라북도 정읍시 농소동,중상사고,0,4,1,0,차대차 - 추돌,안전운전불이행,건조,맑음,교차로 - 교차로부근,승용,남,67세,상해없음,승용,남,65세,중상
2022102000100388,2022년 10월 20일 15시,목요일,전라북도 익산시 왕궁면,중상사고,0,1,0,0,차대차 - 측면충돌,직진우회전진행방해,건조,맑음,교차로 - 교차로안,건설기계,남,53세,상해없음,승용,남,79세,중상
2022102000100430,2022년 10월 20일 16시,목요일,전라북도 전주시 덕진구 덕진동2가,경상사고,0,0,1,0,차대차 - 측면충돌,안전운전불이행,건조,맑음,단일로 - 기타,승용,여,51세,상해없음,개인형이동수단(PM),남,20세,경상
2022102000100431,2022년 10월 20일 16시,목요일,전라북도 정읍시 연지동,경상사고,0,0,3,0,차대차 - 기타,신호위반,건조,맑음,교차로 - 교차로안,승용,여,59세,경상,승용,남,74세,경상
2022102000100432,2022년 10월 20일 16시,목요일,전라북도 남원시 향교동,경상사고,0,0,1,0,차대차 - 기타,안전운전불이행,건조,맑음,단일로 - 기타,승용,여,68세,상해없음,자전거,남,9세,경상
2022102000100433,2022년 10월 20일 16시,목요일,전라북도 임실군 오수면,경상사고,0,0,1,0,차대차 - 측면충돌,교차로운행방법위반,건조,맑음,교차로 - 교차로안,화물,남,67세,상해없음,이륜,여,78세,경상
2022102000100434,2022년 10월 20일 16시,목요일,전라북도 장수군 번암면,중상사고,0,1,1,0,차대차 - 정면충돌,교차로운행방법위반,건조,맑음,교차로 - 교차로안,건설기계,남,61세,상해없음,화물,남,43세,중상
2022102000100476,2022년 10월 20일 17시,목요일,전라북도 군산시 경장동,경상사고,0,0,1,0,차대차 - 측면충돌,안전거리미확보,건조,맑음,단일로 - 기타,승용,여,47세,상해없음,승용,남,62세,경상
2022102000100526,2022년 10월 20일 18시,목요일,전라북도 전주시 완산구 효자동3가,경상사고,0,0,1,0,차대차 - 측면충돌,신호위반,건조,맑음,교차로 - 교차로안,승용,여,26세,상해없음,이륜,남,31세,경상
2022102000100580,2022년 10월 20일 19시,목요일,전라북도 전주시 덕진구 인후동1가,경상사고,0,0,2,0,차대차 - 측면충돌,기타,건조,맑음,교차로 - 교차로부근,승용,여,56세,상해없음,이륜,남,26세,경상
2022102000100581,2022년 10월 20일 19시,목요일,전라북도 군산시 나운동,경상사고,0,0,2,0,차대차 - 추돌,안전운전불이행,건조,맑음,교차로 - 교차로부근,승용,남,70세,상해없음,승용,여,52세,경상
2022102000100621,2022년 10월 20일 20시,목요일,전라북도 전주시 덕진구 우아동1가,경상사고,0,0,1,0,차대차 - 측면충돌,안전운전불이행,건조,맑음,단일로 - 기타,승용,여,68세,상해없음,승용,남,42세,경상
2022102000100648,2022년 10월 20일 21시,목요일,전라북도 군산시 삼학동,경상사고,0,0,1,0,차대사람 - 횡단중,안전운전불이행,건조,맑음,교차로 - 교차로안,이륜,남,45세,상해없음,보행자,남,75세,경상
2022102000100676,2022년 10월 20일 22시,목요일,전라북도 전주시 완산구 중화산동2가,중상사고,0,1,0,0,차대차 - 측면충돌,중앙선침범,건조,맑음,교차로 - 교차로안,승용,남,30세,상해없음,이륜,남,45세,중상
2022102000100677,2022년 10월 20일 22시,목요일,전라북도 군산시 나운동,중상사고,0,1,0,0,차대사람 - 기타,안전운전불이행,건조,맑음,기타 - 기타,승용,남,48세,상해없음,보행자,남,67세,중상
2022102100100016,2022년 10월 21일 01시,금요일,전라북도 전주시 완산구 서신동,경상사고,0,0,1,0,차대차 - 정면충돌,중앙선침범,건조,맑음,단일로 - 기타,기타불명,기타불명,미분류,기타불명,승용,여,47세,경상
2022102100100017,2022년 10월 21일 01시,금요일,전라북도 전주시 완산구 효자동2가,경상사고,0,0,2,0,차대차 - 정면충돌,신호위반,건조,맑음,교차로 - 교차로안,승용,남,41세,경상,승용,남,37세,경상
2022102100100052,2022년 10월 21일 06시,금요일,전라북도 전주시 덕진구 용정동,중상사고,0,2,0,0,차대차 - 추돌,안전운전불이행,건조,맑음,단일로 - 기타,화물,남,30세,상해없음,이륜,남,72세,중상
2022102100100053,2022년 10월 21일 06시,금요일,전라북도 김제시 죽산면,중상사고,0,1,1,0,차대차 - 추돌,안전운전불이행,건조,맑음,단일로 - 기타,화물,남,32세,기타불명,건설기계,남,49세,경상
2022102100100080,2022년 10월 21일 07시,금요일,전라북도 군산시 오식도동,경상사고,0,0,1,0,차대차 - 측면충돌,직진우회전진행방해,건조,맑음,교차로 - 교차로안,승용,남,38세,상해없음,승용,여,27세,경상
2022102100100128,2022년 10월 21일 08시,금요일,전라북도 전주시 완산구 서신동,경상사고,0,0,1,0,차대차 - 추돌,안전거리미확보,건조,맑음,단일로 - 기타,승용,남,35세,기타불명,승용,남,45세,경상
2022102100100129,2022년 10월 21일 08시,금요일,전라북도 김제시 요촌동,경상사고,0,0,1,0,차대차 - 측면충돌,안전운전불이행,건조,맑음,교차로 - 교차로안,승용,남,64세,상해없음,자전거,남,12세,경상
2022102100100188,2022년 10월 21일 10시,금요일,전라북도 전주시 완산구 효자동1가,중상사고,0,1,0,0,차대사람 - 기타,안전운전불이행,건조,맑음,단일로 - 기타,승합,남,66세,상해없음,보행자,여,77세,중상
2022102100100250,2022년 10월 21일 12시,금요일,전라북도 전주시 완산구 서신동,경상사고,0,0,1,0,차대차 - 측면충돌,안전거리미확보,건조,맑음,단일로 - 교량,승용,남,54세,상해없음,승용,여,30세,경상
2022102100100276,2022년 10월 21일 13시,금요일,전라북도 김제시 요촌동,경상사고,0,0,2,0,차대차 - 측면충돌,교차로운행방법위반,건조,맑음,교차로 - 교차로안,승용,남,62세,상해없음,특수,남,41세,경상
2022102100100310,2022년 10월 21일 14시,금요일,전라북도 전주시 완산구 동완산동,부상신고사고,0,0,0,1,차대차 - 기타,신호위반,건조,맑음,교차로 - 교차로안,이륜,여,65세,부상신고,승용,여,53세,상해없음
2022102100100333,2022년 10월 21일 15시,금요일,전라북도 전주시 덕진구 여의동,경상사고,0,0,2,0,차대차 - 측면충돌,교차로운행방법위반,건조,맑음,교차로 - 교차로안,승합,남,50세,상해없음,승용,남,55세,경상
2022102100100373,2022년 10월 21일 16시,금요일,전라북도 정읍시 태인면,경상사고,0,0,4,0,차대차 - 측면충돌,직진우회전진행방해,건조,맑음,교차로 - 교차로안,승용,여,56세,경상,승용,남,26세,경상
2022102100100417,2022년 10월 21일 17시,금요일,전라북도 전주시 완산구 중화산동1가,경상사고,0,0,1,0,차대차 - 추돌,안전운전불이행,건조,맑음,단일로 - 기타,화물,남,54세,상해없음,승용,여,25세,경상
2022102100100418,2022년 10월 21일 17시,금요일,전라북도 전주시 완산구 서신동,경상사고,0,0,1,0,차대사람 - 기타,안전운전불이행,건조,맑음,주차장 - 주차장,승용,남,33세,상해없음,보행자,남,8세,경상
2022102100100419,2022년 10월 21일 17시,금요일,전라북도 군산시 개사동,경상사고,0,0,1,0,차대차 - 측면충돌,중앙선침범,건조,맑음,교차로 - 교차로부근,승용,남,72세,상해없음,원동기,남,79세,경상
2022102100100486,2022년 10월 21일 18시,금요일,전라북도 정읍시 태인면,중상사고,0,1,1,0,차대차 - 추돌,안전운전불이행,건조,맑음,교차로 - 교차로부근,승용,남,51세,상해없음,승용,여,35세,경상
2022102100100487,2022년 10월 21일 18시,금요일,전라북도 완주군 봉동읍,경상사고,0,0,2,0,차대차 - 측면충돌,안전거리미확보,건조,맑음,단일로 - 기타,승용,남,27세,상해없음,승용,여,44세,경상
2022102100100586,2022년 10월 21일 20시,금요일,전라북도 전주시 완산구 중앙동3가,경상사고,0,0,1,0,차대사람 - 길가장자리구역통행중,안전운전불이행,건조,맑음,기타 - 기타,개인형이동수단(PM),여,14세,기타불명,보행자,남,17세,경상
2022102100100587,2022년 10월 21일 20시,금요일,전라북도 김제시 입석동,경상사고,0,0,1,0,차대차 - 측면충돌,신호위반,건조,맑음,교차로 - 교차로안,화물,남,54세,상해없음,자전거,남,54세,경상
2022102100100588,2022년 10월 21일 20시,금요일,전라북도 남원시 금동,중상사고,0,1,0,0,차량단독 - 공작물충돌,안전운전불이행,건조,맑음,교차로 - 교차로안,화물,남,58세,상해없음,,,,
2022102100100622,2022년 10월 21일 21시,금요일,전라북도 군산시 수송동,경상사고,0,0,1,0,차대차 - 측면충돌,신호위반,건조,맑음,교차로 - 교차로안,화물,남,38세,상해없음,승용,여,41세,경상
2022102100100623,2022년 10월 21일 21시,금요일,전라북도 익산시 오산면,경상사고,0,0,1,0,차대차 - 추돌,안전운전불이행,건조,맑음,단일로 - 기타,승용,남,29세,상해없음,승용,남,60세,경상
2022102200100053,2022년 10월 22일 04시,토요일,전라북도 군산시 미장동,사망사고,1,0,0,0,차량단독 - 공작물충돌,안전운전불이행,건조,맑음,단일로 - 기타,이륜,남,18세,사망,,,,
2022102200100112,2022년 10월 22일 08시,토요일,전라북도 순창군 동계면,중상사고,0,1,0,0,차량단독 - 기타,안전운전불이행,건조,맑음,단일로 - 기타,화물,남,76세,상해없음,,,,
2022102200100174,2022년 10월 22일 10시,토요일,전라북도 군산시 장미동,경상사고,0,0,1,0,차대차 - 추돌,안전운전불이행,건조,맑음,단일로 - 지하차도(도로)내,승용,남,64세,상해없음,화물,남,68세,경상
2022102200100208,2022년 10월 22일 11시,토요일,전라북도 군산시 소룡동,경상사고,0,0,3,0,차대차 - 측면충돌,신호위반,건조,맑음,교차로 - 교차로안,승용,남,63세,상해없음,특수,남,32세,경상
2022102200100286,2022년 10월 22일 13시,토요일,전라북도 정읍시 내장동,경상사고,0,0,2,0,차대차 - 후진중충돌,안전운전불이행,건조,맑음,단일로 - 기타,승용,남,40세,상해없음,승용,남,39세,경상
2022102200100368,2022년 10월 22일 15시,토요일,전라북도 전주시 덕진구 덕진동2가,경상사고,0,0,3,0,차대차 - 측면충돌,안전운전불이행,건조,맑음,단일로 - 기타,승용,남,25세,상해없음,승용,남,31세,경상
2022102200100369,2022년 10월 22일 15시,토요일,전라북도 익산시 마동,경상사고,0,0,1,0,차대차 - 추돌,안전거리미확보,건조,맑음,단일로 - 기타,승용,남,56세,상해없음,승용,남,70세,경상
2022102200100413,2022년 10월 22일 16시,토요일,전라북도 군산시 장미동,경상사고,0,0,2,0,차대차 - 추돌,안전운전불이행,건조,맑음,교차로 - 교차로부근,승용,기타불명,미분류,기타불명,승용,남,46세,경상
2022102200100450,2022년 10월 22일 17시,토요일,전라북도 군산시 개정면,경상사고,0,0,2,0,차대차 - 추돌,안전운전불이행,건조,맑음,단일로 - 지하차도(도로)내,승용,남,32세,상해없음,승용,남,44세,경상
2022102200100451,2022년 10월 22일 17시,토요일,전라북도 군산시 소룡동,경상사고,0,0,1,0,차대사람 - 차도통행중,안전운전불이행,건조,맑음,단일로 - 기타,승용,남,47세,기타불명,보행자,남,61세,경상
2022102200100452,2022년 10월 22일 17시,토요일,전라북도 남원시 광치동,경상사고,0,0,2,1,차대차 - 측면충돌,안전운전불이행,건조,맑음,단일로 - 기타,승용,남,66세,상해없음,화물,남,61세,경상
2022102200100499,2022년 10월 22일 18시,토요일,전라북도 김제시 진봉면,경상사고,0,0,2,0,차대차 - 기타,기타,건조,맑음,교차로 - 교차로부근,화물,남,46세,상해없음,승용,여,44세,경상
2022102200100537,2022년 10월 22일 19시,토요일,전라북도 익산시 영등동,경상사고,0,0,1,0,차대사람 - 횡단중,안전운전불이행,건조,맑음,교차로 - 교차로안,승용,남,77세,기타불명,보행자,남,3세,경상
2022102200100538,2022년 10월 22일 19시,토요일,전라북도 진안군 진안읍,경상사고,0,0,3,0,차대차 - 기타,안전운전불이행,건조,맑음,교차로 - 교차로안,승용,남,53세,기타불명,승용,남,43세,경상
2022102200100597,2022년 10월 22일 21시,토요일,전라북도 군산시 조촌동,부상신고사고,0,0,0,1,차대차 - 기타,안전운전불이행,건조,맑음,교차로 - 교차로부근,승용,남,32세,상해없음,이륜,남,30세,부상신고
2022102200100598,2022년 10월 22일 21시,토요일,전라북도 익산시 부송동,경상사고,0,0,1,0,차대차 - 측면충돌,신호위반,건조,맑음,교차로 - 교차로안,이륜,남,31세,상해없음,이륜,남,29세,경상
2022102200100599,2022년 10월 22일 21시,토요일,전라북도 고창군 아산면,경상사고,0,0,1,0,차대차 - 정면충돌,중앙선침범,건조,맑음,단일로 - 교량,승용,남,61세,상해없음,특수,남,54세,경상
2022102300100008,2022년 10월 23일 00시,일요일,전라북도 남원시 죽항동,경상사고,0,0,1,0,차대차 - 측면충돌,직진우회전진행방해,건조,맑음,교차로 - 교차로안,승용,여,55세,상해없음,이륜,남,35세,경상
2022102300100036,2022년 10월 23일 03시,일요일,전라북도 군산시 소룡동,중상사고,0,1,0,0,차대차 - 측면충돌,신호위반,건조,맑음,교차로 - 교차로안,승용,여,47세,상해없음,승용,남,52세,중상