사고번호,사고일시,요일,시군구,사고내용,사망자수,중상자수,경상자수,부상신고자수,사고유형,법규위반,노면상태,기상상태,도로형태,가해운전자 차종,가해운전자 성별,가해운전자 연령,가해운전자 상해정도,피해운전자 차종,피해운전자 성별,피해운전자 연령,피해운전자 상해정도
2022111200100300,2022년 11월 12일 14시,토요일,전라북도 정읍시 입암면,중상사고,0,1,6,0,차대차 - 정면충돌,중앙선침범,건조,맑음,기타 - 기타,승용,남,20세,중상,승용,남,42세,경상
2022111200100330,2022년 11월 12일 15시,토요일,전라북도 익산시 창인동1가,경상사고,0,0,1,0,차대사람 - 기타,안전운전불이행,건조,맑음,교차로 - 교차로안,승용,여,47세,상해없음,보행자,여,76세,경상
2022111200100374,2022년 11월 12일 16시,토요일,전라북도 남원시 죽항동,경상사고,0,0,2,0,차대차 - 측면충돌,안전운전불이행,건조,맑음,단일로 - 기타,승용,남,52세,상해없음,기타불명,기타불명,미분류,기타불명
2022111200100417,2022년 11월 12일 17시,토요일,전라북도 순창군 금과면,중상사고,0,1,0,0,차대차 - 추돌,안전운전불이행,젖음/습기,비,교차로 - 교차로안,승용,남,53세,상해없음,농기계,남,69세,중상
2022111200100418,2022년 11월 12일 17시,토요일,전라북도 순창군 풍산면,사망사고,1,0,0,0,차량단독 - 공작물충돌,안전운전불이행,건조,흐림,교차로 - 교차로안,승용,남,71세,사망,,,,
2022111200100538,2022년 11월 12일 19시,토요일,전라북도 전주시 완산구 중노송동,경상사고,0,0,1,0,차대차 - 측면충돌,신호위반,젖음/습기,비,교차로 - 교차로부근,승합,남,43세,상해없음,승용,남,29세,경상
2022111200100661,2022년 11월 12일 22시,토요일,전라북도 군산시 나운동,경상사고,0,0,1,1,차대차 - 측면충돌,안전운전불이행,건조,맑음,단일로 - 기타,승용,남,61세,상해없음,승용,남,50세,부상신고
2022111300100009,2022년 11월 13일 00시,일요일,전라북도 익산시 남중동,경상사고,0,0,1,0,차대사람 - 횡단중,신호위반,젖음/습기,비,교차로 - 교차로횡단보도내,이륜,남,25세,상해없음,보행자,남,48세,경상
2022111300100010,2022년 11월 13일 00시,일요일,전라북도 익산시 마동,중상사고,0,1,0,0,차대사람 - 횡단중,보행자보호의무위반,젖음/습기,비,교차로 - 교차로부근,승용,남,54세,상해없음,보행자,남,27세,중상
2022111300100080,2022년 11월 13일 07시,일요일,전라북도 전주시 완산구 중화산동2가,경상사고,0,0,1,0,차대차 - 정면충돌,안전운전불이행,건조,맑음,교차로 - 교차로부근,승용,남,26세,경상,승용,남,13세,상해없음
2022111300100122,2022년 11월 13일 10시,일요일,전라북도 완주군 봉동읍,경상사고,0,0,1,0,차대차 - 측면충돌,신호위반,건조,맑음,교차로 - 교차로부근,승용,남,73세,상해없음,승용,남,45세,경상
2022111300100139,2022년 11월 13일 11시,일요일,전라북도 전주시 덕진구 산정동,경상사고,0,0,2,0,차대차 - 측면충돌,안전거리미확보,건조,맑음,교차로 - 교차로부근,승용,남,33세,상해없음,승용,남,30세,경상
2022111300100188,2022년 11월 13일 13시,일요일,전라북도 군산시 조촌동,부상신고사고,0,0,0,1,차대사람 - 횡단중,안전운전불이행,건조,맑음,단일로 - 기타,승용,남,53세,기타불명,보행자,여,35세,부상신고
2022111300100189,2022년 11월 13일 13시,일요일,전라북도 남원시 주천면,경상사고,0,0,4,0,차대차 - 측면충돌,중앙선침범,건조,맑음,단일로 - 기타,승용,남,48세,상해없음,승용,남,47세,경상
2022111300100219,2022년 11월 13일 14시,일요일,전라북도 전주시 덕진구 덕진동2가,경상사고,0,0,2,0,차대차 - 측면충돌,안전거리미확보,건조,맑음,단일로 - 기타,화물,남,60세,상해없음,승용,남,24세,경상
2022111300100310,2022년 11월 13일 17시,일요일,전라북도 전주시 덕진구 인후동2가,중상사고,0,1,0,0,차대사람 - 기타,안전운전불이행,건조,맑음,단일로 - 기타,승합,남,58세,상해없음,보행자,남,67세,중상
2022111300100311,2022년 11월 13일 17시,일요일,전라북도 임실군 지사면,중상사고,0,1,0,0,차대차 - 측면충돌,기타,건조,맑음,교차로 - 교차로안,승용,남,28세,상해없음,사륜오토바이(ATV),남,82세,중상
2022111300100398,2022년 11월 13일 20시,일요일,전라북도 익산시 낭산면,중상사고,0,1,0,0,차량단독 - 기타,안전운전불이행,건조,맑음,단일로 - 기타,승용,남,56세,중상,,,,
2022111300100399,2022년 11월 13일 20시,일요일,전라북도 부안군 동진면,경상사고,0,0,1,0,차대차 - 추돌,안전운전불이행,건조,맑음,교차로 - 교차로부근,승용,남,68세,상해없음,승용,남,49세,경상
2022111300100400,2022년 11월 13일 20시,일요일,전라북도 부안군 동진면,중상사고,0,1,0,0,차대사람 - 기타,안전운전불이행,건조,맑음,교차로 - 교차로부근,승용,여,44세,상해없음,보행자,남,66세,중상
2022111400100100,2022년 11월 14일 08시,월요일,전라북도 남원시 도통동,중상사고,0,1,0,0,차대사람 - 차도통행중,안전운전불이행,건조,맑음,교차로 - 교차로안,승용,남,38세,상해없음,보행자,남,87세,중상
2022111400100165,2022년 11월 14일 10시,월요일,전라북도 군산시 성산면,경상사고,0,0,2,0,차대차 - 기타,안전운전불이행,건조,맑음,주차장 - 주차장,승용,여,44세,상해없음,승용,남,23세,경상
2022111400100279,2022년 11월 14일 14시,월요일,전라북도 전주시 완산구 서신동,경상사고,0,0,1,0,차대차 - 기타,직진우회전진행방해,건조,맑음,단일로 - 기타,승용,남,44세,상해없음,승용,남,25세,경상
2022111400100354,2022년 11월 14일 16시,월요일,전라북도 군산시 금동,중상사고,0,1,0,0,차대사람 - 횡단중,보행자보호의무위반,건조,맑음,교차로 - 교차로횡단보도내,승용,여,46세,상해없음,보행자,여,77세,중상
2022111400100355,2022년 11월 14일 16시,월요일,전라북도 정읍시 상동,경상사고,0,0,1,0,차대사람 - 길가장자리구역통행중,안전운전불이행,건조,맑음,단일로 - 기타,화물,남,67세,상해없음,보행자,여,14세,경상
2022111400100356,2022년 11월 14일 16시,월요일,전라북도 남원시 신정동,사망사고,1,0,0,0,차대차 - 측면충돌,안전운전불이행,건조,맑음,교차로 - 교차로안,승합,남,53세,상해없음,이륜,남,72세,사망
2022111400100399,2022년 11월 14일 17시,월요일,전라북도 전주시 덕진구 산정동,중상사고,0,1,0,0,차대사람 - 횡단중,안전운전불이행,건조,맑음,단일로 - 기타,화물,남,56세,상해없음,보행자,남,82세,중상
2022111400100400,2022년 11월 14일 17시,월요일,전라북도 군산시 미룡동,경상사고,0,0,1,0,차대차 - 추돌,안전운전불이행,건조,맑음,단일로 - 기타,승용,남,42세,상해없음,승용,남,43세,경상
2022111400100448,2022년 11월 14일 18시,월요일,전라북도 전주시 덕진구 팔복동2가,경상사고,0,0,1,0,차대차 - 측면충돌,안전운전불이행,건조,맑음,교차로 - 교차로안,화물,남,32세,상해없음,승합,남,56세,경상
2022111400100449,2022년 11월 14일 18시,월요일,전라북도 익산시 모현동2가,중상사고,0,1,2,0,차대차 - 추돌,안전운전불이행,건조,맑음,단일로 - 기타,승용,남,23세,상해없음,승용,여,45세,중상
2022111400100450,2022년 11월 14일 18시,월요일,전라북도 김제시 백구면,경상사고,0,0,3,0,차대차 - 추돌,안전운전불이행,건조,맑음,단일로 - 기타,승용,남,77세,상해없음,승합,남,46세,경상
2022111400100451,2022년 11월 14일 18시,월요일,전라북도 완주군 봉동읍,중상사고,0,1,0,0,차대사람 - 길가장자리구역통행중,안전운전불이행,건조,맑음,단일로 - 기타,승용,남,42세,상해없음,보행자,여,85세,중상
2022111400100503,2022년 11월 14일 19시,월요일,전라북도 전주시 덕진구 여의동,경상사고,0,0,1,0,차대차 - 측면충돌,안전운전불이행,건조,맑음,교차로 - 교차로안,승용,여,41세,상해없음,승용,여,47세,경상
2022111400100504,2022년 11월 14일 19시,월요일,전라북도 남원시 향교동,중상사고,0,1,0,0,차량단독 - 기타,안전운전불이행,건조,맑음,단일로 - 기타,원동기,남,16세,상해없음,,,,
2022111400100533,2022년 11월 14일 20시,월요일,전라북도 익산시 어양동,경상사고,0,0,1,0,차대차 - 측면충돌,안전운전불이행,건조,맑음,단일로 - 기타,승용,남,58세,상해없음,이륜,남,37세,경상
2022111400100561,2022년 11월 14일 21시,월요일,전라북도 전주시 완산구 중화산동2가,경상사고,0,0,2,0,차대차 - 추돌,안전운전불이행,건조,맑음,교차로 - 교차로부근,승용,남,30세,상해없음,승용,남,34세,경상
2022111500100017,2022년 11월 15일 01시,화요일,전라북도 전주시 덕진구 덕진동2가,중상사고,0,2,1,0,차대차 - 추돌,안전운전불이행,건조,맑음,교차로 - 교차로부근,승용,남,42세,상해없음,승용,남,20세,중상
2022111500100026,2022년 11월 15일 02시,화요일,전라북도 전주시 완산구 효자동3가,경상사고,0,0,6,0,차대차 - 측면충돌,직진우회전진행방해,건조,맑음,교차로 - 교차로안,승용,여,51세,경상,승용,남,22세,경상
2022111500100088,2022년 11월 15일 07시,화요일,전라북도 정읍시 시기동,중상사고,0,1,0,0,차대사람 - 기타,안전운전불이행,건조,맑음,단일로 - 기타,승합,남,61세,상해없음,보행자,여,74세,중상
2022111500100153,2022년 11월 15일 09시,화요일,전라북도 익산시 남중동,중상사고,0,1,0,0,차대사람 - 횡단중,안전운전불이행,건조,맑음,단일로 - 기타,승용,남,38세,상해없음,보행자,여,74세,중상
2022111500100252,2022년 11월 15일 12시,화요일,전라북도 진안군 마령면,경상사고,0,0,1,0,차대사람 - 횡단중,안전운전불이행,건조,맑음,주차장 - 주차장,승용,여,50세,상해없음,보행자,여,69세,경상
2022111500100287,2022년 11월 15일 13시,화요일,전라북도 전주시 덕진구 호성동1가,경상사고,0,0,1,0,차대차 - 추돌,안전운전불이행,건조,맑음,교차로 - 교차로부근,승용,남,39세,상해없음,승용,남,28세,경상
2022111500100288,2022년 11월 15일 13시,화요일,전라북도 군산시 조촌동,경상사고,0,0,1,0,차대사람 - 보도통행중,기타,건조,맑음,단일로 - 기타,승용,남,31세,상해없음,보행자,남,80세,경상
2022111500100289,2022년 11월 15일 13시,화요일,전라북도 익산시 영등동,경상사고,0,0,1,0,차대차 - 측면충돌,안전운전불이행,건조,맑음,교차로 - 교차로부근,화물,남,44세,상해없음,승용,여,47세,경상
2022111500100505,2022년 11월 15일 18시,화요일,전라북도 익산시 남중동,경상사고,0,0,1,0,차대사람 - 횡단중,보행자보호의무위반,건조,맑음,교차로 - 교차로안,승용,여,32세,상해없음,보행자,여,63세,경상
2022111500100506,2022년 11월 15일 18시,화요일,전라북도 진안군 부귀면,사망사고,1,1,1,0,차대차 - 추돌,안전운전불이행,건조,맑음,단일로 - 터널,화물,남,63세,사망,특수,남,62세,경상
2022111500100544,2022년 11월 15일 19시,화요일,전라북도 군산시 나운동,경상사고,0,0,1,0,차대차 - 추돌,안전운전불이행,건조,맑음,교차로 - 교차로부근,승용,여,64세,상해없음,승용,남,35세,경상
2022111600100146,2022년 11월 16일 09시,수요일,전라북도 고창군 흥덕면,중상사고,0,2,0,0,차량단독 - 공작물충돌,기타,건조,맑음,단일로 - 기타,승용,남,63세,중상,,,,
2022111600100230,2022년 11월 16일 11시,수요일,전라북도 전주시 완산구 태평동,경상사고,0,0,1,4,차대차 - 기타,안전거리미확보,건조,맑음,교차로 - 교차로부근,승용,남,74세,상해없음,승용,여,40세,경상
2022111600100271,2022년 11월 16일 12시,수요일,전라북도 군산시 나운동,중상사고,0,1,0,0,차대차 - 측면충돌,신호위반,건조,맑음,교차로 - 교차로부근,승용,남,62세,상해없음,승용,남,38세,중상
2022111600100306,2022년 11월 16일 13시,수요일,전라북도 익산시 오산면,경상사고,0,0,3,0,차대차 - 추돌,안전거리미확보,건조,맑음,단일로 - 기타,화물,남,75세,상해없음,승용,여,33세,경상
2022111600100394,2022년 11월 16일 15시,수요일,전라북도 김제시 백산면,경상사고,0,0,1,0,차대차 - 정면충돌,중앙선침범,건조,맑음,단일로 - 기타,승용,남,30세,상해없음,화물,남,60세,경상
2022111600100429,2022년 11월 16일 16시,수요일,전라북도 정읍시 수성동,경상사고,0,0,1,0,차대사람 - 횡단중,보행자보호의무위반,건조,맑음,교차로 - 교차로안,화물,남,45세,상해없음,보행자,여,21세,경상
2022111600100481,2022년 11월 16일 17시,수요일,전라북도 전주시 완산구 서노송동,경상사고,0,0,2,0,차대차 - 기타,안전거리미확보,건조,맑음,교차로 - 교차로부근,승용,남,66세,경상,승용,여,30세,경상
2022111600100482,2022년 11월 16일 17시,수요일,전라북도 전주시 덕진구 인후동1가,경상사고,0,0,1,0,차대차 - 측면충돌,안전운전불이행,건조,맑음,단일로 - 기타,승용,여,50세,상해없음,승용,남,28세,경상
2022111600100483,2022년 11월 16일 17시,수요일,전라북도 김제시 입석동,중상사고,0,1,0,0,차대차 - 추돌,안전거리미확보,건조,맑음,단일로 - 기타,자전거,남,83세,중상,승용,여,68세,상해없음
2022111600100484,2022년 11월 16일 17시,수요일,전라북도 김제시 교동,경상사고,0,0,1,0,차대차 - 측면충돌,안전운전불이행,건조,맑음,교차로 - 교차로안,승용,남,75세,상해없음,승용,여,63세,경상
2022111600100551,2022년 11월 16일 18시,수요일,전라북도 익산시 영등동,경상사고,0,0,1,0,차대차 - 측면충돌,교차로운행방법위반,건조,맑음,교차로 - 교차로안,승용,여,66세,상해없음,승용,여,39세,경상
2022111600100552,2022년 11월 16일 18시,수요일,전라북도 김제시 요촌동,중상사고,0,1,0,0,차대사람 - 횡단중,안전운전불이행,건조,맑음,단일로 - 기타,이륜,남,62세,상해없음,보행자,여,77세,중상
2022111600100638,2022년 11월 16일 20시,수요일,전라북도 전주시 덕진구 덕진동1가,경상사고,0,0,1,0,차대차 - 후진중충돌,안전운전불이행,건조,맑음,단일로 - 기타,승용,남,68세,상해없음,이륜,남,16세,경상
2022111600100639,2022년 11월 16일 20시,수요일,전라북도 전주시 덕진구 덕진동1가,경상사고,0,0,1,0,차대차 - 측면충돌,안전운전불이행,건조,맑음,교차로 - 교차로안,승합,남,63세,상해없음,자전거,남,22세,경상
2022111600100678,2022년 11월 16일 22시,수요일,전라북도 전주시 덕진구 송천동2가,경상사고,0,0,2,0,차대차 - 측면충돌,안전운전불이행,건조,맑음,교차로 - 교차로횡단보도내,승용,남,52세,상해없음,승용,여,53세,경상
2022111700100008,2022년 11월 17일 00시,목요일,전라북도 전주시 덕진구 인후동1가,중상사고,0,1,0,0,차대차 - 추돌,안전운전불이행,건조,맑음,교차로 - 교차로부근,승용,남,40세,상해없음,승용,남,58세,중상
2022111700100040,2022년 11월 17일 05시,목요일,전라북도 남원시 죽항동,경상사고,0,0,1,0,차대차 - 측면충돌,직진우회전진행방해,건조,맑음,교차로 - 교차로안,승용,여,22세,상해없음,승용,남,61세,경상
2022111700100096,2022년 11월 17일 08시,목요일,전라북도 정읍시 북면,경상사고,0,0,1,0,차대차 - 기타,직진우회전진행방해,건조,맑음,교차로 - 교차로안,승용,남,44세,상해없음,승용,여,27세,경상
2022111700100195,2022년 11월 17일 11시,목요일,전라북도 전주시 완산구 효자동2가,경상사고,0,0,1,0,차대차 - 측면충돌,안전운전불이행,건조,맑음,단일로 - 기타,승용,남,61세,상해없음,승용,여,55세,경상
2022111700100196,2022년 11월 17일 11시,목요일,전라북도 군산시 소룡동,경상사고,0,0,1,0,차대차 - 측면충돌,안전운전불이행,건조,맑음,교차로 - 교차로안,화물,남,46세,상해없음,자전거,남,55세,경상
2022111700100197,2022년 11월 17일 11시,목요일,전라북도 완주군 봉동읍,중상사고,0,1,0,0,차대차 - 측면충돌,교차로운행방법위반,건조,맑음,교차로 - 교차로안,화물,남,57세,상해없음,사륜오토바이(ATV),남,80세,중상
2022111700100234,2022년 11월 17일 12시,목요일,전라북도 전주시 완산구 효자동2가,중상사고,0,1,0,0,차대차 - 기타,신호위반,건조,맑음,교차로 - 교차로부근,승용,여,34세,상해없음,이륜,남,43세,중상
2022111700100260,2022년 11월 17일 13시,목요일,전라북도 전주시 완산구 효자동2가,중상사고,0,1,0,0,차대차 - 측면충돌,안전운전불이행,건조,맑음,교차로 - 교차로횡단보도내,승용,남,39세,상해없음,자전거,여,75세,중상
2022111700100261,2022년 11월 17일 13시,목요일,전라북도 익산시 왕궁면,중상사고,0,1,0,0,차대사람 - 기타,안전운전불이행,건조,맑음,단일로 - 기타,승용,남,55세,상해없음,보행자,남,60세,중상
2022111700100293,2022년 11월 17일 14시,목요일,전라북도 전주시 완산구 서신동,경상사고,0,0,1,0,차대차 - 기타,안전운전불이행,건조,맑음,단일로 - 기타,승용,남,18세,상해없음,승용,남,45세,상해없음
2022111700100294,2022년 11월 17일 14시,목요일,전라북도 익산시 모현동2가,경상사고,0,0,1,0,차대차 - 측면충돌,안전운전불이행,건조,맑음,교차로 - 교차로안,승용,여,34세,상해없음,이륜,여,79세,경상
2022111700100329,2022년 11월 17일 15시,목요일,전라북도 전주시 완산구 평화동1가,경상사고,0,0,1,0,차대차 - 추돌,안전운전불이행,건조,맑음,단일로 - 기타,승용,여,51세,상해없음,승용,남,45세,경상
2022111700100330,2022년 11월 17일 15시,목요일,전라북도 익산시 남중동,경상사고,0,0,1,0,차대차 - 측면충돌,안전운전불이행,건조,맑음,단일로 - 기타,승용,남,47세,상해없음,원동기,남,79세,경상
2022111700100331,2022년 11월 17일 15시,목요일,전라북도 김제시 신풍동,경상사고,0,0,1,0,차대사람 - 차도통행중,안전운전불이행,건조,맑음,단일로 - 지하차도(도로)내,승용,남,71세,상해없음,보행자,남,13세,경상
2022111700100356,2022년 11월 17일 16시,목요일,전라북도 전주시 완산구 교동,경상사고,0,0,3,0,차대사람 - 기타,안전운전불이행,건조,맑음,교차로 - 교차로부근,개인형이동수단(PM),여,45세,상해없음,보행자,여,19세,경상
2022111700100357,2022년 11월 17일 16시,목요일,전라북도 군산시 개정면,경상사고,0,0,1,0,차대차 - 기타,안전운전불이행,건조,맑음,단일로 - 기타,화물,여,77세,기타불명,승용,여,75세,경상
2022111700100358,2022년 11월 17일 16시,목요일,전라북도 익산시 남중동,경상사고,0,0,1,0,차대사람 - 기타,안전운전불이행,건조,맑음,교차로 - 교차로부근,승용,여,62세,상해없음,보행자,여,71세,경상
2022111700100359,2022년 11월 17일 16시,목요일,전라북도 정읍시 수성동,경상사고,0,0,2,0,차대차 - 측면충돌,신호위반,건조,맑음,교차로 - 교차로안,화물,남,61세,상해없음,승용,남,27세,경상
2022111700100405,2022년 11월 17일 17시,목요일,전라북도 정읍시 금붕동,중상사고,0,2,2,0,차대차 - 측면충돌,중앙선침범,건조,맑음,단일로 - 기타,이륜,남,55세,중상,승용,남,22세,경상
2022111700100406,2022년 11월 17일 17시,목요일,전라북도 남원시 도통동,경상사고,0,0,1,0,차대사람 - 차도통행중,안전운전불이행,건조,맑음,단일로 - 기타,승용,남,52세,상해없음,보행자,여,64세,경상
2022111700100525,2022년 11월 17일 19시,목요일,전라북도 군산시 산북동,부상신고사고,0,0,0,1,차량단독 - 기타,기타,건조,맑음,단일로 - 기타,승용,남,39세,부상신고,,,,
2022111700100605,2022년 11월 17일 22시,목요일,전라북도 전주시 완산구 서신동,중상사고,0,1,0,0,차대차 - 측면충돌,신호위반,건조,맑음,교차로 - 교차로안,승용,남,33세,상해없음,승용,여,29세,중상
2022111700100606,2022년 11월 17일 22시,목요일,전라북도 전주시 덕진구 만성동,중상사고,0,1,2,0,차대차 - 측면충돌,신호위반,건조,맑음,교차로 - 교차로안,승용,남,35세,상해없음,승용,남,43세,중상
2022111700100626,2022년 11월 17일 23시,목요일,전라북도 남원시 조산동,중상사고,0,1,0,0,차대사람 - 기타,안전운전불이행,건조,맑음,단일로 - 기타,승용,남,24세,상해없음,보행자,남,23세,중상
2022111800100022,2022년 11월 18일 02시,금요일,전라북도 익산시 황등면,경상사고,0,0,1,0,차대차 - 측면충돌,직진우회전진행방해,건조,맑음,교차로 - 교차로안,승용,남,25세,상해없음,승용,여,57세,경상
2022111800100059,2022년 11월 18일 06시,금요일,전라북도 익산시 왕궁면,경상사고,0,0,1,0,차대차 - 정면충돌,교차로운행방법위반,건조,맑음,교차로 - 교차로안,승용,남,44세,상해없음,이륜,남,70세,경상
2022111800100075,2022년 11월 18일 07시,금요일,전라북도 무주군 무주읍,경상사고,0,0,1,0,차대차 - 측면충돌,신호위반,건조,맑음,교차로 - 교차로안,건설기계,남,63세,상해없음,화물,남,45세,경상
2022111800100227,2022년 11월 18일 12시,금요일,전라북도 정읍시 옹동면,중상사고,0,1,0,0,차대차 - 기타,안전운전불이행,건조,맑음,기타 - 기타,화물,남,54세,상해없음,승용,여,45세,중상
2022111800100307,2022년 11월 18일 14시,금요일,전라북도 군산시 수송동,경상사고,0,0,1,0,차대차 - 기타,중앙선침범,건조,맑음,단일로 - 기타,승용,남,51세,상해없음,승용,남,70세,상해없음
2022111800100348,2022년 11월 18일 15시,금요일,전라북도 정읍시 하모동,중상사고,0,2,4,0,차대차 - 기타,신호위반,건조,맑음,교차로 - 교차로안,승용,남,81세,경상,승용,여,44세,경상
2022111800100383,2022년 11월 18일 16시,금요일,전라북도 전주시 완산구 효자동1가,경상사고,0,0,1,0,차대차 - 정면충돌,신호위반,건조,맑음,교차로 - 교차로안,승용,여,63세,상해없음,승용,남,61세,상해없음
2022111800100384,2022년 11월 18일 16시,금요일,전라북도 전주시 완산구 서노송동,경상사고,0,0,1,0,차대차 - 정면충돌,신호위반,건조,맑음,단일로 - 기타,승용,여,64세,상해없음,개인형이동수단(PM),여,17세,경상
2022111800100385,2022년 11월 18일 16시,금요일,전라북도 군산시 수송동,경상사고,0,0,3,0,차대차 - 추돌,안전운전불이행,건조,맑음,교차로 - 교차로부근,승용,남,23세,상해없음,승용,남,75세,상해없음
2022111800100444,2022년 11월 18일 17시,금요일,전라북도 전주시 덕진구 팔복동3가,경상사고,0,0,2,0,차대차 - 측면충돌,신호위반,건조,맑음,교차로 - 교차로부근,승용,여,59세,상해없음,승용,남,38세,경상
2022111800100445,2022년 11월 18일 17시,금요일,전라북도 군산시 수송동,중상사고,0,1,1,0,차대차 - 정면충돌,신호위반,건조,맑음,교차로 - 교차로안,화물,남,61세,경상,이륜,남,33세,중상
2022111800100446,2022년 11월 18일 17시,금요일,전라북도 군산시 옥구읍,경상사고,0,0,1,0,차대차 - 정면충돌,안전운전불이행,건조,맑음,단일로 - 기타,승용,남,68세,상해없음,승용,여,53세,경상
2022111800100520,2022년 11월 18일 18시,금요일,전라북도 전주시 완산구 효자동2가,중상사고,0,1,0,0,차대차 - 정면충돌,신호위반,건조,맑음,교차로 - 교차로안,승용,남,38세,상해없음,승용,여,35세,중상
2022111800100521,2022년 11월 18일 18시,금요일,전라북도 익산시 왕궁면,중상사고,0,1,0,0,차대차 - 측면충돌,신호위반,건조,맑음,교차로 - 교차로안,승용,남,32세,상해없음,승용,여,61세,중상
2022111800100522,2022년 11월 18일 18시,금요일,전라북도 무주군 설천면,경상사고,0,0,4,0,차대차 - 측면충돌,신호위반,건조,맑음,교차로 - 교차로안,화물,남,54세,상해없음,승용,남,44세,경상
2022111800100594,2022년 11월 18일 19시,금요일,전라북도 전주시 완산구 삼천동1가,중상사고,0,1,0,0,차대차 - 기타,안전운전불이행,건조,맑음,단일로 - 기타,기타불명,기타불명,미분류,기타불명,원동기,남,32세,중상
2022111800100595,2022년 11월 18일 19시,금요일,전라북도 전주시 덕진구 덕진동1가,중상사고,0,1,0,0,차대사람 - 횡단중,신호위반,건조,맑음,교차로 - 교차로횡단보도내,승용,여,46세,상해없음,보행자,남,23세,중상
2022111800100596,2022년 11월 18일 19시,금요일,전라북도 전주시 덕진구 호성동2가,경상사고,0,0,1,0,차량단독 - 기타,기타,건조,맑음,단일로 - 기타,승합,남,55세,상해없음,,,,
2022111800100633,2022년 11월 18일 20시,금요일,전라북도 군산시 나운동,경상사고,0,0,1,0,차대차 - 측면충돌,안전운전불이행,건조,맑음,교차로 - 교차로안,승용,남,32세,상해없음,이륜,남,24세,경상
2022111800100667,2022년 11월 18일 22시,금요일,전라북도 익산시 영등동,경상사고,0,0,1,0,차대차 - 추돌,안전운전불이행,건조,맑음,단일로 - 기타,기타불명,기타불명,미분류,기타불명,자전거,여,65세,경상
2022111800100668,2022년 11월 18일 22시,금요일,전라북도 익산시 삼기면,경상사고,0,0,4,0,차대차 - 측면충돌,신호위반,건조,맑음,교차로 - 교차로안,승용,남,29세,상해없음,승용,남,49세,경상
2022111800100686,2022년 11월 18일 23시,금요일,전라북도 전주시 완산구 효자동1가,경상사고,0,0,2,0,차대차 - 측면충돌,신호위반,건조,맑음,교차로 - 교차로안,승용,여,22세,상해없음,승용,남,24세,경상
2022111900100024,2022년 11월 19일 01시,토요일,전라북도 김제시 검산동,경상사고,0,0,1,0,차대차 - 기타,안전운전불이행,건조,맑음,단일로 - 기타,승용,여,68세,상해없음,승용,여,20세,경상
2022111900100062,2022년 11월 19일 05시,토요일,전라북도 전주시 덕진구 금암동,경상사고,0,0,1,0,차대차 - 정면충돌,중앙선침범,건조,맑음,단일로 - 기타,승용,남,30세,상해없음,화물,남,53세,경상
2022111900100072,2022년 11월 19일 06시,토요일,전라북도 전주시 완산구 서신동,경상사고,0,0,2,0,차대차 - 정면충돌,신호위반,건조,맑음,교차로 - 교차로안,승용,남,45세,상해없음,승용,남,61세,경상
2022111900100079,2022년 11월 19일 07시,토요일,전라북도 익산시 왕궁면,경상사고,0,0,1,0,차대차 - 측면충돌,안전운전불이행,건조,맑음,교차로 - 교차로안,승용,여,39세,상해없음,승용,여,43세,경상
2022111900100092,2022년 11월 19일 08시,토요일,전라북도 전주시 덕진구 장동,경상사고,0,0,1,0,차대차 - 측면충돌,신호위반,건조,맑음,교차로 - 교차로부근,승용,여,53세,상해없음,승합,남,58세,경상
2022111900100209,2022년 11월 19일 12시,토요일,전라북도 임실군 오수면,중상사고,0,3,9,0,차대차 - 기타,기타,건조,맑음,단일로 - 기타,화물,남,59세,상해없음,승용,여,36세,경상
2022111900100283,2022년 11월 19일 14시,토요일,전라북도 전주시 덕진구 금암동,경상사고,0,0,2,0,차대차 - 측면충돌,교차로운행방법위반,건조,맑음,교차로 - 교차로안,원동기,남,59세,상해없음,승용,남,58세,경상
2022111900100321,2022년 11월 19일 15시,토요일,전라북도 익산시 남중동,경상사고,0,0,1,0,차대차 - 추돌,안전운전불이행,건조,맑음,교차로 - 교차로부근,승용,남,68세,상해없음,승용,남,54세,경상
2022111900100349,2022년 11월 19일 16시,토요일,전라북도 정읍시 수성동,경상사고,0,0,2,0,차대차 - 추돌,안전운전불이행,건조,맑음,단일로 - 기타,승용,남,51세,상해없음,승용,남,48세,경상
2022111900100350,2022년 11월 19일 16시,토요일,전라북도 김제시 금구면,경상사고,0,0,1,0,차대차 - 추돌,안전운전불이행,건조,맑음,단일로 - 지하차도(도로)내,승용,남,70세,상해없음,승용,남,63세,경상
2022111900100394,2022년 11월 19일 17시,토요일,전라북도 전주시 덕진구 인후동1가,경상사고,0,0,1,0,차대사람 - 횡단중,신호위반,건조,맑음,단일로 - 기타,원동기,여,56세,상해없음,보행자,남,6세,경상
2022111900100395,2022년 11월 19일 17시,토요일,전라북도 군산시 비응도동,경상사고,0,0,1,0,차대차 - 측면충돌,안전운전불이행,건조,맑음,단일로 - 지하차도(도로)내,승용,여,43세,상해없음,승용,남,40세,경상