사고번호,사고일시,요일,시군구,사고내용,사망자수,중상자수,경상자수,부상신고자수,사고유형,법규위반,노면상태,기상상태,도로형태,가해운전자 차종,가해운전자 성별,가해운전자 연령,가해운전자 상해정도,피해운전자 차종,피해운전자 성별,피해운전자 연령,피해운전자 상해정도
2022112700100223,2022년 11월 27일 15시,일요일,전라북도 익산시 오산면,중상사고,0,1,1,0,차대차 - 추돌,안전운전불이행,건조,맑음,단일로 - 기타,승용,여,39세,경상,승용,남,58세,기타불명
2022112700100224,2022년 11월 27일 15시,일요일,전라북도 김제시 상동동,경상사고,0,0,2,0,차대차 - 측면충돌,직진우회전진행방해,건조,맑음,교차로 - 교차로안,승용,남,78세,상해없음,승용,여,66세,경상
2022112700100282,2022년 11월 27일 17시,일요일,전라북도 전주시 덕진구 산정동,경상사고,0,0,1,0,차대차 - 측면충돌,교차로운행방법위반,건조,맑음,교차로 - 교차로안,승용,남,48세,상해없음,승용,남,61세,경상
2022112700100326,2022년 11월 27일 18시,일요일,전라북도 익산시 영등동,경상사고,0,0,2,0,차대차 - 추돌,안전운전불이행,건조,맑음,단일로 - 기타,승용,여,48세,상해없음,승용,남,46세,경상
2022112700100390,2022년 11월 27일 21시,일요일,전라북도 정읍시 시기동,경상사고,0,0,1,0,차대차 - 측면충돌,신호위반,건조,맑음,교차로 - 교차로안,승용,남,20세,상해없음,승용,남,63세,경상
2022112700100401,2022년 11월 27일 22시,일요일,전라북도 정읍시 연지동,경상사고,0,0,2,0,차대차 - 측면충돌,직진우회전진행방해,건조,맑음,교차로 - 교차로안,승용,여,42세,상해없음,승용,남,27세,경상
2022112800100052,2022년 11월 28일 06시,월요일,전라북도 군산시 조촌동,경상사고,0,0,1,0,차대사람 - 횡단중,신호위반,건조,맑음,교차로 - 교차로횡단보도내,승용,남,66세,상해없음,보행자,남,54세,경상
2022112800100096,2022년 11월 28일 08시,월요일,전라북도 익산시 함열읍,중상사고,0,1,1,0,차대차 - 기타,안전운전불이행,건조,맑음,교차로 - 교차로부근,승합,남,62세,경상,승용,여,63세,중상
2022112800100133,2022년 11월 28일 09시,월요일,전라북도 김제시 금산면,중상사고,0,1,0,0,차대사람 - 횡단중,보행자보호의무위반,건조,흐림,교차로 - 교차로횡단보도내,승용,남,72세,상해없음,보행자,여,62세,중상
2022112800100164,2022년 11월 28일 10시,월요일,전라북도 정읍시 시기동,경상사고,0,0,1,0,차대사람 - 차도통행중,안전운전불이행,건조,맑음,단일로 - 기타,승용,남,60세,상해없음,보행자,남,85세,경상
2022112800100196,2022년 11월 28일 11시,월요일,전라북도 군산시 나운동,중상사고,0,1,2,0,차대차 - 측면충돌,신호위반,젖음/습기,비,교차로 - 교차로안,이륜,남,55세,중상,승용,여,54세,경상
2022112800100197,2022년 11월 28일 11시,월요일,전라북도 군산시 경암동,경상사고,0,0,1,0,차대사람 - 기타,안전운전불이행,건조,흐림,단일로 - 기타,승용,남,57세,상해없음,보행자,여,54세,경상
2022112800100218,2022년 11월 28일 12시,월요일,전라북도 부안군 백산면,경상사고,0,0,1,0,차대차 - 추돌,안전거리미확보,건조,맑음,단일로 - 기타,화물,남,62세,상해없음,승용,남,26세,경상
2022112800100250,2022년 11월 28일 13시,월요일,전라북도 군산시 사정동,경상사고,0,0,2,0,차대차 - 측면충돌,안전운전불이행,건조,흐림,교차로 - 교차로부근,승용,여,31세,상해없음,화물,남,59세,상해없음
2022112800100251,2022년 11월 28일 13시,월요일,전라북도 김제시 백구면,경상사고,0,0,1,0,차대차 - 측면충돌,신호위반,젖음/습기,흐림,교차로 - 교차로안,승용,여,47세,상해없음,원동기,남,66세,경상
2022112800100252,2022년 11월 28일 13시,월요일,전라북도 순창군 동계면,부상신고사고,0,0,0,1,차량단독 - 도로외이탈 - 추락,안전운전불이행,건조,흐림,단일로 - 기타,건설기계,남,50세,부상신고,,,,
2022112800100279,2022년 11월 28일 14시,월요일,전라북도 정읍시 상동,경상사고,0,0,3,0,차대차 - 측면충돌,안전운전불이행,건조,흐림,단일로 - 기타,승용,남,67세,상해없음,자전거,남,11세,경상
2022112800100317,2022년 11월 28일 15시,월요일,전라북도 전주시 완산구 삼천동2가,중상사고,0,2,0,0,차대차 - 측면충돌,중앙선침범,건조,맑음,단일로 - 기타,승용,여,65세,상해없음,승합,남,44세,중상
2022112800100318,2022년 11월 28일 15시,월요일,전라북도 익산시 금마면,경상사고,0,0,3,0,차대차 - 기타,안전운전불이행,건조,맑음,단일로 - 기타,승용,남,32세,경상,승용,여,46세,경상
2022112800100476,2022년 11월 28일 18시,월요일,전라북도 군산시 나운동,경상사고,0,0,2,3,차대차 - 추돌,안전운전불이행,건조,흐림,단일로 - 기타,승용,남,66세,부상신고,승용,남,28세,경상
2022112800100477,2022년 11월 28일 18시,월요일,전라북도 군산시 소룡동,부상신고사고,0,0,0,1,차대사람 - 보도통행중,안전운전불이행,젖음/습기,비,기타 - 기타,기타불명,기타불명,미분류,기타불명,보행자,남,21세,부상신고
2022112800100478,2022년 11월 28일 18시,월요일,전라북도 익산시 인화동2가,중상사고,0,1,0,0,차대차 - 추돌,안전운전불이행,건조,흐림,교차로 - 교차로안,원동기,남,62세,상해없음,자전거,여,68세,중상
2022112800100531,2022년 11월 28일 19시,월요일,전라북도 군산시 나운동,경상사고,0,0,1,0,차대사람 - 횡단중,신호위반,젖음/습기,비,교차로 - 교차로횡단보도내,승용,여,75세,상해없음,보행자,여,57세,경상
2022112800100532,2022년 11월 28일 19시,월요일,전라북도 군산시 수송동,경상사고,0,0,1,0,차대차 - 측면충돌,안전운전불이행,젖음/습기,비,교차로 - 교차로안,승용,남,22세,상해없음,승용,남,36세,상해없음
2022112800100533,2022년 11월 28일 19시,월요일,전라북도 남원시 인월면,중상사고,0,1,0,0,차대차 - 정면충돌,중앙선침범,젖음/습기,비,단일로 - 기타,승용,남,48세,상해없음,승용,여,48세,중상
2022112800100584,2022년 11월 28일 20시,월요일,전라북도 전주시 완산구 서서학동,경상사고,0,0,1,0,차대차 - 기타,신호위반,젖음/습기,비,교차로 - 교차로안,이륜,남,34세,상해없음,승용,여,57세,경상
2022112800100632,2022년 11월 28일 21시,월요일,전라북도 전주시 덕진구 인후동1가,경상사고,0,0,1,0,차대차 - 추돌,안전운전불이행,젖음/습기,비,단일로 - 기타,승용,남,53세,상해없음,승용,남,23세,경상
2022112900100013,2022년 11월 29일 01시,화요일,전라북도 전주시 덕진구 덕진동1가,경상사고,0,0,2,0,차대차 - 측면충돌,신호위반,건조,맑음,교차로 - 교차로안,승용,남,62세,상해없음,승용,남,57세,경상
2022112900100067,2022년 11월 29일 06시,화요일,전라북도 전주시 완산구 서신동,중상사고,0,1,0,0,차대사람 - 횡단중,신호위반,젖음/습기,비,교차로 - 교차로안,승용,남,61세,상해없음,보행자,여,54세,중상
2022112900100131,2022년 11월 29일 08시,화요일,전라북도 군산시 오식도동,경상사고,0,0,1,0,차대차 - 정면충돌,안전운전불이행,건조,흐림,교차로 - 교차로안,승용,남,62세,상해없음,승용,남,37세,경상
2022112900100132,2022년 11월 29일 08시,화요일,전라북도 정읍시 상동,중상사고,0,1,0,0,차량단독 - 기타,안전운전불이행,젖음/습기,비,교차로 - 교차로안,승합,남,51세,상해없음,,,,
2022112900100133,2022년 11월 29일 08시,화요일,전라북도 김제시 신풍동,중상사고,0,1,0,0,차대차 - 측면충돌,안전운전불이행,젖음/습기,흐림,교차로 - 교차로횡단보도내,승용,남,31세,상해없음,자전거,남,75세,중상
2022112900100191,2022년 11월 29일 10시,화요일,전라북도 전주시 덕진구 인후동1가,경상사고,0,0,1,0,차대사람 - 기타,안전운전불이행,건조,맑음,교차로 - 교차로안,화물,남,61세,상해없음,보행자,여,71세,경상
2022112900100218,2022년 11월 29일 11시,화요일,전라북도 전주시 덕진구 우아동2가,경상사고,0,0,1,0,차대사람 - 기타,안전운전불이행,건조,맑음,교차로 - 교차로안,승합,여,58세,상해없음,보행자,여,52세,경상
2022112900100219,2022년 11월 29일 11시,화요일,전라북도 전주시 덕진구 인후동1가,중상사고,0,1,0,0,차대차 - 측면충돌,신호위반,젖음/습기,비,교차로 - 교차로안,승용,남,68세,상해없음,승용,여,52세,중상
2022112900100220,2022년 11월 29일 11시,화요일,전라북도 남원시 산동면,사망사고,1,0,0,0,차량단독 - 공작물충돌,안전운전불이행,젖음/습기,기타,단일로 - 기타,화물,남,71세,사망,,,,
2022112900100248,2022년 11월 29일 12시,화요일,전라북도 남원시 신정동,경상사고,0,0,1,0,차대차 - 기타,안전운전불이행,건조,맑음,교차로 - 교차로부근,화물,남,57세,상해없음,이륜,여,69세,경상
2022112900100249,2022년 11월 29일 12시,화요일,전라북도 남원시 송동면,중상사고,0,1,0,0,차대차 - 측면충돌,신호위반,건조,맑음,교차로 - 교차로안,승용,남,55세,상해없음,승용,여,56세,중상
2022112900100285,2022년 11월 29일 13시,화요일,전라북도 군산시 임피면,경상사고,0,0,2,0,차대차 - 후진중충돌,안전운전불이행,건조,흐림,단일로 - 기타,화물,남,74세,상해없음,승용,여,65세,경상
2022112900100286,2022년 11월 29일 13시,화요일,전라북도 군산시 사정동,경상사고,0,0,2,0,차대차 - 측면충돌,신호위반,건조,흐림,교차로 - 교차로부근,승용,남,18세,상해없음,승용,남,71세,경상
2022112900100287,2022년 11월 29일 13시,화요일,전라북도 김제시 흥사동,경상사고,0,0,1,0,차대차 - 측면충돌,신호위반,건조,맑음,교차로 - 교차로안,건설기계,남,61세,상해없음,승용,남,69세,경상
2022112900100325,2022년 11월 29일 14시,화요일,전라북도 전주시 덕진구 인후동2가,경상사고,0,0,1,0,차대차 - 기타,안전거리미확보,건조,맑음,단일로 - 기타,승용,남,70세,상해없음,승용,남,32세,경상
2022112900100383,2022년 11월 29일 16시,화요일,전라북도 전주시 완산구 효자동3가,중상사고,0,1,0,0,차대사람 - 횡단중,보행자보호의무위반,건조,맑음,교차로 - 교차로횡단보도내,승용,여,46세,상해없음,보행자,여,59세,중상
2022112900100414,2022년 11월 29일 17시,화요일,전라북도 완주군 삼례읍,중상사고,0,1,0,0,차대사람 - 길가장자리구역통행중,안전운전불이행,건조,맑음,단일로 - 기타,승용,여,56세,상해없음,보행자,여,90세,중상
2022112900100459,2022년 11월 29일 18시,화요일,전라북도 완주군 상관면,경상사고,0,0,1,0,차대사람 - 보도통행중,보행자보호의무위반,건조,기타,교차로 - 교차로횡단보도내,승용,여,54세,상해없음,보행자,남,62세,경상
2022112900100518,2022년 11월 29일 20시,화요일,전라북도 군산시 수송동,경상사고,0,0,1,0,차대차 - 측면충돌,중앙선침범,건조,흐림,교차로 - 교차로부근,승용,여,41세,상해없음,이륜,남,46세,경상
2022112900100562,2022년 11월 29일 23시,화요일,전라북도 전주시 덕진구 장동,경상사고,0,0,1,0,차대차 - 추돌,안전운전불이행,건조,맑음,교차로 - 교차로부근,승용,남,23세,상해없음,승용,여,51세,경상
2022112900100563,2022년 11월 29일 23시,화요일,전라북도 군산시 미룡동,부상신고사고,0,0,0,1,차대사람 - 횡단중,보행자보호의무위반,건조,맑음,교차로 - 교차로안,승용,남,50세,상해없음,보행자,남,22세,부상신고
2022113000100009,2022년 11월 30일 00시,수요일,전라북도 전주시 덕진구 진북동,경상사고,0,0,2,0,차대차 - 측면충돌,신호위반,건조,맑음,교차로 - 교차로안,승용,여,66세,상해없음,이륜,남,24세,경상
2022113000100031,2022년 11월 30일 04시,수요일,전라북도 전주시 완산구 효자동3가,경상사고,0,0,1,0,차대차 - 추돌,안전운전불이행,건조,맑음,단일로 - 기타,승용,남,54세,상해없음,화물,남,32세,경상
2022113000100056,2022년 11월 30일 07시,수요일,전라북도 전주시 완산구 효자동1가,중상사고,0,1,0,1,차대차 - 기타,안전거리미확보,건조,맑음,단일로 - 기타,승용,여,32세,부상신고,승용,여,27세,중상
2022113000100088,2022년 11월 30일 08시,수요일,전라북도 전주시 완산구 경원동3가,경상사고,0,0,1,0,차대차 - 추돌,안전운전불이행,건조,맑음,단일로 - 기타,승용,여,61세,상해없음,승용,여,34세,경상
2022113000100089,2022년 11월 30일 08시,수요일,전라북도 완주군 용진읍,중상사고,0,1,3,0,차대차 - 추돌,안전거리미확보,건조,맑음,교차로 - 교차로부근,건설기계,남,61세,상해없음,화물,남,39세,중상
2022113000100150,2022년 11월 30일 10시,수요일,전라북도 전주시 덕진구 금암동,중상사고,0,1,0,0,차대사람 - 횡단중,보행자보호의무위반,건조,맑음,교차로 - 교차로횡단보도내,승용,남,52세,상해없음,보행자,남,78세,중상
2022113000100173,2022년 11월 30일 11시,수요일,전라북도 고창군 심원면,중상사고,0,1,0,0,차대사람 - 차도통행중,안전운전불이행,젖음/습기,눈,교차로 - 교차로부근,승용,여,37세,상해없음,보행자,여,74세,중상
2022113000100227,2022년 11월 30일 13시,수요일,전라북도 정읍시 하북동,경상사고,0,0,2,0,차대차 - 측면충돌,안전운전불이행,건조,맑음,교차로 - 교차로안,승용,여,26세,경상,승용,남,47세,경상
2022113000100257,2022년 11월 30일 14시,수요일,전라북도 남원시 운봉읍,경상사고,0,0,2,0,차대차 - 측면충돌,안전운전불이행,건조,맑음,교차로 - 교차로안,화물,남,62세,상해없음,승용,여,31세,경상
2022113000100301,2022년 11월 30일 15시,수요일,전라북도 군산시 나운동,경상사고,0,0,1,0,차대차 - 기타,안전운전불이행,건조,맑음,주차장 - 주차장,승용,여,29세,상해없음,승용,여,37세,상해없음
2022113000100324,2022년 11월 30일 16시,수요일,전라북도 전주시 완산구 효자동2가,중상사고,0,2,0,0,차대차 - 기타,신호위반,건조,맑음,교차로 - 교차로안,승용,여,52세,상해없음,승용,여,32세,중상
2022113000100363,2022년 11월 30일 17시,수요일,전라북도 전주시 완산구 삼천동1가,경상사고,0,0,1,0,차대사람 - 차도통행중,안전운전불이행,건조,맑음,교차로 - 교차로안,화물,남,39세,상해없음,보행자,여,21세,경상
2022113000100364,2022년 11월 30일 17시,수요일,전라북도 익산시 춘포면,중상사고,0,1,0,0,차대차 - 측면충돌,중앙선침범,건조,맑음,단일로 - 기타,승용,여,48세,상해없음,승용,남,51세,중상
2022113000100418,2022년 11월 30일 18시,수요일,전라북도 전주시 덕진구 반월동,경상사고,0,0,1,0,차대차 - 측면충돌,안전거리미확보,건조,맑음,단일로 - 기타,승용,여,32세,상해없음,자전거,여,20세,경상
2022113000100419,2022년 11월 30일 18시,수요일,전라북도 군산시 수송동,중상사고,0,1,2,0,차대차 - 추돌,안전거리미확보,건조,맑음,단일로 - 기타,승합,남,52세,상해없음,승용,남,51세,경상
2022113000100478,2022년 11월 30일 20시,수요일,전라북도 정읍시 상동,중상사고,0,1,0,0,차대사람 - 횡단중,보행자보호의무위반,건조,맑음,교차로 - 교차로횡단보도내,승용,여,31세,상해없음,보행자,여,60세,중상
2022113000100479,2022년 11월 30일 20시,수요일,전라북도 정읍시 시기동,경상사고,0,0,1,0,차대사람 - 차도통행중,안전거리미확보,건조,맑음,단일로 - 기타,기타불명,기타불명,미분류,기타불명,보행자,여,73세,경상
2022113000100542,2022년 11월 30일 23시,수요일,전라북도 전주시 덕진구 덕진동2가,중상사고,0,1,0,0,차대차 - 측면충돌,안전운전불이행,건조,맑음,교차로 - 교차로횡단보도내,승용,남,38세,상해없음,개인형이동수단(PM),남,55세,중상
2022120100100076,2022년 12월 1일 07시,목요일,전라북도 익산시 왕궁면,중상사고,0,1,1,0,차대차 - 측면충돌,직진우회전진행방해,건조,맑음,교차로 - 교차로안,승용,여,63세,중상,승용,여,57세,경상
2022120100100136,2022년 12월 1일 09시,목요일,전라북도 전주시 덕진구 팔복동1가,경상사고,0,0,2,0,차대차 - 추돌,신호위반,건조,맑음,교차로 - 교차로부근,승용,남,80세,상해없음,승합,남,49세,경상
2022120100100165,2022년 12월 1일 10시,목요일,전라북도 군산시 산북동,경상사고,0,0,1,0,차대차 - 측면충돌,직진우회전진행방해,건조,맑음,교차로 - 교차로안,이륜,남,28세,경상,승용,남,46세,상해없음
2022120100100227,2022년 12월 1일 12시,목요일,전라북도 김제시 요촌동,중상사고,0,1,0,0,차대사람 - 차도통행중,안전운전불이행,건조,맑음,교차로 - 교차로안,승용,남,51세,상해없음,보행자,남,72세,중상
2022120100100349,2022년 12월 1일 16시,목요일,전라북도 완주군 용진읍,경상사고,0,0,1,0,차대차 - 측면충돌,안전운전불이행,건조,맑음,교차로 - 교차로안,화물,남,51세,상해없음,승용,여,39세,경상
2022120100100391,2022년 12월 1일 17시,목요일,전라북도 김제시 요촌동,경상사고,0,0,1,0,차대차 - 측면충돌,안전운전불이행,건조,맑음,교차로 - 교차로안,승용,남,36세,상해없음,이륜,남,52세,경상
2022120100100440,2022년 12월 1일 18시,목요일,전라북도 전주시 완산구 서신동,중상사고,0,1,0,0,차대차 - 측면충돌,신호위반,건조,맑음,교차로 - 교차로안,화물,남,75세,상해없음,이륜,남,16세,중상
2022120100100496,2022년 12월 1일 20시,목요일,전라북도 남원시 신정동,경상사고,0,0,2,0,차대차 - 정면충돌,안전운전불이행,건조,맑음,교차로 - 교차로부근,승용,남,55세,상해없음,승용,남,25세,경상
2022120100100563,2022년 12월 1일 23시,목요일,전라북도 완주군 봉동읍,사망사고,1,0,0,0,차량단독 - 공작물충돌,안전운전불이행,건조,맑음,교차로 - 교차로부근,승용,남,45세,사망,,,,
2022120200100077,2022년 12월 2일 07시,금요일,전라북도 완주군 용진읍,사망사고,2,0,0,0,차대차 - 기타,중앙선침범,건조,맑음,단일로 - 기타,승용,여,39세,사망,승용,여,53세,사망
2022120200100117,2022년 12월 2일 08시,금요일,전라북도 정읍시 상동,중상사고,0,1,2,0,차대차 - 측면충돌,교차로운행방법위반,건조,맑음,교차로 - 교차로안,승용,여,48세,중상,승용,남,56세,경상
2022120200100247,2022년 12월 2일 12시,금요일,전라북도 군산시 나운동,중상사고,0,1,1,0,차대차 - 측면충돌,안전운전불이행,건조,맑음,교차로 - 교차로안,승용,여,59세,경상,이륜,남,81세,중상
2022120200100344,2022년 12월 2일 15시,금요일,전라북도 전주시 완산구 효자동1가,중상사고,0,1,0,0,차대사람 - 기타,안전운전불이행,건조,맑음,교차로 - 교차로안,자전거,남,85세,상해없음,보행자,여,82세,중상
2022120200100345,2022년 12월 2일 15시,금요일,전라북도 고창군 대산면,중상사고,0,1,1,0,차대차 - 측면충돌,신호위반,건조,맑음,교차로 - 교차로안,화물,남,59세,상해없음,승용,남,65세,중상
2022120200100380,2022년 12월 2일 16시,금요일,전라북도 전주시 완산구 서신동,중상사고,0,1,0,0,차대사람 - 기타,안전운전불이행,건조,맑음,교차로 - 교차로부근,승용,남,51세,상해없음,보행자,남,8세,중상
2022120200100382,2022년 12월 2일 16시,금요일,전라북도 정읍시 소성면,경상사고,0,0,3,0,차대차 - 측면충돌,신호위반,건조,맑음,교차로 - 교차로안,승용,남,79세,상해없음,승용,여,35세,경상
2022120200100554,2022년 12월 2일 19시,금요일,전라북도 전주시 덕진구 송천동2가,경상사고,0,0,1,0,차대차 - 측면충돌,안전운전불이행,건조,맑음,단일로 - 기타,승용,여,31세,상해없음,승용,남,28세,상해없음
2022120200100555,2022년 12월 2일 19시,금요일,전라북도 익산시 황등면,사망사고,1,1,0,0,차대차 - 측면충돌,직진우회전진행방해,건조,맑음,교차로 - 교차로안,화물,남,60세,중상,승용,남,76세,사망
2022120200100587,2022년 12월 2일 20시,금요일,전라북도 임실군 임실읍,중상사고,0,1,2,0,차대차 - 정면충돌,중앙선침범,건조,맑음,단일로 - 기타,승용,남,46세,상해없음,이륜,남,21세,경상
2022120200100642,2022년 12월 2일 23시,금요일,전라북도 전주시 덕진구 우아동2가,중상사고,0,1,0,0,차대사람 - 횡단중,보행자보호의무위반,건조,맑음,교차로 - 교차로횡단보도내,승용,남,64세,상해없음,보행자,남,47세,중상
2022120300100068,2022년 12월 3일 06시,토요일,전라북도 군산시 해망동,중상사고,0,1,1,0,차대차 - 측면충돌,안전운전불이행,적설,눈,교차로 - 교차로안,원동기,남,74세,중상,승용,남,45세,경상
2022120300100083,2022년 12월 3일 07시,토요일,전라북도 군산시 경장동,경상사고,0,0,2,0,차대차 - 측면충돌,중앙선침범,건조,맑음,단일로 - 기타,이륜,남,79세,경상,승용,여,64세,경상
2022120300100136,2022년 12월 3일 09시,토요일,전라북도 전주시 완산구 중화산동2가,중상사고,0,1,0,0,차대차 - 측면충돌,안전운전불이행,건조,흐림,교차로 - 교차로안,승용,남,45세,상해없음,자전거,여,49세,중상
2022120300100137,2022년 12월 3일 09시,토요일,전라북도 군산시 미원동,경상사고,0,0,1,0,차대차 - 측면충돌,기타,젖음/습기,비,교차로 - 교차로안,승용,남,34세,상해없음,화물,남,69세,경상
2022120300100155,2022년 12월 3일 10시,토요일,전라북도 익산시 영등동,중상사고,0,1,1,0,차대사람 - 횡단중,보행자보호의무위반,건조,맑음,교차로 - 교차로횡단보도내,승용,여,53세,상해없음,보행자,여,10세,중상
2022120300100208,2022년 12월 3일 12시,토요일,전라북도 익산시 신용동,경상사고,0,0,2,0,차대차 - 추돌,안전운전불이행,젖음/습기,비,교차로 - 교차로부근,승용,남,75세,상해없음,승용,여,41세,경상
2022120300100273,2022년 12월 3일 14시,토요일,전라북도 순창군 인계면,사망사고,1,0,2,0,차량단독 - 공작물충돌,안전운전불이행,건조,맑음,단일로 - 기타,승용,남,54세,경상,,,,
2022120300100306,2022년 12월 3일 15시,토요일,전라북도 전주시 덕진구 덕진동1가,경상사고,0,0,2,0,차대차 - 측면충돌,신호위반,건조,맑음,단일로 - 기타,승용,남,62세,상해없음,승용,남,66세,경상
2022120300100307,2022년 12월 3일 15시,토요일,전라북도 부안군 부안읍,경상사고,0,0,5,0,차대차 - 측면충돌,직진우회전진행방해,건조,맑음,교차로 - 교차로안,승용,여,60세,상해없음,승용,여,48세,경상
2022120300100385,2022년 12월 3일 17시,토요일,전라북도 정읍시 수성동,경상사고,0,0,1,0,차대차 - 측면충돌,안전운전불이행,건조,맑음,교차로 - 교차로안,승용,여,51세,상해없음,승용,여,35세,경상
2022120300100457,2022년 12월 3일 19시,토요일,전라북도 군산시 경장동,경상사고,0,0,1,0,차대차 - 후진중충돌,안전운전불이행,건조,맑음,주차장 - 주차장,승용,여,55세,상해없음,승용,여,36세,상해없음
2022120300100557,2022년 12월 3일 23시,토요일,전라북도 군산시 나운동,경상사고,0,0,1,0,차량단독 - 기타,안전운전불이행,건조,맑음,교차로 - 교차로안,승용,남,62세,상해없음,,,,
2022120400100008,2022년 12월 4일 00시,일요일,전라북도 고창군 고창읍,경상사고,0,0,1,0,차대차 - 추돌,안전거리미확보,건조,맑음,단일로 - 교량,승합,남,60세,상해없음,화물,남,52세,경상
2022120400100061,2022년 12월 4일 08시,일요일,전라북도 군산시 나운동,경상사고,0,0,1,0,차대차 - 정면충돌,신호위반,건조,맑음,교차로 - 교차로안,승합,남,77세,상해없음,승용,여,73세,경상
2022120400100094,2022년 12월 4일 10시,일요일,전라북도 전주시 완산구 서신동,경상사고,0,0,1,0,차대차 - 측면충돌,안전운전불이행,건조,맑음,단일로 - 기타,승용,여,43세,상해없음,이륜,남,31세,경상
2022120400100189,2022년 12월 4일 14시,일요일,전라북도 익산시 여산면,중상사고,0,1,1,0,차대차 - 측면충돌,직진우회전진행방해,건조,맑음,교차로 - 교차로안,승용,남,71세,상해없음,이륜,남,61세,중상
2022120400100246,2022년 12월 4일 16시,일요일,전라북도 군산시 내초동,경상사고,0,0,1,0,차대차 - 추돌,안전운전불이행,건조,맑음,교차로 - 교차로부근,승용,남,59세,상해없음,승용,여,39세,경상
2022120400100277,2022년 12월 4일 17시,일요일,전라북도 전주시 완산구 효자동1가,경상사고,0,0,2,0,차대차 - 정면충돌,직진우회전진행방해,건조,맑음,교차로 - 교차로안,승용,남,62세,상해없음,원동기,남,20세,경상
2022120400100278,2022년 12월 4일 17시,일요일,전라북도 완주군 봉동읍,사망사고,1,0,0,0,차대사람 - 횡단중,보행자보호의무위반,건조,맑음,단일로 - 기타,승용,남,54세,상해없음,보행자,여,81세,사망
2022120400100363,2022년 12월 4일 20시,일요일,전라북도 전주시 완산구 삼천동1가,경상사고,0,0,3,0,차대차 - 후진중충돌,불법유턴,건조,맑음,교차로 - 교차로안,승용,남,57세,상해없음,승용,여,25세,경상
2022120400100364,2022년 12월 4일 20시,일요일,전라북도 전주시 완산구 중노송동,경상사고,0,0,2,0,차대차 - 측면충돌,안전운전불이행,건조,맑음,단일로 - 기타,승용,여,24세,상해없음,승용,남,43세,경상
2022120500100038,2022년 12월 5일 07시,월요일,전라북도 군산시 소룡동,경상사고,0,0,1,0,차대사람 - 기타,안전운전불이행,건조,맑음,단일로 - 기타,승용,남,45세,상해없음,보행자,여,16세,경상
2022120500100071,2022년 12월 5일 08시,월요일,전라북도 군산시 선양동,경상사고,0,0,9,0,차대차 - 측면충돌,안전운전불이행,건조,맑음,교차로 - 교차로안,승용,남,80세,상해없음,승합,남,62세,상해없음
2022120500100095,2022년 12월 5일 09시,월요일,전라북도 전주시 완산구 상림동,중상사고,0,1,1,0,차대차 - 기타,안전운전불이행,건조,맑음,교차로 - 교차로부근,화물,남,32세,상해없음,승용,여,62세,경상
2022120500100096,2022년 12월 5일 09시,월요일,전라북도 익산시 남중동,중상사고,0,1,0,0,차대차 - 측면충돌,안전운전불이행,건조,맑음,단일로 - 기타,건설기계,남,55세,상해없음,승용,남,75세,중상
2022120500100097,2022년 12월 5일 09시,월요일,전라북도 완주군 고산면,중상사고,0,1,0,0,차대차 - 정면충돌,안전운전불이행,건조,맑음,교차로 - 교차로안,승용,남,70세,상해없음,이륜,여,55세,중상
2022120500100128,2022년 12월 5일 10시,월요일,전라북도 남원시 사매면,경상사고,0,0,3,0,차대차 - 추돌,기타,건조,맑음,단일로 - 기타,승용,남,22세,상해없음,승용,남,45세,경상
2022120500100178,2022년 12월 5일 12시,월요일,전라북도 전주시 덕진구 덕진동1가,경상사고,0,0,2,0,차대차 - 측면충돌,교차로운행방법위반,건조,맑음,교차로 - 교차로안,승용,남,62세,경상,승용,남,31세,경상
2022120500100232,2022년 12월 5일 14시,월요일,전라북도 전주시 덕진구 여의동,중상사고,0,1,0,0,차대차 - 측면충돌,안전운전불이행,건조,맑음,교차로 - 교차로부근,승용,여,41세,상해없음,원동기,남,31세,중상
2022120500100233,2022년 12월 5일 14시,월요일,전라북도 무주군 무주읍,중상사고,0,1,0,0,차대차 - 측면충돌,안전운전불이행,건조,흐림,단일로 - 지하차도(도로)내,화물,남,65세,상해없음,승용,여,25세,중상
2022120500100299,2022년 12월 5일 16시,월요일,전라북도 전주시 완산구 서신동,경상사고,0,0,1,0,차대사람 - 보도통행중,보행자보호의무위반,건조,맑음,교차로 - 교차로횡단보도내,승합,남,48세,상해없음,보행자,여,73세,경상
2022120500100338,2022년 12월 5일 17시,월요일,전라북도 전주시 덕진구 송천동2가,경상사고,0,0,2,0,차대차 - 추돌,안전운전불이행,건조,맑음,교차로 - 교차로부근,승용,여,56세,상해없음,승용,남,49세,경상
2022120500100339,2022년 12월 5일 17시,월요일,전라북도 진안군 진안읍,경상사고,0,0,1,0,차대차 - 측면충돌,직진우회전진행방해,건조,맑음,교차로 - 교차로안,승용,남,52세,상해없음,원동기,남,31세,경상
2022120500100379,2022년 12월 5일 18시,월요일,전라북도 익산시 금강동,중상사고,0,1,0,0,차대차 - 측면충돌,안전운전불이행,건조,맑음,교차로 - 교차로안,승용,남,46세,상해없음,이륜,남,22세,중상