사고번호,사고일시,요일,시군구,사고내용,사망자수,중상자수,경상자수,부상신고자수,사고유형,법규위반,노면상태,기상상태,도로형태,가해운전자 차종,가해운전자 성별,가해운전자 연령,가해운전자 상해정도,피해운전자 차종,피해운전자 성별,피해운전자 연령,피해운전자 상해정도
2022120500100460,2022년 12월 5일 20시,월요일,전라북도 완주군 이서면,경상사고,0,0,4,0,차대차 - 기타,안전운전불이행,건조,맑음,주차장 - 주차장,승용,남,26세,상해없음,승용,남,42세,경상
2022120600100002,2022년 12월 6일 00시,화요일,전라북도 익산시 어양동,경상사고,0,0,1,0,차대차 - 측면충돌,신호위반,건조,맑음,교차로 - 교차로안,승용,남,23세,상해없음,승용,여,20세,경상
2022120600100017,2022년 12월 6일 04시,화요일,전라북도 군산시 산북동,경상사고,0,0,1,0,차대차 - 측면충돌,신호위반,건조,맑음,교차로 - 교차로안,승용,남,62세,상해없음,승용,남,25세,경상
2022120600100116,2022년 12월 6일 08시,화요일,전라북도 익산시 용제동,중상사고,0,1,1,0,차대차 - 기타,교차로운행방법위반,건조,맑음,교차로 - 교차로안,화물,남,62세,중상,승용,여,28세,경상
2022120600100280,2022년 12월 6일 12시,화요일,전라북도 익산시 어양동,중상사고,0,1,0,0,차대사람 - 횡단중,보행자보호의무위반,건조,맑음,단일로 - 기타,승용,여,60세,상해없음,보행자,여,64세,중상
2022120600100302,2022년 12월 6일 13시,화요일,전라북도 김제시 교동,중상사고,0,1,0,0,차대차 - 기타,직진우회전진행방해,건조,맑음,교차로 - 교차로안,승용,남,52세,상해없음,화물,남,81세,중상
2022120600100317,2022년 12월 6일 14시,화요일,전라북도 전주시 완산구 효자동2가,경상사고,0,0,1,0,차대사람 - 기타,안전운전불이행,건조,맑음,단일로 - 기타,승합,남,54세,상해없음,보행자,여,44세,경상
2022120600100318,2022년 12월 6일 14시,화요일,전라북도 군산시 소룡동,경상사고,0,0,1,0,차대차 - 기타,안전운전불이행,건조,맑음,교차로 - 교차로부근,화물,남,37세,상해없음,화물,남,41세,경상
2022120600100319,2022년 12월 6일 14시,화요일,전라북도 군산시 수송동,경상사고,0,0,2,0,차대차 - 측면충돌,안전운전불이행,건조,맑음,단일로 - 기타,승용,여,23세,상해없음,승용,여,46세,경상
2022120600100362,2022년 12월 6일 15시,화요일,전라북도 익산시 평화동,경상사고,0,0,2,0,차대차 - 기타,교차로운행방법위반,건조,맑음,교차로 - 교차로안,승용,남,68세,경상,승용,남,62세,경상
2022120600100363,2022년 12월 6일 15시,화요일,전라북도 정읍시 수성동,경상사고,0,0,1,0,차대사람 - 횡단중,보행자보호의무위반,건조,맑음,단일로 - 기타,승용,여,58세,상해없음,보행자,남,78세,경상
2022120600100452,2022년 12월 6일 17시,화요일,전라북도 전주시 완산구 중화산동2가,경상사고,0,0,3,0,차대차 - 측면충돌,신호위반,젖음/습기,눈,단일로 - 기타,승용,여,64세,상해없음,승용,여,35세,경상
2022120600100501,2022년 12월 6일 18시,화요일,전라북도 전주시 덕진구 만성동,경상사고,0,0,1,0,차대차 - 측면충돌,안전운전불이행,건조,맑음,교차로 - 교차로횡단보도내,승용,남,38세,상해없음,자전거,여,12세,경상
2022120600100502,2022년 12월 6일 18시,화요일,전라북도 전주시 덕진구 송천동1가,경상사고,0,0,1,0,차대사람 - 차도통행중,안전운전불이행,건조,맑음,교차로 - 교차로안,승용,여,33세,상해없음,보행자,여,42세,경상
2022120600100504,2022년 12월 6일 18시,화요일,전라북도 군산시 미원동,경상사고,0,0,1,0,차대사람 - 횡단중,보행자보호의무위반,건조,맑음,단일로 - 기타,승용,여,35세,상해없음,보행자,여,77세,경상
2022120600100545,2022년 12월 6일 19시,화요일,전라북도 군산시 수송동,경상사고,0,0,1,0,차대차 - 측면충돌,신호위반,건조,흐림,교차로 - 교차로안,화물,남,67세,상해없음,승용,남,62세,경상
2022120700100071,2022년 12월 7일 07시,수요일,전라북도 전주시 덕진구 인후동1가,중상사고,0,1,0,0,차대사람 - 차도통행중,안전운전불이행,건조,맑음,단일로 - 기타,승용,여,48세,상해없음,보행자,여,77세,중상
2022120700100072,2022년 12월 7일 07시,수요일,전라북도 완주군 용진읍,중상사고,0,1,0,0,차대차 - 정면충돌,안전운전불이행,건조,맑음,교차로 - 교차로부근,화물,남,66세,상해없음,승용,남,65세,중상
2022120700100163,2022년 12월 7일 10시,수요일,전라북도 정읍시 칠보면,경상사고,0,0,1,0,차대차 - 기타,중앙선침범,건조,맑음,교차로 - 교차로안,이륜,여,80세,경상,화물,남,30세,상해없음
2022120700100164,2022년 12월 7일 10시,수요일,전라북도 순창군 동계면,경상사고,0,0,1,0,차대차 - 측면충돌,교차로운행방법위반,건조,맑음,교차로 - 교차로안,화물,남,80세,상해없음,원동기,여,80세,경상
2022120700100215,2022년 12월 7일 12시,수요일,전라북도 장수군 천천면,중상사고,0,1,0,0,차량단독 - 공작물충돌,안전운전불이행,건조,맑음,교차로 - 교차로부근,화물,남,67세,중상,,,,
2022120700100246,2022년 12월 7일 13시,수요일,전라북도 군산시 오식도동,부상신고사고,0,0,0,2,차대차 - 측면충돌,직진우회전진행방해,건조,맑음,교차로 - 교차로안,승용,여,49세,부상신고,승용,남,57세,부상신고
2022120700100247,2022년 12월 7일 13시,수요일,전라북도 정읍시 정우면,중상사고,0,1,0,0,차량단독 - 도로외이탈 - 추락,안전운전불이행,건조,맑음,단일로 - 기타,화물,남,65세,중상,,,,
2022120700100278,2022년 12월 7일 14시,수요일,전라북도 익산시 남중동,경상사고,0,0,1,0,차대차 - 측면충돌,신호위반,건조,맑음,교차로 - 교차로안,승용,여,73세,상해없음,승용,여,58세,경상
2022120700100279,2022년 12월 7일 14시,수요일,전라북도 익산시 마동,경상사고,0,0,1,0,차대차 - 추돌,안전운전불이행,건조,맑음,교차로 - 교차로안,승용,남,33세,상해없음,승용,남,70세,경상
2022120700100398,2022년 12월 7일 17시,수요일,전라북도 익산시 팔봉동,중상사고,0,1,0,0,차대사람 - 횡단중,보행자보호의무위반,건조,맑음,교차로 - 교차로횡단보도내,승용,남,63세,상해없음,보행자,남,65세,중상
2022120700100463,2022년 12월 7일 18시,수요일,전라북도 전주시 완산구 평화동2가,경상사고,0,0,1,0,차대차 - 측면충돌,안전운전불이행,건조,맑음,교차로 - 교차로안,승합,남,54세,상해없음,승합,남,48세,경상
2022120700100464,2022년 12월 7일 18시,수요일,전라북도 정읍시 태인면,경상사고,0,0,2,0,차대차 - 추돌,안전운전불이행,건조,맑음,교차로 - 교차로부근,승용,여,54세,경상,승용,여,52세,경상
2022120800100017,2022년 12월 8일 01시,목요일,전라북도 전주시 완산구 중화산동1가,경상사고,0,0,1,0,차대차 - 추돌,안전거리미확보,건조,맑음,단일로 - 기타,승용,남,26세,상해없음,승용,남,56세,경상
2022120800100018,2022년 12월 8일 01시,목요일,전라북도 전주시 덕진구 산정동,경상사고,0,0,1,0,차대차 - 추돌,안전운전불이행,건조,맑음,교차로 - 교차로부근,화물,남,55세,상해없음,화물,남,35세,경상
2022120800100050,2022년 12월 8일 05시,목요일,전라북도 전주시 완산구 서서학동,중상사고,0,1,0,0,차대차 - 측면충돌,안전운전불이행,건조,맑음,교차로 - 교차로횡단보도내,자전거,남,80세,중상,화물,남,75세,상해없음
2022120800100071,2022년 12월 8일 06시,목요일,전라북도 전주시 덕진구 금암동,경상사고,0,0,1,0,차대차 - 측면충돌,안전운전불이행,건조,맑음,교차로 - 교차로안,승용,여,41세,상해없음,자전거,여,68세,경상
2022120800100072,2022년 12월 8일 06시,목요일,전라북도 완주군 화산면,사망사고,1,0,0,0,차대차 - 추돌,안전운전불이행,건조,맑음,단일로 - 기타,승용,남,47세,상해없음,자전거,남,69세,사망
2022120800100089,2022년 12월 8일 07시,목요일,전라북도 완주군 삼례읍,중상사고,0,1,0,0,차대사람 - 횡단중,보행자보호의무위반,건조,맑음,교차로 - 교차로안,화물,남,56세,상해없음,보행자,여,48세,중상
2022120800100168,2022년 12월 8일 09시,목요일,전라북도 완주군 봉동읍,경상사고,0,0,3,0,차대차 - 추돌,안전거리미확보,건조,맑음,교차로 - 교차로부근,승용,남,75세,경상,승용,여,65세,경상
2022120800100205,2022년 12월 8일 10시,목요일,전라북도 전주시 완산구 평화동2가,경상사고,0,0,2,0,차대차 - 측면충돌,안전운전불이행,건조,맑음,단일로 - 기타,승용,남,78세,상해없음,승합,남,56세,경상
2022120800100206,2022년 12월 8일 10시,목요일,전라북도 전주시 완산구 중화산동2가,중상사고,0,1,0,0,차대차 - 기타,안전운전불이행,건조,맑음,단일로 - 기타,승용,여,59세,상해없음,이륜,남,43세,중상
2022120800100207,2022년 12월 8일 10시,목요일,전라북도 전주시 완산구 태평동,중상사고,0,1,1,0,차대차 - 정면충돌,신호위반,건조,맑음,교차로 - 교차로안,화물,남,29세,상해없음,승용,남,82세,경상
2022120800100208,2022년 12월 8일 10시,목요일,전라북도 남원시 운봉읍,경상사고,0,0,1,0,차대차 - 측면충돌,기타,건조,맑음,교차로 - 교차로안,화물,남,66세,상해없음,화물,여,56세,경상
2022120800100270,2022년 12월 8일 12시,목요일,전라북도 남원시 죽항동,중상사고,0,1,1,0,차대차 - 측면충돌,안전거리미확보,건조,맑음,교차로 - 교차로안,승용,남,58세,상해없음,승용,남,46세,중상
2022120800100308,2022년 12월 8일 13시,목요일,전라북도 전주시 덕진구 여의동,경상사고,0,0,3,0,차대차 - 기타,안전운전불이행,건조,맑음,단일로 - 기타,화물,남,56세,상해없음,승용,남,62세,경상
2022120800100341,2022년 12월 8일 14시,목요일,전라북도 전주시 완산구 다가동4가,경상사고,0,0,1,0,차대차 - 정면충돌,안전운전불이행,건조,맑음,교차로 - 교차로안,승용,남,53세,상해없음,승용,여,60세,경상
2022120800100381,2022년 12월 8일 15시,목요일,전라북도 김제시 금구면,중상사고,0,1,0,0,차대차 - 측면충돌,안전운전불이행,건조,맑음,교차로 - 교차로안,화물,남,74세,상해없음,승합,남,55세,중상
2022120800100382,2022년 12월 8일 15시,목요일,전라북도 김제시 금구면,경상사고,0,0,1,0,차대차 - 정면충돌,중앙선침범,건조,맑음,단일로 - 지하차도(도로)내,승용,여,55세,상해없음,승용,여,54세,경상
2022120800100442,2022년 12월 8일 17시,목요일,전라북도 전주시 완산구 효자동3가,경상사고,0,0,1,0,차대차 - 측면충돌,안전거리미확보,건조,맑음,단일로 - 기타,승용,남,34세,기타불명,승용,남,63세,경상
2022120800100443,2022년 12월 8일 17시,목요일,전라북도 전주시 덕진구 인후동1가,경상사고,0,0,1,0,차대차 - 측면충돌,중앙선침범,건조,맑음,교차로 - 교차로부근,승용,남,54세,상해없음,이륜,남,49세,경상
2022120800100444,2022년 12월 8일 17시,목요일,전라북도 익산시 신용동,경상사고,0,0,3,0,차대차 - 추돌,안전운전불이행,건조,맑음,단일로 - 기타,승용,남,24세,상해없음,승용,남,31세,경상
2022120800100445,2022년 12월 8일 17시,목요일,전라북도 무주군 안성면,중상사고,0,1,0,0,차대차 - 정면충돌,중앙선침범,건조,맑음,교차로 - 교차로부근,이륜,여,68세,중상,승용,남,65세,기타불명
2022120800100507,2022년 12월 8일 18시,목요일,전라북도 군산시 조촌동,경상사고,0,0,1,0,차대차 - 측면충돌,안전운전불이행,건조,맑음,교차로 - 교차로안,화물,남,37세,상해없음,이륜,남,21세,경상
2022120800100508,2022년 12월 8일 18시,목요일,전라북도 군산시 문화동,경상사고,0,0,3,1,차대차 - 기타,신호위반,건조,맑음,교차로 - 교차로안,승용,남,64세,상해없음,승용,여,56세,경상
2022120800100559,2022년 12월 8일 19시,목요일,전라북도 전주시 덕진구 덕진동2가,경상사고,0,0,4,1,차대차 - 추돌,안전거리미확보,건조,맑음,교차로 - 교차로부근,승용,남,63세,상해없음,승용,남,60세,경상
2022120800100602,2022년 12월 8일 20시,목요일,전라북도 익산시 남중동,경상사고,0,0,1,0,차대차 - 정면충돌,안전운전불이행,건조,맑음,교차로 - 교차로안,이륜,남,21세,상해없음,이륜,남,38세,경상
2022120900100032,2022년 12월 9일 04시,금요일,전라북도 완주군 이서면,경상사고,0,0,1,0,차대차 - 측면충돌,신호위반,건조,맑음,교차로 - 교차로안,화물,남,50세,상해없음,승용,여,26세,경상
2022120900100086,2022년 12월 9일 08시,금요일,전라북도 군산시 옥산면,중상사고,0,1,0,0,차대차 - 측면충돌,안전운전불이행,건조,맑음,교차로 - 교차로안,승용,남,52세,상해없음,자전거,여,65세,중상
2022120900100171,2022년 12월 9일 11시,금요일,전라북도 정읍시 수성동,중상사고,0,1,0,0,차대사람 - 횡단중,보행자보호의무위반,건조,맑음,교차로 - 교차로횡단보도내,화물,남,55세,상해없음,보행자,남,72세,중상
2022120900100205,2022년 12월 9일 12시,금요일,전라북도 군산시 수송동,경상사고,0,0,2,0,차대차 - 측면충돌,안전운전불이행,건조,맑음,교차로 - 교차로안,이륜,남,29세,상해없음,승용,남,40세,경상
2022120900100263,2022년 12월 9일 14시,금요일,전라북도 군산시 월명동,경상사고,0,0,1,0,차대사람 - 길가장자리구역통행중,안전운전불이행,건조,흐림,단일로 - 기타,승용,여,59세,상해없음,보행자,남,11세,경상
2022120900100324,2022년 12월 9일 16시,금요일,전라북도 부안군 부안읍,경상사고,0,0,1,0,차대차 - 측면충돌,교차로운행방법위반,건조,맑음,교차로 - 교차로안,승용,여,33세,상해없음,원동기,남,53세,상해없음
2022120900100373,2022년 12월 9일 17시,금요일,전라북도 전주시 덕진구 송천동1가,중상사고,0,1,0,0,차대차 - 정면충돌,안전운전불이행,건조,맑음,교차로 - 교차로안,승용,남,49세,상해없음,승용,여,62세,중상
2022120900100374,2022년 12월 9일 17시,금요일,전라북도 익산시 신흥동,경상사고,0,0,1,0,차대차 - 측면충돌,교차로운행방법위반,건조,맑음,교차로 - 교차로안,승용,남,59세,상해없음,승용,여,58세,경상
2022120900100532,2022년 12월 9일 20시,금요일,전라북도 완주군 봉동읍,중상사고,0,1,0,0,차대사람 - 횡단중,안전운전불이행,건조,맑음,교차로 - 교차로부근,승용,남,22세,상해없음,보행자,남,51세,중상
2022120900100566,2022년 12월 9일 21시,금요일,전라북도 전주시 완산구 효자동3가,경상사고,0,0,1,0,차대사람 - 기타,기타,건조,맑음,단일로 - 기타,승합,남,48세,상해없음,보행자,남,22세,경상
2022121000100014,2022년 12월 10일 00시,토요일,전라북도 전주시 덕진구 진북동,경상사고,0,0,2,0,차대차 - 측면충돌,중앙선침범,건조,맑음,단일로 - 기타,이륜,남,28세,상해없음,승용,남,74세,경상
2022121000100059,2022년 12월 10일 03시,토요일,전라북도 완주군 삼례읍,중상사고,0,1,1,0,차대차 - 측면충돌,신호위반,건조,맑음,교차로 - 교차로안,화물,남,50세,경상,화물,남,46세,중상
2022121000100113,2022년 12월 10일 08시,토요일,전라북도 완주군 이서면,중상사고,0,2,1,0,차대차 - 추돌,기타,기타,안개,단일로 - 기타,승용,남,25세,중상,건설기계,남,55세,경상
2022121000100134,2022년 12월 10일 09시,토요일,전라북도 진안군 안천면,사망사고,1,0,0,0,차량단독 - 도로외이탈 - 추락,중앙선침범,건조,맑음,단일로 - 기타,건설기계,남,57세,사망,,,,
2022121000100151,2022년 12월 10일 10시,토요일,전라북도 익산시 모현동1가,경상사고,0,0,2,0,차대차 - 기타,안전운전불이행,건조,맑음,교차로 - 교차로부근,승용,여,45세,상해없음,승용,여,49세,경상
2022121000100152,2022년 12월 10일 10시,토요일,전라북도 정읍시 연지동,경상사고,0,0,1,0,차대차 - 기타,신호위반,건조,맑음,교차로 - 교차로안,화물,남,76세,상해없음,화물,남,54세,경상
2022121000100261,2022년 12월 10일 13시,토요일,전라북도 정읍시 연지동,중상사고,0,1,0,0,차대차 - 기타,신호위반,건조,맑음,교차로 - 교차로안,이륜,남,87세,중상,화물,남,34세,상해없음
2022121000100292,2022년 12월 10일 14시,토요일,전라북도 장수군 번암면,경상사고,0,0,1,0,차대차 - 기타,중앙선침범,건조,맑음,단일로 - 기타,승용,여,66세,상해없음,농기계,남,56세,경상
2022121000100331,2022년 12월 10일 16시,토요일,전라북도 군산시 지곡동,경상사고,0,0,1,0,차대차 - 측면충돌,안전운전불이행,건조,맑음,교차로 - 교차로안,승용,여,42세,경상,승용,남,54세,상해없음
2022121000100414,2022년 12월 10일 18시,토요일,전라북도 전주시 완산구 서신동,중상사고,0,1,0,0,차대사람 - 기타,기타,건조,맑음,단일로 - 기타,승합,여,56세,상해없음,보행자,여,15세,중상
2022121000100415,2022년 12월 10일 18시,토요일,전라북도 남원시 쌍교동,중상사고,0,1,0,0,차대차 - 측면충돌,안전운전불이행,건조,맑음,단일로 - 기타,승용,남,49세,상해없음,이륜,여,43세,중상
2022121000100475,2022년 12월 10일 20시,토요일,전라북도 군산시 미장동,경상사고,0,0,1,0,차대차 - 측면충돌,안전운전불이행,건조,맑음,교차로 - 교차로부근,승용,여,52세,상해없음,승용,남,37세,경상
2022121000100476,2022년 12월 10일 20시,토요일,전라북도 남원시 동충동,경상사고,0,0,2,0,차대차 - 측면충돌,직진우회전진행방해,건조,맑음,교차로 - 교차로안,승용,남,22세,경상,승용,여,30세,경상
2022121100100070,2022년 12월 11일 08시,일요일,전라북도 완주군 봉동읍,경상사고,0,0,2,0,차대차 - 측면충돌,신호위반,건조,맑음,교차로 - 교차로안,승용,여,55세,상해없음,승용,남,26세,경상
2022121100100082,2022년 12월 11일 09시,일요일,전라북도 전주시 완산구 삼천동1가,중상사고,0,1,0,0,차대차 - 측면충돌,안전운전불이행,건조,맑음,교차로 - 교차로안,승용,남,55세,상해없음,개인형이동수단(PM),남,21세,중상
2022121100100122,2022년 12월 11일 11시,일요일,전라북도 익산시 남중동,경상사고,0,0,1,0,차대차 - 기타,안전운전불이행,건조,맑음,교차로 - 교차로부근,화물,여,58세,상해없음,승용,남,47세,경상
2022121100100146,2022년 12월 11일 12시,일요일,전라북도 전주시 덕진구 여의동2가,경상사고,0,0,1,0,차대사람 - 기타,안전운전불이행,건조,맑음,교차로 - 교차로부근,화물,남,26세,상해없음,보행자,남,37세,경상
2022121100100179,2022년 12월 11일 13시,일요일,전라북도 익산시 평화동,사망사고,1,0,0,0,차대사람 - 차도통행중,안전운전불이행,건조,맑음,교차로 - 교차로부근,승합,남,61세,상해없음,보행자,여,84세,사망
2022121100100212,2022년 12월 11일 14시,일요일,전라북도 전주시 완산구 효자동2가,경상사고,0,0,1,0,차대차 - 측면충돌,안전운전불이행,건조,맑음,교차로 - 교차로안,승용,여,56세,상해없음,승용,남,47세,경상
2022121100100213,2022년 12월 11일 14시,일요일,전라북도 군산시 조촌동,중상사고,0,1,0,0,차대차 - 측면충돌,차로위반,건조,맑음,교차로 - 교차로부근,승용,여,42세,상해없음,이륜,남,41세,중상
2022121100100337,2022년 12월 11일 18시,일요일,전라북도 정읍시 공평동,사망사고,1,0,0,0,차량단독 - 기타,안전운전불이행,건조,맑음,단일로 - 기타,자전거,남,69세,사망,,,,
2022121100100338,2022년 12월 11일 18시,일요일,전라북도 남원시 조산동,경상사고,0,0,3,0,차대차 - 기타,안전운전불이행,건조,맑음,교차로 - 교차로안,화물,남,53세,상해없음,승용,남,34세,경상
2022121100100376,2022년 12월 11일 19시,일요일,전라북도 군산시 중앙로3가,경상사고,0,0,1,0,차대차 - 측면충돌,직진우회전진행방해,건조,맑음,교차로 - 교차로안,승용,남,60세,상해없음,이륜,남,29세,경상
2022121200100105,2022년 12월 12일 09시,월요일,전라북도 군산시 나운동,경상사고,0,0,1,0,차대차 - 정면충돌,안전거리미확보,건조,맑음,단일로 - 기타,승용,여,49세,상해없음,승용,남,33세,경상
2022121200100159,2022년 12월 12일 11시,월요일,전라북도 익산시 부송동,경상사고,0,0,2,0,차대차 - 측면충돌,기타,건조,맑음,교차로 - 교차로안,승용,남,29세,경상,승용,남,56세,경상
2022121200100160,2022년 12월 12일 11시,월요일,전라북도 김제시 성덕면,경상사고,0,0,2,0,차대차 - 측면충돌,중앙선침범,건조,맑음,단일로 - 기타,승용,여,65세,상해없음,승용,남,66세,경상
2022121200100161,2022년 12월 12일 11시,월요일,전라북도 완주군 상관면,사망사고,1,0,1,0,차대차 - 추돌,안전운전불이행,건조,맑음,단일로 - 기타,화물,남,68세,사망,화물,남,38세,경상
2022121200100192,2022년 12월 12일 12시,월요일,전라북도 순창군 순창읍,중상사고,0,1,0,0,차대사람 - 횡단중,안전운전불이행,건조,흐림,단일로 - 기타,승합,남,55세,상해없음,보행자,여,78세,중상
2022121200100249,2022년 12월 12일 14시,월요일,전라북도 고창군 고창읍,중상사고,0,1,0,0,차대차 - 기타,기타,건조,흐림,기타 - 기타,승용,여,69세,상해없음,승용,기타불명,미분류,기타불명
2022121200100278,2022년 12월 12일 15시,월요일,전라북도 익산시 영등동,중상사고,0,2,2,0,차대차 - 정면충돌,안전운전불이행,건조,맑음,단일로 - 기타,화물,남,65세,상해없음,승용,남,34세,경상
2022121200100360,2022년 12월 12일 17시,월요일,전라북도 전주시 완산구 평화동2가,경상사고,0,0,1,0,차대차 - 측면충돌,안전운전불이행,건조,맑음,교차로 - 교차로부근,승용,남,23세,상해없음,승용,남,41세,경상
2022121200100361,2022년 12월 12일 17시,월요일,전라북도 군산시 나운동,중상사고,0,1,0,0,차대차 - 측면충돌,안전운전불이행,젖음/습기,맑음,교차로 - 교차로부근,승용,여,49세,상해없음,자전거,남,62세,중상
2022121200100362,2022년 12월 12일 17시,월요일,전라북도 익산시 영등동,중상사고,0,2,0,0,차대차 - 추돌,안전운전불이행,건조,맑음,단일로 - 기타,승용,여,52세,상해없음,화물,남,52세,중상
2022121200100429,2022년 12월 12일 18시,월요일,전라북도 군산시 미룡동,중상사고,0,1,0,0,차대차 - 측면충돌,기타,건조,맑음,교차로 - 교차로안,승용,남,33세,상해없음,승용,남,27세,중상
2022121200100430,2022년 12월 12일 18시,월요일,전라북도 정읍시 수성동,경상사고,0,0,1,0,차대차 - 기타,안전운전불이행,젖음/습기,비,교차로 - 교차로안,승용,남,24세,상해없음,이륜,남,48세,경상
2022121200100431,2022년 12월 12일 18시,월요일,전라북도 정읍시 수성동,경상사고,0,0,1,0,차대차 - 측면충돌,안전운전불이행,건조,맑음,단일로 - 기타,승용,남,56세,상해없음,승용,남,66세,경상
2022121200100432,2022년 12월 12일 18시,월요일,전라북도 정읍시 북면,중상사고,0,1,0,0,차대차 - 측면충돌,차로위반,건조,맑음,단일로 - 기타,승용,여,40세,상해없음,승용,남,29세,중상
2022121200100486,2022년 12월 12일 19시,월요일,전라북도 전주시 완산구 중화산동2가,경상사고,0,0,2,0,차대차 - 기타,안전운전불이행,건조,맑음,교차로 - 교차로안,승용,여,46세,상해없음,승용,남,26세,경상
2022121200100523,2022년 12월 12일 20시,월요일,전라북도 전주시 완산구 서신동,경상사고,0,0,1,0,차대차 - 측면충돌,신호위반,젖음/습기,비,교차로 - 교차로안,승용,남,62세,상해없음,승용,남,46세,경상
2022121200100524,2022년 12월 12일 20시,월요일,전라북도 군산시 나운동,중상사고,0,1,0,0,차대사람 - 기타,안전운전불이행,젖음/습기,비,주차장 - 주차장,승용,남,60세,상해없음,보행자,여,80세,중상
2022121200100525,2022년 12월 12일 20시,월요일,전라북도 익산시 영등동,중상사고,0,1,0,0,차대차 - 측면충돌,안전운전불이행,젖음/습기,비,교차로 - 교차로안,승용,남,66세,기타불명,이륜,남,41세,중상
2022121200100526,2022년 12월 12일 20시,월요일,전라북도 부안군 보안면,사망사고,1,0,0,0,차량단독 - 기타,안전운전불이행,젖음/습기,비,단일로 - 기타,승용,남,69세,사망,,,,
2022121200100549,2022년 12월 12일 21시,월요일,전라북도 정읍시 시기동,중상사고,0,1,0,0,차대차 - 기타,안전운전불이행,젖음/습기,비,교차로 - 교차로부근,화물,남,62세,상해없음,자전거,남,64세,중상
2022121300100033,2022년 12월 13일 05시,화요일,전라북도 전주시 완산구 중화산동2가,경상사고,0,0,2,0,차대차 - 추돌,안전운전불이행,건조,맑음,단일로 - 기타,승용,여,31세,상해없음,승용,남,34세,경상
2022121300100034,2022년 12월 13일 05시,화요일,전라북도 전주시 덕진구 송천동2가,중상사고,0,1,0,0,차대차 - 측면충돌,기타,건조,맑음,단일로 - 기타,화물,남,54세,상해없음,자전거,여,66세,중상
2022121300100072,2022년 12월 13일 07시,화요일,전라북도 전주시 덕진구 금암동,경상사고,0,0,1,0,차대차 - 측면충돌,차로위반,건조,맑음,단일로 - 기타,승용,남,60세,상해없음,승용,남,53세,상해없음
2022121300100125,2022년 12월 13일 09시,화요일,전라북도 전주시 완산구 서노송동,사망사고,1,0,0,0,차대사람 - 길가장자리구역통행중,안전운전불이행,건조,흐림,기타 - 기타,승용,남,74세,상해없음,보행자,여,87세,사망
2022121300100149,2022년 12월 13일 10시,화요일,전라북도 전주시 덕진구 인후동1가,경상사고,0,0,1,0,차대사람 - 기타,안전운전불이행,건조,맑음,단일로 - 기타,승용,여,55세,상해없음,보행자,남,22세,경상
2022121300100185,2022년 12월 13일 11시,화요일,전라북도 순창군 순창읍,중상사고,0,1,0,1,차량단독 - 기타,안전운전불이행,건조,맑음,단일로 - 기타,화물,여,31세,부상신고,,,,
2022121300100186,2022년 12월 13일 11시,화요일,전라북도 완주군 삼례읍,부상신고사고,0,0,0,1,차대차 - 기타,안전운전불이행,건조,맑음,기타 - 기타,승용,여,59세,상해없음,이륜,남,29세,부상신고
2022121300100211,2022년 12월 13일 12시,화요일,전라북도 전주시 덕진구 송천동2가,경상사고,0,0,2,0,차대차 - 측면충돌,안전운전불이행,건조,맑음,단일로 - 기타,승용,여,33세,상해없음,승용,남,54세,경상
2022121300100263,2022년 12월 13일 14시,화요일,전라북도 정읍시 신태인읍,경상사고,0,0,1,0,차대사람 - 횡단중,중앙선침범,건조,맑음,교차로 - 교차로부근,승용,남,77세,상해없음,보행자,여,79세,경상
2022121300100293,2022년 12월 13일 15시,화요일,전라북도 군산시 삼학동,경상사고,0,0,1,0,차대차 - 기타,안전운전불이행,기타,흐림,교차로 - 교차로안,승용,여,72세,상해없음,자전거,남,81세,경상
2022121300100319,2022년 12월 13일 16시,화요일,전라북도 익산시 영등동,경상사고,0,0,1,0,차대사람 - 횡단중,보행자보호의무위반,건조,맑음,교차로 - 교차로부근,승용,남,51세,상해없음,보행자,남,8세,경상
2022121300100320,2022년 12월 13일 16시,화요일,전라북도 정읍시 시기동,경상사고,0,0,2,0,차대차 - 측면충돌,신호위반,건조,맑음,교차로 - 교차로안,화물,남,49세,상해없음,승합,여,44세,경상
2022121300100321,2022년 12월 13일 16시,화요일,전라북도 완주군 봉동읍,경상사고,0,0,2,0,차대차 - 기타,안전운전불이행,건조,맑음,단일로 - 기타,승용,남,26세,상해없음,승용,남,74세,경상
2022121300100408,2022년 12월 13일 18시,화요일,전라북도 군산시 조촌동,경상사고,0,0,1,0,차대사람 - 차도통행중,안전운전불이행,건조,맑음,단일로 - 지하차도(도로)내,승용,여,39세,상해없음,보행자,여,48세,경상
2022121300100409,2022년 12월 13일 18시,화요일,전라북도 익산시 남중동,경상사고,0,0,1,0,차대사람 - 횡단중,중앙선침범,건조,흐림,교차로 - 교차로부근,화물,남,66세,상해없음,보행자,여,44세,경상
2022121300100410,2022년 12월 13일 18시,화요일,전라북도 정읍시 칠보면,사망사고,1,0,0,0,차대사람 - 기타,안전운전불이행,젖음/습기,비,단일로 - 기타,승용,남,64세,상해없음,보행자,남,68세,사망