사고번호,사고일시,요일,시군구,사고내용,사망자수,중상자수,경상자수,부상신고자수,사고유형,법규위반,노면상태,기상상태,도로형태,가해운전자 차종,가해운전자 성별,가해운전자 연령,가해운전자 상해정도,피해운전자 차종,피해운전자 성별,피해운전자 연령,피해운전자 상해정도
2022121300100411,2022년 12월 13일 18시,화요일,전라북도 정읍시 시기동,중상사고,0,1,0,0,차대차 - 정면충돌,안전운전불이행,건조,맑음,교차로 - 교차로안,승용,여,47세,상해없음,승용,남,32세,중상
2022121300100449,2022년 12월 13일 19시,화요일,전라북도 정읍시 연지동,경상사고,0,0,2,0,차대사람 - 횡단중,안전운전불이행,젖음/습기,눈,교차로 - 교차로안,승용,남,67세,상해없음,보행자,여,16세,경상
2022121300100542,2022년 12월 13일 23시,화요일,전라북도 전주시 덕진구 팔복동2가,경상사고,0,0,1,0,차대차 - 측면충돌,신호위반,적설,눈,교차로 - 교차로안,승용,남,46세,상해없음,승용,남,22세,경상
2022121400100006,2022년 12월 14일 00시,수요일,전라북도 전주시 완산구 고사동,경상사고,0,0,1,0,차대차 - 추돌,직진우회전진행방해,서리/결빙,맑음,교차로 - 교차로안,승용,남,63세,상해없음,승용,남,53세,경상
2022121400100024,2022년 12월 14일 03시,수요일,전라북도 익산시 영등동,중상사고,0,1,0,0,차량단독 - 공작물충돌,안전운전불이행,서리/결빙,눈,단일로 - 기타,승용,남,30세,중상,,,,
2022121400100045,2022년 12월 14일 06시,수요일,전라북도 전주시 덕진구 우아동3가,경상사고,0,0,1,0,차대사람 - 횡단중,보행자보호의무위반,서리/결빙,눈,교차로 - 교차로안,승용,남,64세,상해없음,보행자,여,65세,경상
2022121400100046,2022년 12월 14일 06시,수요일,전라북도 군산시 산북동,경상사고,0,0,2,0,차대차 - 측면충돌,신호위반,서리/결빙,눈,교차로 - 교차로안,승용,남,25세,경상,승합,남,57세,경상
2022121400100105,2022년 12월 14일 08시,수요일,전라북도 군산시 개정면,중상사고,0,2,1,0,차대차 - 추돌,안전운전불이행,서리/결빙,흐림,단일로 - 기타,승용,여,25세,중상,승용,여,25세,경상
2022121400100156,2022년 12월 14일 09시,수요일,전라북도 군산시 임피면,경상사고,0,0,1,0,차대차 - 추돌,안전운전불이행,서리/결빙,흐림,단일로 - 기타,특수,남,37세,상해없음,화물,남,44세,경상
2022121400100335,2022년 12월 14일 14시,수요일,전라북도 완주군 봉동읍,중상사고,0,1,0,0,차대차 - 기타,교차로운행방법위반,서리/결빙,기타,교차로 - 교차로안,승합,남,54세,상해없음,이륜,남,41세,중상
2022121400100412,2022년 12월 14일 16시,수요일,전라북도 전주시 덕진구 송천동1가,경상사고,0,0,1,0,차대사람 - 차도통행중,안전운전불이행,건조,맑음,단일로 - 기타,승합,남,36세,상해없음,보행자,여,64세,경상
2022121400100467,2022년 12월 14일 17시,수요일,전라북도 전주시 덕진구 진북동,경상사고,0,0,1,0,차대차 - 측면충돌,신호위반,건조,맑음,교차로 - 교차로안,승용,여,64세,상해없음,승용,남,28세,경상
2022121400100468,2022년 12월 14일 17시,수요일,전라북도 고창군 아산면,중상사고,0,1,0,0,차대차 - 추돌,안전운전불이행,젖음/습기,맑음,교차로 - 교차로부근,화물,남,80세,상해없음,승용,여,68세,중상
2022121400100526,2022년 12월 14일 18시,수요일,전라북도 전주시 덕진구 덕진동1가,중상사고,0,1,0,0,차대사람 - 횡단중,기타,건조,맑음,단일로 - 기타,승용,남,33세,상해없음,보행자,여,27세,중상
2022121400100527,2022년 12월 14일 18시,수요일,전라북도 전주시 덕진구 송천동1가,경상사고,0,0,1,0,차대차 - 측면충돌,안전운전불이행,건조,맑음,교차로 - 교차로안,승용,남,51세,상해없음,자전거,남,9세,경상
2022121400100528,2022년 12월 14일 18시,수요일,전라북도 전주시 덕진구 송천동2가,경상사고,0,0,1,0,차대차 - 측면충돌,교차로운행방법위반,건조,맑음,교차로 - 교차로부근,화물,남,54세,상해없음,승용,남,73세,경상
2022121400100529,2022년 12월 14일 18시,수요일,전라북도 남원시 대산면,중상사고,0,2,0,0,차대차 - 정면충돌,중앙선침범,건조,맑음,단일로 - 기타,승용,여,55세,상해없음,승용,남,23세,중상
2022121400100530,2022년 12월 14일 18시,수요일,전라북도 순창군 순창읍,경상사고,0,0,1,1,차대차 - 측면충돌,직진우회전진행방해,건조,맑음,교차로 - 교차로안,승용,여,48세,부상신고,승용,여,53세,경상
2022121400100579,2022년 12월 14일 19시,수요일,전라북도 전주시 덕진구 호성동1가,중상사고,0,1,0,0,차대사람 - 횡단중,신호위반,건조,맑음,단일로 - 기타,승용,남,47세,상해없음,보행자,남,66세,중상
2022121400100645,2022년 12월 14일 21시,수요일,전라북도 군산시 조촌동,중상사고,0,1,3,0,차대차 - 측면충돌,중앙선침범,건조,맑음,단일로 - 기타,이륜,남,56세,중상,승용,남,55세,경상
2022121500100033,2022년 12월 15일 03시,목요일,전라북도 정읍시 수성동,경상사고,0,0,1,0,차대차 - 측면충돌,안전운전불이행,건조,맑음,교차로 - 교차로안,승용,남,53세,상해없음,승용,남,41세,경상
2022121500100121,2022년 12월 15일 08시,목요일,전라북도 김제시 금산면,중상사고,0,1,0,0,차대사람 - 기타,안전운전불이행,서리/결빙,맑음,단일로 - 기타,승합,남,57세,상해없음,보행자,여,80세,중상
2022121500100143,2022년 12월 15일 09시,목요일,전라북도 정읍시 연지동,중상사고,0,1,0,0,차대차 - 기타,불법유턴,건조,맑음,단일로 - 기타,자전거,남,63세,중상,승용,여,70세,상해없음
2022121500100224,2022년 12월 15일 12시,목요일,전라북도 익산시 신동,경상사고,0,0,1,0,차대사람 - 기타,안전운전불이행,건조,맑음,단일로 - 기타,승용,남,56세,상해없음,보행자,남,27세,경상
2022121500100262,2022년 12월 15일 13시,목요일,전라북도 익산시 영등동,경상사고,0,0,1,0,차대차 - 측면충돌,안전운전불이행,건조,맑음,단일로 - 기타,승용,여,45세,상해없음,자전거,여,55세,경상
2022121500100263,2022년 12월 15일 13시,목요일,전라북도 익산시 남중동,경상사고,0,0,1,0,차대차 - 측면충돌,안전운전불이행,건조,맑음,교차로 - 교차로안,승용,남,60세,상해없음,승용,남,49세,경상
2022121500100264,2022년 12월 15일 13시,목요일,전라북도 정읍시 수성동,경상사고,0,0,1,0,차대사람 - 횡단중,보행자보호의무위반,건조,맑음,교차로 - 교차로횡단보도내,승용,여,42세,상해없음,보행자,남,32세,경상
2022121500100304,2022년 12월 15일 14시,목요일,전라북도 정읍시 시기동,경상사고,0,0,1,0,차대차 - 기타,직진우회전진행방해,건조,맑음,교차로 - 교차로안,원동기,남,21세,상해없음,자전거,남,79세,경상
2022121500100346,2022년 12월 15일 15시,목요일,전라북도 전주시 덕진구 인후동1가,경상사고,0,0,1,0,차대차 - 측면충돌,신호위반,건조,맑음,교차로 - 교차로안,화물,남,62세,상해없음,승용,여,56세,경상
2022121500100381,2022년 12월 15일 16시,목요일,전라북도 전주시 완산구 효자동1가,경상사고,0,0,1,0,차대사람 - 기타,안전운전불이행,건조,맑음,단일로 - 기타,승용,남,69세,상해없음,보행자,여,52세,경상
2022121500100415,2022년 12월 15일 17시,목요일,전라북도 전주시 덕진구 여의동,중상사고,0,1,0,0,차대사람 - 횡단중,보행자보호의무위반,건조,흐림,단일로 - 기타,승용,남,37세,상해없음,보행자,남,11세,중상
2022121500100416,2022년 12월 15일 17시,목요일,전라북도 군산시 미장동,경상사고,0,0,1,0,차대사람 - 차도통행중,안전운전불이행,젖음/습기,비,교차로 - 교차로안,승용,남,40세,상해없음,보행자,여,61세,경상
2022121500100417,2022년 12월 15일 17시,목요일,전라북도 군산시 조촌동,경상사고,0,0,1,0,차대차 - 정면충돌,신호위반,젖음/습기,비,교차로 - 교차로안,승용,남,22세,상해없음,화물,남,61세,경상
2022121500100418,2022년 12월 15일 17시,목요일,전라북도 군산시 미장동,중상사고,0,1,0,0,차대사람 - 횡단중,보행자보호의무위반,젖음/습기,비,교차로 - 교차로안,승용,여,60세,상해없음,보행자,여,61세,중상
2022121500100457,2022년 12월 15일 18시,목요일,전라북도 전주시 덕진구 송천동2가,경상사고,0,0,2,0,차대차 - 추돌,안전운전불이행,건조,맑음,교차로 - 교차로부근,승합,남,74세,상해없음,승용,여,49세,경상
2022121500100487,2022년 12월 15일 19시,목요일,전라북도 전주시 덕진구 송천동2가,경상사고,0,0,1,0,차대차 - 측면충돌,안전운전불이행,젖음/습기,비,교차로 - 교차로안,승용,남,22세,상해없음,이륜,남,40세,경상
2022121500100488,2022년 12월 15일 19시,목요일,전라북도 익산시 영등동,경상사고,0,0,1,0,차대차 - 기타,교차로운행방법위반,젖음/습기,비,교차로 - 교차로안,승용,남,31세,상해없음,이륜,남,45세,경상
2022121500100489,2022년 12월 15일 19시,목요일,전라북도 남원시 금동,경상사고,0,0,4,0,차대차 - 추돌,안전운전불이행,건조,맑음,단일로 - 기타,승용,남,62세,상해없음,승용,여,40세,경상
2022121600100005,2022년 12월 16일 00시,금요일,전라북도 익산시 주현동,경상사고,0,0,1,0,차대차 - 기타,불법유턴,건조,맑음,기타 - 기타,승용,남,69세,상해없음,원동기,남,41세,경상
2022121600100006,2022년 12월 16일 00시,금요일,전라북도 김제시 검산동,중상사고,0,1,1,0,차대차 - 측면충돌,교차로운행방법위반,젖음/습기,맑음,교차로 - 교차로안,승용,남,67세,상해없음,승용,여,63세,중상
2022121600100068,2022년 12월 16일 07시,금요일,전라북도 군산시 조촌동,부상신고사고,0,0,0,1,차대차 - 측면충돌,안전운전불이행,젖음/습기,흐림,교차로 - 교차로안,자전거,남,24세,부상신고,승용,남,65세,상해없음
2022121600100139,2022년 12월 16일 09시,금요일,전라북도 완주군 비봉면,중상사고,0,4,0,0,차대차 - 측면충돌,안전운전불이행,건조,맑음,단일로 - 기타,승합,남,72세,상해없음,화물,기타불명,미분류,기타불명
2022121600100194,2022년 12월 16일 11시,금요일,전라북도 군산시 나운동,중상사고,0,1,0,0,차대사람 - 횡단중,안전운전불이행,건조,맑음,단일로 - 기타,승용,남,76세,상해없음,보행자,여,79세,중상
2022121600100256,2022년 12월 16일 13시,금요일,전라북도 순창군 순창읍,중상사고,0,1,2,0,차대차 - 측면충돌,안전운전불이행,건조,맑음,교차로 - 교차로안,화물,여,61세,경상,화물,남,74세,경상
2022121600100350,2022년 12월 16일 16시,금요일,전라북도 부안군 부안읍,경상사고,0,0,3,0,차대차 - 측면충돌,안전운전불이행,건조,맑음,교차로 - 교차로안,승용,남,74세,상해없음,승용,남,33세,경상
2022121600100389,2022년 12월 16일 17시,금요일,전라북도 완주군 구이면,중상사고,0,1,0,0,차대차 - 기타,직진우회전진행방해,건조,맑음,교차로 - 교차로부근,화물,남,64세,상해없음,승합,남,51세,상해없음
2022121600100446,2022년 12월 16일 18시,금요일,전라북도 전주시 덕진구 반월동,경상사고,0,0,1,0,차대차 - 측면충돌,중앙선침범,건조,맑음,단일로 - 기타,승용,여,52세,상해없음,승용,남,32세,경상
2022121600100537,2022년 12월 16일 21시,금요일,전라북도 전주시 덕진구 송천동2가,경상사고,0,0,9,0,차대차 - 추돌,안전운전불이행,건조,맑음,단일로 - 기타,승용,여,60세,상해없음,승용,남,73세,경상
2022121600100554,2022년 12월 16일 22시,금요일,전라북도 익산시 어양동,경상사고,0,0,1,0,차대차 - 측면충돌,안전운전불이행,건조,맑음,교차로 - 교차로부근,승용,여,54세,상해없음,이륜,남,41세,경상
2022121600100555,2022년 12월 16일 22시,금요일,전라북도 익산시 신흥동,경상사고,0,0,3,0,차대차 - 추돌,안전운전불이행,건조,맑음,교차로 - 교차로부근,승용,남,28세,상해없음,승용,여,41세,경상
2022121700100011,2022년 12월 17일 00시,토요일,전라북도 전주시 덕진구 우아동3가,중상사고,0,1,0,0,차량단독 - 공작물충돌,중앙선침범,건조,맑음,교차로 - 교차로부근,이륜,남,50세,상해없음,,,,
2022121700100028,2022년 12월 17일 01시,토요일,전라북도 남원시 도통동,경상사고,0,0,1,0,차대차 - 기타,신호위반,건조,맑음,교차로 - 교차로안,승용,남,25세,상해없음,승용,여,53세,경상
2022121700100060,2022년 12월 17일 05시,토요일,전라북도 완주군 이서면,경상사고,0,0,1,0,차대사람 - 기타,안전운전불이행,건조,맑음,기타 - 기타,승용,여,69세,상해없음,보행자,남,31세,경상
2022121700100116,2022년 12월 17일 09시,토요일,전라북도 전주시 덕진구 진북동,경상사고,0,0,1,0,차대차 - 측면충돌,안전운전불이행,건조,흐림,교차로 - 교차로부근,승용,남,67세,상해없음,승용,여,40세,경상
2022121700100141,2022년 12월 17일 10시,토요일,전라북도 전주시 완산구 삼천동1가,중상사고,0,1,0,0,차대사람 - 횡단중,보행자보호의무위반,건조,맑음,교차로 - 교차로횡단보도내,화물,남,51세,상해없음,보행자,여,54세,중상
2022121700100176,2022년 12월 17일 11시,토요일,전라북도 전주시 덕진구 팔복동2가,중상사고,0,1,0,0,차대차 - 측면충돌,차로위반,건조,흐림,교차로 - 교차로부근,승용,남,80세,상해없음,이륜,남,47세,중상
2022121700100177,2022년 12월 17일 11시,토요일,전라북도 군산시 나운동,경상사고,0,0,3,0,차대차 - 측면충돌,직진우회전진행방해,건조,흐림,교차로 - 교차로안,승용,남,29세,상해없음,승용,여,27세,경상
2022121700100224,2022년 12월 17일 12시,토요일,전라북도 군산시 대야면,경상사고,0,0,5,0,차대차 - 추돌,안전운전불이행,적설,눈,단일로 - 지하차도(도로)내,승용,남,42세,상해없음,승용,남,29세,경상
2022121700100298,2022년 12월 17일 14시,토요일,전라북도 김제시 봉남면,경상사고,0,0,1,0,차대차 - 정면충돌,중앙선침범,적설,눈,단일로 - 고가도로위,화물,남,69세,상해없음,화물,남,74세,경상
2022121700100327,2022년 12월 17일 15시,토요일,전라북도 전주시 완산구 서서학동,경상사고,0,0,3,0,차대차 - 추돌,안전운전불이행,적설,눈,단일로 - 기타,승용,남,61세,상해없음,승용,여,25세,경상
2022121700100328,2022년 12월 17일 15시,토요일,전라북도 전주시 덕진구 송천동1가,경상사고,0,0,1,0,차대차 - 추돌,안전운전불이행,서리/결빙,눈,교차로 - 교차로부근,화물,남,46세,상해없음,승용,여,39세,경상
2022121700100329,2022년 12월 17일 15시,토요일,전라북도 김제시 백산면,경상사고,0,0,2,0,차대차 - 추돌,안전운전불이행,적설,눈,교차로 - 교차로부근,승용,남,27세,상해없음,승합,남,49세,경상
2022121700100383,2022년 12월 17일 17시,토요일,전라북도 전주시 덕진구 호성동1가,경상사고,0,0,3,0,차대차 - 정면충돌,신호위반,서리/결빙,눈,교차로 - 교차로안,화물,남,56세,상해없음,승용,남,28세,경상
2022121700100384,2022년 12월 17일 17시,토요일,전라북도 전주시 덕진구 진북동,중상사고,0,1,0,0,차대차 - 측면충돌,신호위반,서리/결빙,눈,교차로 - 교차로횡단보도내,승용,남,38세,상해없음,자전거,남,67세,중상
2022121700100385,2022년 12월 17일 17시,토요일,전라북도 전주시 덕진구 여의동,경상사고,0,0,2,0,차대차 - 추돌,안전운전불이행,서리/결빙,눈,교차로 - 교차로부근,승용,남,38세,상해없음,승용,남,41세,경상
2022121700100386,2022년 12월 17일 17시,토요일,전라북도 전주시 덕진구 장동,경상사고,0,0,2,0,차대차 - 측면충돌,중앙선침범,서리/결빙,눈,교차로 - 교차로부근,승용,남,52세,상해없음,승용,남,38세,경상
2022121700100387,2022년 12월 17일 17시,토요일,전라북도 전주시 덕진구 금암동,경상사고,0,0,1,0,차대차 - 측면충돌,안전운전불이행,서리/결빙,눈,단일로 - 기타,승합,남,48세,상해없음,승용,여,27세,경상
2022121700100489,2022년 12월 17일 20시,토요일,전라북도 순창군 팔덕면,부상신고사고,0,0,0,1,차량단독 - 전도전복 - 전복,안전운전불이행,적설,눈,교차로 - 교차로부근,승용,남,57세,부상신고,,,,
2022121700100551,2022년 12월 17일 23시,토요일,전라북도 전주시 완산구 중화산동2가,경상사고,0,0,1,0,차대차 - 추돌,안전운전불이행,서리/결빙,흐림,교차로 - 교차로안,승용,남,63세,상해없음,승용,여,31세,경상
2022121800100011,2022년 12월 18일 00시,일요일,전라북도 전주시 완산구 중화산동2가,경상사고,0,0,3,0,차대차 - 정면충돌,신호위반,적설,눈,교차로 - 교차로안,승용,남,33세,상해없음,승용,남,55세,경상
2022121800100043,2022년 12월 18일 02시,일요일,전라북도 군산시 산북동,부상신고사고,0,0,0,1,차대사람 - 차도통행중,안전운전불이행,서리/결빙,눈,단일로 - 기타,승용,남,34세,기타불명,보행자,남,20세,부상신고
2022121800100073,2022년 12월 18일 08시,일요일,전라북도 고창군 고수면,경상사고,0,0,2,0,차대차 - 기타,안전운전불이행,적설,흐림,단일로 - 기타,승용,남,50세,상해없음,승용,남,60세,경상
2022121800100082,2022년 12월 18일 09시,일요일,전라북도 군산시 영화동,경상사고,0,0,1,1,차대차 - 측면충돌,안전운전불이행,적설,눈,교차로 - 교차로부근,승용,여,24세,상해없음,승용,남,66세,부상신고
2022121800100236,2022년 12월 18일 15시,일요일,전라북도 군산시 문화동,경상사고,0,0,1,0,차대차 - 추돌,안전운전불이행,적설,맑음,교차로 - 교차로부근,화물,남,69세,기타불명,이륜,남,38세,경상
2022121800100283,2022년 12월 18일 17시,일요일,전라북도 전주시 완산구 효자동3가,경상사고,0,0,1,0,차대차 - 추돌,안전운전불이행,적설,눈,교차로 - 교차로부근,승용,남,43세,상해없음,승용,여,43세,경상
2022121800100398,2022년 12월 18일 21시,일요일,전라북도 전주시 덕진구 송천동2가,경상사고,0,0,1,0,차대차 - 추돌,안전운전불이행,해빙,맑음,교차로 - 교차로부근,승용,남,54세,상해없음,승용,여,51세,경상
2022121900100072,2022년 12월 19일 07시,월요일,전라북도 남원시 죽항동,경상사고,0,0,1,0,차대사람 - 횡단중,신호위반,건조,맑음,교차로 - 교차로안,화물,남,47세,상해없음,보행자,남,66세,경상
2022121900100106,2022년 12월 19일 08시,월요일,전라북도 익산시 신동,중상사고,0,1,1,0,차대차 - 측면충돌,신호위반,건조,맑음,교차로 - 교차로안,승용,남,63세,상해없음,승용,여,32세,경상
2022121900100193,2022년 12월 19일 11시,월요일,전라북도 전주시 완산구 효자동1가,경상사고,0,0,1,0,차대차 - 추돌,안전운전불이행,서리/결빙,맑음,교차로 - 교차로부근,승용,남,62세,상해없음,승용,여,65세,경상
2022121900100194,2022년 12월 19일 11시,월요일,전라북도 익산시 갈산동,경상사고,0,0,1,0,차대차 - 측면충돌,안전운전불이행,건조,맑음,단일로 - 기타,승용,남,63세,상해없음,승용,남,49세,상해없음
2022121900100195,2022년 12월 19일 11시,월요일,전라북도 무주군 적상면,중상사고,0,1,1,0,차량단독 - 공작물충돌,안전운전불이행,건조,맑음,단일로 - 지하차도(도로)내,승용,남,83세,경상,,,,
2022121900100234,2022년 12월 19일 12시,월요일,전라북도 전주시 완산구 서신동,경상사고,0,0,1,0,차대차 - 기타,안전운전불이행,서리/결빙,맑음,단일로 - 기타,화물,남,57세,상해없음,이륜,남,41세,경상
2022121900100306,2022년 12월 19일 14시,월요일,전라북도 전주시 완산구 서서학동,경상사고,0,0,2,0,차대차 - 측면충돌,안전운전불이행,서리/결빙,맑음,단일로 - 기타,승용,여,67세,상해없음,승용,여,34세,경상
2022121900100307,2022년 12월 19일 14시,월요일,전라북도 김제시 검산동,경상사고,0,0,1,0,차대차 - 측면충돌,신호위반,젖음/습기,눈,교차로 - 교차로안,화물,여,49세,상해없음,승용,여,70세,경상
2022121900100334,2022년 12월 19일 15시,월요일,전라북도 군산시 신영동,경상사고,0,0,2,0,차대차 - 측면충돌,교차로운행방법위반,건조,맑음,교차로 - 교차로안,승용,여,63세,상해없음,승용,남,68세,경상
2022121900100401,2022년 12월 19일 17시,월요일,전라북도 전주시 완산구 평화동1가,중상사고,0,1,0,0,차대사람 - 횡단중,안전운전불이행,건조,맑음,교차로 - 교차로부근,화물,남,68세,상해없음,보행자,여,82세,중상
2022121900100479,2022년 12월 19일 19시,월요일,전라북도 정읍시 수성동,경상사고,0,0,1,0,차대차 - 측면충돌,안전운전불이행,적설,흐림,단일로 - 기타,승용,남,56세,상해없음,승용,여,27세,경상
2022121900100506,2022년 12월 19일 20시,월요일,전라북도 전주시 완산구 평화동2가,경상사고,0,0,1,0,차대사람 - 기타,신호위반,건조,맑음,교차로 - 교차로횡단보도내,승용,남,37세,상해없음,보행자,여,62세,경상
2022121900100507,2022년 12월 19일 20시,월요일,전라북도 군산시 개사동,경상사고,0,0,1,0,차대차 - 추돌,안전운전불이행,기타,맑음,단일로 - 기타,승용,남,31세,상해없음,승용,남,54세,경상
2022121900100535,2022년 12월 19일 21시,월요일,전라북도 김제시 요촌동,중상사고,0,1,1,0,차대차 - 측면충돌,기타,젖음/습기,흐림,교차로 - 교차로안,승용,남,22세,상해없음,승용,남,31세,중상
2022121900100566,2022년 12월 19일 23시,월요일,전라북도 전주시 덕진구 송천동2가,경상사고,0,0,1,0,차대차 - 추돌,안전운전불이행,건조,맑음,교차로 - 교차로부근,승용,남,36세,상해없음,승용,남,49세,상해없음
2022121900100567,2022년 12월 19일 23시,월요일,전라북도 정읍시 수성동,경상사고,0,0,2,0,차대차 - 측면충돌,안전운전불이행,서리/결빙,흐림,교차로 - 교차로안,화물,남,50세,상해없음,승용,여,39세,경상
2022122000100047,2022년 12월 20일 06시,화요일,전라북도 전주시 완산구 중화산동1가,경상사고,0,0,1,0,차대차 - 기타,불법유턴,젖음/습기,눈,교차로 - 교차로횡단보도내,자전거,남,66세,상해없음,승용,남,65세,상해없음
2022122000100048,2022년 12월 20일 06시,화요일,전라북도 남원시 인월면,경상사고,0,0,1,0,차대차 - 측면충돌,안전운전불이행,서리/결빙,눈,교차로 - 교차로안,화물,남,54세,상해없음,승용,여,41세,경상
2022122000100145,2022년 12월 20일 09시,화요일,전라북도 김제시 용지면,경상사고,0,0,1,0,차대차 - 측면충돌,신호위반,건조,맑음,교차로 - 교차로안,화물,남,59세,상해없음,화물,남,69세,상해없음
2022122000100146,2022년 12월 20일 09시,화요일,전라북도 남원시 고죽동,중상사고,0,1,0,0,차대사람 - 차도통행중,안전운전불이행,건조,맑음,교차로 - 교차로안,승용,여,47세,상해없음,보행자,여,75세,중상
2022122000100147,2022년 12월 20일 09시,화요일,전라북도 완주군 봉동읍,사망사고,1,0,2,0,차대차 - 기타,신호위반,건조,맑음,교차로 - 교차로안,승용,남,27세,경상,승용,남,48세,경상
2022122000100184,2022년 12월 20일 10시,화요일,전라북도 임실군 임실읍,경상사고,0,0,1,0,차대사람 - 길가장자리구역통행중,안전운전불이행,건조,맑음,단일로 - 지하차도(도로)내,화물,남,73세,상해없음,보행자,남,62세,경상
2022122000100257,2022년 12월 20일 12시,화요일,전라북도 완주군 봉동읍,경상사고,0,0,1,0,차대차 - 기타,기타,건조,맑음,단일로 - 기타,승용,여,49세,상해없음,승용,여,50세,경상
2022122000100371,2022년 12월 20일 15시,화요일,전라북도 전주시 덕진구 송천동1가,경상사고,0,0,1,0,차대차 - 측면충돌,신호위반,건조,맑음,교차로 - 교차로안,승용,남,65세,상해없음,승용,남,73세,경상
2022122000100457,2022년 12월 20일 17시,화요일,전라북도 전주시 완산구 서완산동1가,경상사고,0,0,1,0,차대차 - 추돌,안전운전불이행,건조,맑음,단일로 - 교량,승용,남,62세,상해없음,승용,남,54세,경상
2022122000100506,2022년 12월 20일 18시,화요일,전라북도 전주시 완산구 삼천동1가,경상사고,0,0,1,0,차대사람 - 횡단중,안전운전불이행,건조,맑음,교차로 - 교차로부근,승용,여,27세,상해없음,보행자,여,43세,경상
2022122000100507,2022년 12월 20일 18시,화요일,전라북도 익산시 남중동,경상사고,0,0,4,0,차대차 - 추돌,안전운전불이행,건조,맑음,교차로 - 교차로부근,화물,남,39세,상해없음,승합,남,72세,경상
2022122000100559,2022년 12월 20일 19시,화요일,전라북도 전주시 덕진구 인후동2가,경상사고,0,0,1,0,차대차 - 추돌,안전거리미확보,건조,맑음,교차로 - 교차로안,승용,남,69세,상해없음,승용,남,67세,경상
2022122000100639,2022년 12월 20일 22시,화요일,전라북도 전주시 완산구 서신동,경상사고,0,0,2,0,차대차 - 측면충돌,신호위반,건조,맑음,교차로 - 교차로안,승용,여,63세,상해없음,승용,남,53세,경상
2022122000100640,2022년 12월 20일 22시,화요일,전라북도 전주시 덕진구 금암동,중상사고,0,2,0,0,차대사람 - 횡단중,안전운전불이행,기타,맑음,기타 - 기타,화물,남,36세,중상,보행자,여,51세,중상
2022122100100130,2022년 12월 21일 08시,수요일,전라북도 남원시 고죽동,중상사고,0,1,1,0,차대차 - 기타,안전운전불이행,젖음/습기,비,단일로 - 기타,승용,남,42세,중상,승용,남,37세,경상
2022122100100224,2022년 12월 21일 11시,수요일,전라북도 익산시 어양동,사망사고,1,0,0,0,차대사람 - 횡단중,안전운전불이행,젖음/습기,비,교차로 - 교차로안,승합,남,41세,상해없음,보행자,남,81세,사망
2022122100100293,2022년 12월 21일 15시,수요일,전라북도 전주시 완산구 중화산동1가,경상사고,0,0,1,0,차대사람 - 횡단중,신호위반,건조,흐림,기타 - 기타,승용,여,60세,상해없음,보행자,여,48세,경상
2022122100100359,2022년 12월 21일 17시,수요일,전라북도 전주시 완산구 효자동1가,경상사고,0,0,1,0,차대차 - 추돌,안전운전불이행,젖음/습기,비,교차로 - 교차로부근,승용,남,78세,상해없음,승용,남,55세,경상
2022122100100360,2022년 12월 21일 17시,수요일,전라북도 전주시 완산구 서신동,경상사고,0,0,1,0,차대차 - 추돌,안전운전불이행,젖음/습기,비,교차로 - 교차로부근,승용,남,43세,상해없음,승용,남,33세,경상
2022122100100361,2022년 12월 21일 17시,수요일,전라북도 익산시 팔봉동,경상사고,0,0,1,0,차대차 - 후진중충돌,안전운전불이행,젖음/습기,비,교차로 - 교차로부근,화물,남,66세,상해없음,승용,남,23세,경상
2022122100100395,2022년 12월 21일 18시,수요일,전라북도 군산시 조촌동,경상사고,0,0,3,0,차대차 - 측면충돌,안전운전불이행,건조,맑음,교차로 - 교차로안,승용,남,60세,상해없음,승용,남,41세,경상
2022122200100050,2022년 12월 22일 06시,목요일,전라북도 군산시 미장동,경상사고,0,0,1,0,차대차 - 측면충돌,신호위반,서리/결빙,눈,교차로 - 교차로안,승용,남,65세,상해없음,승용,남,26세,경상
2022122200100075,2022년 12월 22일 07시,목요일,전라북도 익산시 만석동,경상사고,0,0,1,0,차대차 - 측면충돌,안전운전불이행,적설,눈,단일로 - 기타,승합,남,31세,상해없음,승용,남,61세,상해없음
2022122200100113,2022년 12월 22일 08시,목요일,전라북도 전주시 완산구 서신동,경상사고,0,0,1,0,차대차 - 추돌,안전운전불이행,서리/결빙,눈,단일로 - 기타,승용,여,46세,상해없음,승용,여,25세,경상
2022122200100114,2022년 12월 22일 08시,목요일,전라북도 군산시 서수면,경상사고,0,0,1,0,차대차 - 측면충돌,안전운전불이행,적설,눈,교차로 - 교차로안,승용,남,31세,상해없음,승용,남,56세,경상
2022122200100115,2022년 12월 22일 08시,목요일,전라북도 임실군 강진면,경상사고,0,0,1,0,차대차 - 추돌,중앙선침범,적설,눈,단일로 - 기타,승합,남,51세,상해없음,승합,남,45세,경상
2022122200100140,2022년 12월 22일 09시,목요일,전라북도 전주시 덕진구 금암동,중상사고,0,1,0,0,차대사람 - 횡단중,안전운전불이행,젖음/습기,눈,교차로 - 교차로부근,승용,남,26세,상해없음,보행자,여,26세,중상
2022122200100184,2022년 12월 22일 11시,목요일,전라북도 부안군 부안읍,경상사고,0,0,1,0,차대차 - 추돌,안전운전불이행,젖음/습기,눈,단일로 - 지하차도(도로)내,승용,남,57세,상해없음,승용,남,54세,경상